recipe_id,recipe_name,cuisine,meal_type,calories,protein_g,carbs_g,fat_g,ingredients,source
1,Chicken Biryani,Pakistani,lunch,500.0,,,,"Chicken, Rice, Yogurt, Onion, Garlic, Ginger, Biryani Masala, Oil, Salt",pakistani
2,Aloo Keema,Pakistani,dinner,350.0,,,,"Minced Meat, Potatoes, Onion, Tomato, Ginger, Garlic, Spices, Oil, Salt",pakistani
3,Halwa Puri,Pakistani,breakfast,600.0,,,,"Flour, Semolina, Sugar, Oil, Water, Chickpeas, Spices",pakistani
4,Chicken Karahi,Pakistani,lunch,450.0,,,,"Chicken, Tomato, Garlic, Ginger, Green Chilies, Spices, Oil",pakistani
5,Nihari,Pakistani,dinner,700.0,,,,"Beef Shank, Flour, Onion, Nihari Masala, Ginger, Garlic, Oil",pakistani
6,Chana Chaat,Pakistani,snack,250.0,,,,"Chickpeas, Onion, Tomato, Green Chili, Lemon Juice, Chaat Masala, Salt",pakistani
7,Seekh Kabab,Pakistani,dinner,300.0,,,,"Minced Meat, Onion, Garlic, Ginger, Green Chili, Spices, Oil",pakistani
8,Saag,Pakistani,lunch,400.0,,,,"Spinach, Mustard Greens, Cornmeal, Green Chili, Garlic, Ginger, Salt",pakistani
9,Shami Kabab,Pakistani,snack,270.0,,,,"Minced Meat, Chana Dal, Onion, Garlic, Ginger, Spices, Egg",pakistani
10,Haleem,Pakistani,dinner,650.0,,,,"Wheat, Meat, Lentils, Onion, Ginger, Garlic, Spices, Oil",pakistani
11,Samosa,Pakistani,snack,300.0,,,,"Flour, Potatoes, Peas, Spices, Oil, Water",pakistani
12,Kofta Curry,Pakistani,lunch,500.0,,,,"Minced Meat, Onion, Spices, Tomato, Yogurt, Garlic, Ginger",pakistani
13,Tikka Boti,Pakistani,dinner,400.0,,,,"Boneless Chicken, Yogurt, Spices, Lemon Juice, Oil",pakistani
14,Bhindi Masala,Pakistani,lunch,200.0,,,,"Okra, Onion, Tomato, Spices, Oil, Garlic",pakistani
15,Gajar Ka Halwa,Pakistani,dessert,450.0,,,,"Carrots, Milk, Sugar, Ghee, Cardamom, Nuts",pakistani
16,Daal Chawal,Pakistani,lunch,350.0,,,,"Lentils, Rice, Onion, Tomato, Garlic, Spices, Oil",pakistani
17,Karela Gosht,Pakistani,lunch,400.0,,,,"Bitter Gourd, Meat, Onion, Tomato, Spices, Oil",pakistani
18,Anda Curry,Pakistani,dinner,300.0,,,,"Eggs, Tomato, Onion, Garlic, Spices, Oil",pakistani
19,Zarda,Pakistani,dessert,420.0,,,,"Rice, Sugar, Food Color, Dry Fruits, Cardamom, Ghee",pakistani
20,Kheer,Pakistani,dessert,380.0,,,,"Milk, Rice, Sugar, Cardamom, Nuts",pakistani
21,Palak Paneer,Pakistani,lunch,350.0,,,,"Spinach, Paneer, Tomato, Onion, Spices, Garlic",pakistani
22,Chapli Kabab,Pakistani,dinner,400.0,,,,"Minced Meat, Tomato, Onion, Spices, Egg, Cornmeal",pakistani
23,Mutton Pulao,Pakistani,lunch,550.0,,,,"Mutton, Rice, Whole Spices, Onion, Garlic, Ginger, Yogurt",pakistani
24,Pakora,Pakistani,snack,300.0,,,,"Gram Flour, Onion, Potato, Green Chili, Spices, Water, Oil",pakistani
25,Raita,Pakistani,side,100.0,,,,"Yogurt, Cucumber, Mint, Salt, Roasted Cumin",pakistani
26,Hot Tea (Garam Chai),Indian,unknown,16.14,0.39,2.58,0.53,,indian_nutrition
27,Instant Coffee,Indian,unknown,23.16,0.64,3.65,0.75,,indian_nutrition
28,Espreso Coffee,Indian,unknown,51.54,1.75,6.62,2.14,,indian_nutrition
29,Iced Tea,Indian,unknown,10.34,0.03,2.7,0.01,,indian_nutrition
30,Raw Mango Drink (Aam Panna),Indian,unknown,35.92,0.16,9.05,0.03,,indian_nutrition
31,Fruit Punch (With Fresh Juices),Indian,unknown,36.12,0.14,9.38,0.03,,indian_nutrition
32,Fruit Punch (With Squashes),Indian,unknown,23.13,0.07,5.99,0.02,,indian_nutrition
33,Lemonade,Indian,unknown,20.8,0.03,5.48,0.01,,indian_nutrition
34,Lem-O-Gin,Indian,unknown,21.52,0.08,5.55,0.03,,indian_nutrition
35,Cumin Infused Water (Jeere/Zeere Ka Pani),Indian,unknown,9.09,0.17,1.86,0.11,,indian_nutrition
36,Coco Pine Cooler,Indian,unknown,32.75,0.56,5.72,1.0,,indian_nutrition
37,Summer Cooler,Indian,unknown,22.43,0.37,5.43,0.04,,indian_nutrition
38,Hot Cocoa,Indian,unknown,90.1,3.36,9.23,4.56,,indian_nutrition
39,Cold Coffee With Ice Cream,Indian,unknown,67.85,1.57,11.24,2.11,,indian_nutrition
40,Banana Milkshake (Kele Milkshake),Indian,unknown,65.31,1.84,9.15,2.37,,indian_nutrition
41,Mango Milkshake (Aam Milkshake),Indian,unknown,56.9,1.73,7.23,2.35,,indian_nutrition
42,Pineapple Milkshake (Ananas Milkshake),Indian,unknown,55.72,1.66,7.62,2.23,,indian_nutrition
43,Orange Milkshake (Narangi Milkshake),Indian,unknown,57.42,1.86,7.11,2.52,,indian_nutrition
44,Egg Nog,Indian,unknown,97.14,4.78,8.15,5.11,,indian_nutrition
45,Sweet Lassi (Meethi Lassi),Indian,unknown,35.66,1.29,6.51,0.68,,indian_nutrition
46,Lassi (Salted),Indian,unknown,18.84,1.35,1.86,0.72,,indian_nutrition
47,Cheese And Chilli Sandwich,Indian,unknown,218.11,6.8,27.4,9.78,,indian_nutrition
48,Egg Sandwich (Ande Ka Sandwich),Indian,unknown,285.96,8.69,29.16,15.8,,indian_nutrition
49,Cucumber Sandwich (Kheere Ka Sandwich),Indian,unknown,188.6,4.8,25.77,8.0,,indian_nutrition
50,Cheese And Pineapple Sandwich (Cheese Aur Ananas Ka Sandwich),Indian,unknown,257.71,8.2,29.1,12.8,,indian_nutrition
51,Cheese And Tomato Sandwich (Cheese Aur Tamatar Ke Sandwich),Indian,unknown,243.32,7.92,26.92,12.27,,indian_nutrition
52,Chicken Sandwich,Indian,unknown,253.27,13.12,25.38,11.75,,indian_nutrition
53,Peanut And Tomato Sandwich (Moongfali Aur Tamatar Ka Sandwich),Indian,unknown,291.43,9.53,28.54,16.14,,indian_nutrition
54,Rainbow Sandwich,Indian,unknown,272.75,7.75,34.26,12.54,,indian_nutrition
55,Club Sandwich,Indian,unknown,235.32,7.31,18.51,15.12,,indian_nutrition
56,Vegetarian Club Sandwich,Indian,unknown,198.33,5.45,19.68,11.33,,indian_nutrition
57,Pin Wheel Sandwich,Indian,unknown,311.52,8.77,14.0,24.93,,indian_nutrition
58,Carrot Apple Sandwich (Gajar Aur Seb Ka Sandwich),Indian,unknown,214.11,5.3,29.04,9.12,,indian_nutrition
59,Salami Sandwich,Indian,unknown,255.59,8.7,21.54,15.51,,indian_nutrition
60,Vegetable And Mayonnaise Sandwich,Indian,unknown,244.26,4.47,23.2,15.4,,indian_nutrition
61,Egg And Tomato Sandwich (Ande Aur Tamatar Ka Sandwich),Indian,unknown,222.11,7.66,25.9,10.51,,indian_nutrition
62,Sweet Open Sandwich,Indian,unknown,244.25,4.99,39.24,8.15,,indian_nutrition
63,Mushroom And Cheese Sandwich (Toasted),Indian,unknown,227.42,7.79,21.01,13.01,,indian_nutrition
64,Cheese And Tomato Sandwich (Toasted) (Cheese Aur Tamatar Ke Sandwich (Toasted)),Indian,unknown,224.58,6.82,21.42,12.95,,indian_nutrition
65,Pea Potato Sandwich (Toasted) (Matar Aloo Ka Sandwich),Indian,unknown,164.9,4.6,25.17,5.43,,indian_nutrition
66,Paneer Pea Sandwich (Toasted) (Paneer Matar Ka Sandwich),Indian,unknown,249.56,12.4,24.05,11.98,,indian_nutrition
67,Chicken Sandwich (Toasted),Indian,unknown,167.37,12.08,18.82,5.32,,indian_nutrition
68,Pea Keema Sandwich (Toasted) (Matar Aur Keema Ka Sandwich),Indian,unknown,171.78,11.06,20.26,5.61,,indian_nutrition
69,Classic Club Sandwich,Indian,unknown,200.83,6.74,18.49,11.56,,indian_nutrition
70,Sesame Toast,Indian,unknown,495.19,1.9,11.15,49.38,,indian_nutrition
71,Cracked Wheat Porridge (Meetha Daliya),Indian,unknown,81.57,2.64,8.87,4.08,,indian_nutrition
72,Semolina Porridge (Suji/Rava Daliya),Indian,unknown,100.89,3.75,12.39,4.08,,indian_nutrition
73,Oatmeal Porridge,Indian,unknown,72.85,2.6,8.77,3.22,,indian_nutrition
74,Cornflakes With Milk,Indian,unknown,117.33,3.59,14.95,5.12,,indian_nutrition
75,Rice Flakes (Chiwda/Aval),Indian,unknown,112.44,3.62,15.57,3.99,,indian_nutrition
76,Wheat Flakes,Indian,unknown,112.44,3.62,15.57,3.99,,indian_nutrition
77,Murmura (Puffed Rice),Indian,unknown,113.32,3.62,15.67,4.04,,indian_nutrition
78,Puffed Wheat (Murmure/Moori),Indian,unknown,113.32,3.62,15.67,4.04,,indian_nutrition
79,Boiled Egg (Ubla Anda),Indian,unknown,45.35,4.43,0.12,3.04,,indian_nutrition
80,Fried Egg,Indian,unknown,223.67,11.59,0.31,19.62,,indian_nutrition
81,Poached Egg,Indian,unknown,123.87,11.98,0.37,8.19,,indian_nutrition
82,Scrambled Egg (Ande Ki Bhurji),Indian,unknown,155.97,10.29,1.35,12.21,,indian_nutrition
83,Baked Egg,Indian,unknown,218.85,11.88,15.42,12.65,,indian_nutrition
84,Plain Omelette/Omlet,Indian,unknown,272.41,9.66,0.64,25.74,,indian_nutrition
85,Stuffed Egg Omelette/Omlet,Indian,unknown,203.51,8.6,2.3,17.77,,indian_nutrition
86,Pancake,Indian,unknown,203.36,5.68,20.49,10.82,,indian_nutrition
87,Keema Pancake,Indian,unknown,176.27,9.01,9.56,11.25,,indian_nutrition
88,Vegetable Pancake,Indian,unknown,125.18,3.87,12.24,6.57,,indian_nutrition
89,Jam And Fruit Pancake,Indian,unknown,162.02,3.79,20.73,7.01,,indian_nutrition
90,Khoa And Coconut Pancake,Indian,unknown,271.98,6.98,27.32,15.29,,indian_nutrition
91,Brown Stock,Indian,unknown,21.32,1.95,0.25,1.38,,indian_nutrition
92,Vegetable Stock,Indian,unknown,17.6,0.3,0.96,1.38,,indian_nutrition
93,Chicken Stock,Indian,unknown,29.88,3.69,0.37,1.51,,indian_nutrition
94,Clear Tomato Soup (Tamatar Ka Soup),Indian,unknown,80.07,4.79,3.45,12.22,,indian_nutrition
95,Lentil Soup,Indian,unknown,31.17,9.65,3.94,11.68,,indian_nutrition
96,Chicken Consomme (Clear Chicken Soup),Indian,unknown,47.94,11.47,1.19,12.02,,indian_nutrition
97,Cream Of Tomato Soup,Indian,unknown,97.81,4.61,3.93,13.12,,indian_nutrition
98,Cream Of Green Peas Soup,Indian,unknown,127.84,7.13,6.75,14.78,,indian_nutrition
99,Cream Of Spinach Soup,Indian,unknown,100.54,5.21,3.45,13.31,,indian_nutrition
100,Cream Of Mixed Vegetable Soup,Indian,unknown,59.65,6.84,4.93,9.05,,indian_nutrition
101,Cream Of Mushroom Soup,Indian,unknown,117.28,6.64,3.74,15.5,,indian_nutrition
102,Chicken Sweet Corn Soup,Indian,unknown,28.32,14.48,1.63,12.59,,indian_nutrition
103,Minestrone Soup,Indian,unknown,42.66,9.3,3.71,11.09,,indian_nutrition
104,Egg Drop Soup,Indian,unknown,26.64,12.93,1.1,13.52,,indian_nutrition
105,Chinese Cabbage And Meat Ball Soup,Indian,unknown,484.31,5.21,1.43,56.57,,indian_nutrition
106,French Onion Soup,Indian,unknown,55.61,11.41,4.28,14.39,,indian_nutrition
107,Hot And Sour Soup,Indian,unknown,31.51,3.12,1.78,1.31,,indian_nutrition
108,Talaumein Soup,Indian,unknown,35.63,10.12,4.17,12.78,,indian_nutrition
109,Cold Cucumber Soup (Thanda Kheere Ka Soup),Indian,unknown,48.03,2.99,4.58,1.99,,indian_nutrition
110,Cold Summer Garden Soup,Indian,unknown,49.19,8.57,2.65,14.08,,indian_nutrition
111,Chapati/Roti,Indian,unknown,202.31,5.88,35.65,3.56,,indian_nutrition
112,Plain Parantha/Paratha,Indian,unknown,298.3,5.06,30.69,16.86,,indian_nutrition
113,Potato Parantha/Paratha (Aloo Ka Parantha/Paratha),Indian,unknown,205.04,3.7,23.92,10.22,,indian_nutrition
114,Radish Parantha/Paratha (Mooli Ka Parantha/Paratha),Indian,unknown,183.52,3.3,20.54,9.53,,indian_nutrition
115,Cauliflower Parantha/Paratha (Phoolgobhi Ka Parantha/Paratha),Indian,unknown,178.07,3.73,18.84,9.47,,indian_nutrition
116,Dal Parantha/Paratha,Indian,unknown,268.24,6.78,30.03,13.05,,indian_nutrition
117,Sprouted Moong Parantha/Paratha,Indian,unknown,228.59,4.29,24.31,12.43,,indian_nutrition
118,Pea Parantha/Paratha (Matar Ka Parantha/Paratha),Indian,unknown,190.73,5.59,21.51,8.8,,indian_nutrition
119,Keema Parantha/Paratha,Indian,unknown,238.09,9.41,18.36,13.91,,indian_nutrition
120,Paneer Parantha/Paratha,Indian,unknown,262.97,7.98,24.33,14.62,,indian_nutrition
121,Besan And Spinach Parantha/Paratha (Besan Aur Palak Ka Parantha/Paratha),Indian,unknown,216.49,5.54,21.39,12.09,,indian_nutrition
122,Poori,Indian,unknown,737.63,1.35,8.22,77.61,,indian_nutrition
123,Spinach Poori (Palak Poori),Indian,unknown,684.25,1.42,7.76,71.86,,indian_nutrition
124,Methi Poori,Indian,unknown,710.02,1.45,7.98,74.6,,indian_nutrition
125,Dal Stuffed Poori,Indian,unknown,785.16,2.08,10.14,81.69,,indian_nutrition
126,Potato Stuffed Poori (Aloo Ki Poori),Indian,unknown,776.74,1.52,9.4,81.35,,indian_nutrition
127,Tandoori Parantha/Paratha,Indian,unknown,295.37,5.08,30.74,16.51,,indian_nutrition
128,Boiled Rice (Uble Chawal),Indian,unknown,117.19,2.6,25.72,0.18,,indian_nutrition
129,Plain Pulao,Indian,unknown,140.21,2.34,21.82,4.62,,indian_nutrition
130,Mixed Vegetable Pulao,Indian,unknown,113.05,2.72,17.49,3.33,,indian_nutrition
131,Mushroom Pulao,Indian,unknown,124.29,2.52,19.02,4.03,,indian_nutrition
132,Sprouted Moong Pulao,Indian,unknown,112.97,2.19,17.49,3.61,,indian_nutrition
133,Paneer Pulao,Indian,unknown,581.91,1.98,8.76,59.81,,indian_nutrition
134,Peanut Pulao,Indian,unknown,193.28,5.32,21.18,9.51,,indian_nutrition
135,Navratan Pulao,Indian,unknown,261.71,6.2,36.98,9.45,,indian_nutrition
136,Green Chickpeas Pulao (Choliya Pulao/Hare Chane Ka Pulao),Indian,unknown,173.43,4.88,27.57,4.82,,indian_nutrition
137,Mutton Biryani/Biriyani,Indian,unknown,190.76,7.38,22.5,7.72,,indian_nutrition
138,Vegetable Biryani/Biriyani,Indian,unknown,174.61,3.16,18.56,9.51,,indian_nutrition
139,"Lemon Rice (Pulihora, Elumichai Sadam, Chitranna)",Indian,unknown,176.3,4.26,21.62,7.88,,indian_nutrition
140,Sweet Rice (Meethe Chawal),Indian,unknown,215.41,2.1,42.59,4.57,,indian_nutrition
141,Curd Rice (Dahi Bhaat/Dahi Chawal/ Perugu Annam/Daddojanam/Thayir Saadam),Indian,unknown,195.74,5.75,32.93,4.32,,indian_nutrition
142,Tamarind Rice (Chintapandu Pulihora/Puliyodharai/Puli Sadam/Huli Anna),Indian,unknown,373.04,7.45,65.08,8.53,,indian_nutrition
143,Spanish Rice,Indian,unknown,164.24,4.19,31.1,2.23,,indian_nutrition
144,Chinese Fried Rice,Indian,unknown,120.58,4.05,13.4,5.43,,indian_nutrition
145,Macroni Cheese Pie,Indian,unknown,170.63,5.85,21.1,7.48,,indian_nutrition
146,Vegetable Chowmein,Indian,unknown,129.71,3.07,15.44,6.36,,indian_nutrition
147,Chicken Chowmein,Indian,unknown,151.33,6.33,13.3,8.23,,indian_nutrition
148,Cheese Noodle Ring,Indian,unknown,133.67,6.22,13.96,6.12,,indian_nutrition
149,Spaghetti And Cheese Balls In Tomato Sauce,Indian,unknown,508.32,2.41,7.82,52.08,,indian_nutrition
150,Penne Platter,Indian,unknown,177.4,5.04,20.87,8.71,,indian_nutrition
151,Pasta Hot Pot,Indian,unknown,125.17,5.84,11.6,6.47,,indian_nutrition
152,Chicken Lasagne,Indian,unknown,187.49,10.45,13.9,10.36,,indian_nutrition
153,Fettuccine With Spinach Sauce,Indian,unknown,129.21,3.1,12.19,7.83,,indian_nutrition
154,Naan,Indian,unknown,286.45,8.05,51.75,4.99,,indian_nutrition
155,Bhatura,Indian,unknown,793.2,1.63,10.73,82.56,,indian_nutrition
156,Idli,Indian,unknown,137.54,4.64,28.18,0.33,,indian_nutrition
157,Masala Dosa,Indian,unknown,164.58,3.29,19.57,7.84,,indian_nutrition
158,Semolina Dosa (Suji/Rava Dosa),Indian,unknown,227.05,7.3,32.84,7.12,,indian_nutrition
159,Onion Tomato Uttapam,Indian,unknown,462.02,1.91,11.32,45.3,,indian_nutrition
160,Paneer Kaathi Roll,Indian,unknown,285.94,6.92,20.1,19.55,,indian_nutrition
161,Makki Ki Roti,Indian,unknown,263.97,3.49,24.19,16.85,,indian_nutrition
162,Washed Moong Dal (Dhuli Moong Ki Dal),Indian,unknown,50.0,2.68,5.91,1.68,,indian_nutrition
163,Washed Urad Dal (Dhuli Urad Ki Dal),Indian,unknown,61.32,2.51,5.84,2.98,,indian_nutrition
164,Split Bengal Gram With Bottle Gourd (Channa Dal With Ghiya/Lauki),Indian,unknown,73.25,2.79,7.1,3.6,,indian_nutrition
165,Dry Washed Urad,Indian,unknown,124.71,6.85,15.66,3.5,,indian_nutrition
166,Mixed Dal,Indian,unknown,61.93,2.51,5.79,3.1,,indian_nutrition
167,Whole Moong (Moong Ki Dal),Indian,unknown,53.7,2.25,5.22,2.56,,indian_nutrition
168,Whole Masoor (Masoor Ki Dal),Indian,unknown,54.05,2.28,5.37,2.52,,indian_nutrition
169,Whole Moth (Moth Ki Dal),Indian,unknown,55.0,2.01,5.74,2.62,,indian_nutrition
170,Whole Urad (Urad Ki Dal),Indian,unknown,53.8,2.21,5.05,2.62,,indian_nutrition
171,Moti Mahal Dal (Urad Rajmah Mix Dal),Indian,unknown,103.13,3.93,8.74,5.66,,indian_nutrition
172,Black Channa Curry/Bengal Gram Curry (Kale Chane Ki Curry),Indian,unknown,140.68,5.67,14.11,6.61,,indian_nutrition
173,Chickpeas Curry (Safed Channa Curry),Indian,unknown,163.43,6.1,19.98,6.84,,indian_nutrition
174,Lobia Curry,Indian,unknown,148.99,6.06,17.88,5.62,,indian_nutrition
175,Soyabean Curry,Indian,unknown,163.28,10.43,6.76,10.19,,indian_nutrition
176,Kidney Bean Curry (Rajmah Curry),Indian,unknown,143.73,5.95,16.38,5.77,,indian_nutrition
177,Sambar,Indian,unknown,96.92,3.35,10.57,4.38,,indian_nutrition
178,Besan Kadhi With Pakodies,Indian,unknown,403.35,1.64,3.56,42.59,,indian_nutrition
179,Khatta Channa,Indian,unknown,202.57,6.3,21.14,10.56,,indian_nutrition
180,Sprouted Moong Dal Chat,Indian,unknown,32.47,1.35,6.01,0.32,,indian_nutrition
181,Potato Cauliflower (Aloo Gobhi),Indian,unknown,106.18,1.9,5.99,8.13,,indian_nutrition
182,Potato Capsicum (Shimla Mirch Aloo),Indian,unknown,125.53,1.41,8.72,9.33,,indian_nutrition
183,Cabbage And Peas (Pattagobhi Aur Matar),Indian,unknown,63.88,3.24,6.24,2.64,,indian_nutrition
184,Carrot And Fenugreek Leaves (Gajar Methi),Indian,unknown,61.92,2.1,4.17,3.81,,indian_nutrition
185,Potato Fenugreek (Aloo Methi),Indian,unknown,135.15,2.25,8.47,10.04,,indian_nutrition
186,Brinjal Bhartha (Baingan Ka Bhartha),Indian,unknown,65.12,1.38,4.4,4.48,,indian_nutrition
187,Dry Potato (Sookhe Aloo),Indian,unknown,103.15,1.62,14.38,4.18,,indian_nutrition
188,Beans With Coconut (Nariyal Aur Sem/Phali; Beans Thoran),Indian,unknown,131.63,2.62,4.39,11.39,,indian_nutrition
189,Cauliflower With Coconut (Nariyal Ke Saath Phoolgobhi),Indian,unknown,132.11,2.64,3.99,11.56,,indian_nutrition
190,Carrot And Cabbage With Coconut (Nariyal Ke Saath Pattagobhi Aur Gajar),Indian,unknown,106.61,1.82,4.99,8.62,,indian_nutrition
191,Raw Turnip With Coconut,Indian,unknown,132.15,1.8,5.78,11.47,,indian_nutrition
192,Raw Papaya With Coconut (Papaya Thoran),Indian,unknown,132.75,1.54,5.58,11.42,,indian_nutrition
193,Stuffed Okra (Bharwa Bhindi),Indian,unknown,94.34,2.08,3.85,7.66,,indian_nutrition
194,Stuffed Round Gourd (Bharwa Tinde),Indian,unknown,72.8,1.1,4.02,5.75,,indian_nutrition
195,Stuffed Capsicum (Bharwa Shimla Mirch),Indian,unknown,90.94,1.34,8.26,5.7,,indian_nutrition
196,Stuffed Brinjal (Bharwa Baingan),Indian,unknown,93.0,1.53,3.96,7.73,,indian_nutrition
197,Stuffed Tomatoes (Bharwa Tamatar),Indian,unknown,93.35,3.28,6.19,6.06,,indian_nutrition
198,Pea Potato Curry (Aloo Matar),Indian,unknown,100.92,3.48,9.74,5.13,,indian_nutrition
199,Pea Paneer Curry (Matar Paneer),Indian,unknown,134.83,6.61,9.29,7.75,,indian_nutrition
200,Pea Mushroom Curry (Matar Mushroom),Indian,unknown,93.3,3.87,7.41,5.16,,indian_nutrition
201,Pea Curry (Matar Ki Sabzi),Indian,unknown,102.99,4.51,9.2,5.11,,indian_nutrition
202,Pea Vadi Curry,Indian,unknown,101.95,4.64,8.9,5.08,,indian_nutrition
203,Paneer Curry,Indian,unknown,176.52,7.8,8.4,12.38,,indian_nutrition
204,Lotus Stem Curry (Kamal Kakdi Curry),Indian,unknown,110.34,1.53,9.24,7.25,,indian_nutrition
205,Gravy For Kofta,Indian,unknown,125.59,1.75,6.31,10.35,,indian_nutrition
206,Pea Kofta Curry (Matar Kofta Curry),Indian,unknown,595.66,2.01,4.17,63.39,,indian_nutrition
207,Spinach Kofta Curry (Palak Kofta Curry),Indian,unknown,571.78,1.09,3.56,61.49,,indian_nutrition
208,Paneer Kofta Curry,Indian,unknown,670.91,2.39,3.27,72.06,,indian_nutrition
209,Lotus Stem Kofta Curry (Kamal Kakdi Kofta Curry),Indian,unknown,633.56,0.96,5.01,67.76,,indian_nutrition
210,Raw Banana Kofta Curry (Kela Kofta Curry),Indian,unknown,627.27,0.62,3.4,67.98,,indian_nutrition
211,Cauliflower Kofta Curry (Phoolgobhi Kofta Curry),Indian,unknown,641.1,1.04,2.62,69.62,,indian_nutrition
212,Cabbage Kofta Curry (Pattagobhi Kofta Curry),Indian,unknown,639.81,0.98,2.87,69.4,,indian_nutrition
213,Ghiya/Lauki Kofta Curry,Indian,unknown,638.71,0.89,2.71,69.4,,indian_nutrition
214,Spinach Paneer Kofta Curry (Palak Paneer Kofta Curry),Indian,unknown,606.03,1.43,2.94,65.41,,indian_nutrition
215,Vegetarian Egg Kofta Curry,Indian,unknown,627.41,1.33,4.26,67.24,,indian_nutrition
216,Baked Vegetables,Indian,unknown,88.99,3.67,8.44,4.44,,indian_nutrition
217,Cauliflower Musallam (Phoolgobhi Musallam),Indian,unknown,58.83,1.89,4.48,3.55,,indian_nutrition
218,Baked Vegetables With Spinach,Indian,unknown,77.79,3.22,6.93,4.03,,indian_nutrition
219,Baked Potato With Skin,Indian,unknown,135.77,3.43,11.11,8.5,,indian_nutrition
220,Shepherd'S Pie (Vegetarian),Indian,unknown,135.63,5.04,12.03,7.3,,indian_nutrition
221,Baked Brinjal In Tomato Sauce,Indian,unknown,38.63,1.58,4.13,1.62,,indian_nutrition
222,Dum Aloo,Indian,unknown,682.33,0.7,3.33,74.01,,indian_nutrition
223,Spinach Paneer (Palak Paneer),Indian,unknown,77.68,4.03,4.43,4.76,,indian_nutrition
224,Methi Chaman,Indian,unknown,475.62,1.54,2.78,50.91,,indian_nutrition
225,Sarson Ka Saag,Indian,unknown,87.84,3.0,5.33,5.86,,indian_nutrition
226,Jackfruit Sabzi (Kathal Ki Sabzi),Indian,unknown,625.4,0.69,3.4,67.6,,indian_nutrition
227,Avial,Indian,unknown,124.56,2.46,8.47,8.94,,indian_nutrition
228,Al Yakhani,Indian,unknown,147.54,2.86,4.65,13.14,,indian_nutrition
229,Shahi Paneer,Indian,unknown,156.5,5.06,6.64,12.34,,indian_nutrition
230,Paneer In Butter Sauce,Indian,unknown,145.61,6.99,9.7,8.81,,indian_nutrition
231,Methi Malai Paneer,Indian,unknown,194.98,7.34,8.15,14.76,,indian_nutrition
232,Chilli Paneer,Indian,unknown,777.51,2.1,3.31,84.01,,indian_nutrition
233,Paneer Makhana Korma,Indian,unknown,775.82,3.24,4.63,82.76,,indian_nutrition
234,Kadhai Paneer,Indian,unknown,107.99,4.33,7.34,6.81,,indian_nutrition
235,Roghan Josh,Indian,unknown,139.59,9.56,4.93,9.02,,indian_nutrition
236,Spinach Mutton (Palak Mutton),Indian,unknown,80.32,5.74,3.45,4.71,,indian_nutrition
237,Pea Keema Curry (Matar Keema Ki Sabzi),Indian,unknown,133.0,8.43,6.24,8.14,,indian_nutrition
238,Keema Kofta Curry,Indian,unknown,154.45,9.77,5.64,10.39,,indian_nutrition
239,Kashmiri Mutton Koftas (Gushtaba),Indian,unknown,97.42,6.33,3.04,6.77,,indian_nutrition
240,Mutton Yakhni,Indian,unknown,104.13,8.27,0.84,7.7,,indian_nutrition
241,Chicken Yakhni,Indian,unknown,99.0,10.66,0.78,6.1,,indian_nutrition
242,Mutton Do Piaza,Indian,unknown,183.3,9.39,4.14,14.41,,indian_nutrition
243,Mutton Chops,Indian,unknown,663.64,4.03,1.48,71.31,,indian_nutrition
244,Shammi Kebab,Indian,unknown,685.69,4.52,3.54,72.61,,indian_nutrition
245,Scotch Egg,Indian,unknown,676.89,4.05,1.91,72.62,,indian_nutrition
246,Shepherd'S Pie (With Minced Meat),Indian,unknown,142.78,7.45,8.06,8.88,,indian_nutrition
247,Chicken Curry,Indian,unknown,129.22,11.79,3.38,7.57,,indian_nutrition
248,Tandoori Chicken,Indian,unknown,145.2,16.26,2.34,7.93,,indian_nutrition
249,Butter Chicken,Indian,unknown,137.0,10.92,3.74,8.7,,indian_nutrition
250,Chicken Kebab,Indian,unknown,729.41,3.71,1.11,78.89,,indian_nutrition
251,Chilli Chicken,Indian,unknown,198.83,9.57,2.86,16.56,,indian_nutrition
252,Fried Chicken With Tomato Sauce (Fried Chicken Tamatar Ki Chutney Kay Saath),Indian,unknown,125.03,11.48,2.51,7.61,,indian_nutrition
253,Fish Curry (Machli Curry),Indian,unknown,111.13,8.76,3.77,6.69,,indian_nutrition
254,Fried Fish (Indian Style) (Tali Hui Machli),Indian,unknown,658.54,4.35,5.4,68.88,,indian_nutrition
255,Fried Fish And Chips (English Style) (Tali Hui Machli Aur Chips),Indian,unknown,651.75,3.36,2.77,69.69,,indian_nutrition
256,Tomato Fish,Indian,unknown,489.79,2.39,3.18,51.91,,indian_nutrition
257,Baked Fish With Cheese Sauce,Indian,unknown,113.96,8.64,4.06,7.02,,indian_nutrition
258,Fish Tikka,Indian,unknown,117.33,16.0,3.91,4.15,,indian_nutrition
259,Tandoori Fish,Indian,unknown,95.98,11.19,2.37,4.64,,indian_nutrition
260,"Paneer, Apple And Pineapple Salad",Indian,unknown,95.08,3.88,8.35,5.07,,indian_nutrition
261,Russian Salad,Indian,unknown,114.83,4.26,6.5,7.84,,indian_nutrition
262,Pasta Salad,Indian,unknown,190.36,4.15,12.7,13.92,,indian_nutrition
263,Deviled Egg,Indian,unknown,98.56,4.97,2.23,7.72,,indian_nutrition
264,Hawain Salad,Indian,unknown,175.23,4.27,14.35,11.37,,indian_nutrition
265,Mixed Pulse And Vegetable Salad,Indian,unknown,83.12,4.74,13.96,0.84,,indian_nutrition
266,Sprouted Moong Salad,Indian,unknown,37.81,2.29,5.48,0.74,,indian_nutrition
267,Tossed Salad,Indian,unknown,62.96,1.02,4.95,4.22,,indian_nutrition
268,Mixed Vegetable Salad With Curd Sauce,Indian,unknown,60.28,4.23,7.03,1.5,,indian_nutrition
269,Potato Salad (Aloo Ka Salaad),Indian,unknown,89.91,1.4,11.19,4.4,,indian_nutrition
270,Waldroff Salad,Indian,unknown,141.75,1.47,11.02,10.05,,indian_nutrition
271,Coleslaw,Indian,unknown,76.71,1.24,5.59,5.32,,indian_nutrition
272,Fruit Salad (Phalon Ka Salaad),Indian,unknown,78.14,0.91,15.96,1.22,,indian_nutrition
273,Tomato Onion Raita (Tamatar Aur Pyaaz Ka Raita),Indian,unknown,59.0,3.74,7.08,1.84,,indian_nutrition
274,Peanut Raita (Mungfali Ka Raita),Indian,unknown,150.39,8.59,9.3,8.98,,indian_nutrition
275,Sprouted Moong Raita,Indian,unknown,60.89,4.62,6.13,2.19,,indian_nutrition
276,Bottle Gourd Raita (Ghiya/Lauki Ka Raita),Indian,unknown,56.31,3.98,5.76,2.07,,indian_nutrition
277,Cucumber Raita (Kheere Ka Raita),Indian,unknown,59.13,4.04,6.35,2.08,,indian_nutrition
278,Carrot And Spinach Raita (Gajar Aur Palak Ka Raita),Indian,unknown,56.83,4.0,5.83,1.99,,indian_nutrition
279,Mint Raita (Pudinay Ka Raita),Indian,unknown,77.59,5.64,7.65,2.96,,indian_nutrition
280,Potato Raita (Aloo Ka Raita),Indian,unknown,75.38,4.22,10.24,2.04,,indian_nutrition
281,Boondi Raita,Indian,unknown,687.72,2.19,3.96,73.83,,indian_nutrition
282,Sweet Raita (Meetha Raita),Indian,unknown,99.24,3.24,17.93,1.78,,indian_nutrition
283,Dahi Vadas/Dahi Bhalla,Indian,unknown,667.73,2.96,5.49,70.4,,indian_nutrition
284,Gunjia,Indian,unknown,667.34,2.98,5.68,70.28,,indian_nutrition
285,Saunth/Sonth Chutney With Tamarind/Imli,Indian,unknown,141.53,1.01,33.55,0.15,,indian_nutrition
286,Rice Kheer (Chawal Ki Kheer),Indian,unknown,75.03,2.3,10.05,2.97,,indian_nutrition
287,Makhana Kheer,Indian,unknown,107.85,3.31,12.88,5.0,,indian_nutrition
288,Vermicelli Kheer (Semiya/Seviyan Ki Kheer),Indian,unknown,120.07,3.35,15.87,5.0,,indian_nutrition
289,Semolina Kheer (Suji/Rava Kheer),Indian,unknown,113.21,3.43,15.88,4.2,,indian_nutrition
290,Paneer Kheer,Indian,unknown,105.31,4.53,10.03,5.37,,indian_nutrition
291,Cabbage Kheer (Pattagobhi Ki Kheer),Indian,unknown,83.51,2.87,9.73,3.8,,indian_nutrition
292,Carrot Kheer (Gajar Ki Kheer),Indian,unknown,85.35,2.81,10.09,3.85,,indian_nutrition
293,Cauliflower Kheer (Phoolgobhi Ki Kheer),Indian,unknown,81.95,3.04,8.78,3.95,,indian_nutrition
294,Moong Dal Kheer,Indian,unknown,77.16,2.95,9.89,2.97,,indian_nutrition
295,Phirni,Indian,unknown,116.12,3.49,16.11,4.34,,indian_nutrition
296,Semolina Halwa (Suji Ka Halwa),Indian,unknown,225.65,2.16,24.67,13.38,,indian_nutrition
297,Shahi Suji Halwa,Indian,unknown,382.34,3.48,44.44,21.73,,indian_nutrition
298,Carrot Halwa (Gajar Ka Halwa),Indian,unknown,172.64,3.11,18.53,9.73,,indian_nutrition
299,Egg Halwa (Ande Ka Halwa),Indian,unknown,299.74,7.85,39.59,13.41,,indian_nutrition
300,Potato Halwa (Aloo Ka Halwa),Indian,unknown,151.66,1.53,29.18,3.48,,indian_nutrition
301,Pumpkin Halwa (Kaddu Ka Halwa),Indian,unknown,190.27,1.33,27.6,8.81,,indian_nutrition
302,Moong Dal Halwa,Indian,unknown,349.8,8.35,40.23,17.68,,indian_nutrition
303,Caramel Custard (Steamed),Indian,unknown,121.58,4.97,15.02,4.87,,indian_nutrition
304,Baked Custard,Indian,unknown,106.53,5.41,9.45,5.3,,indian_nutrition
305,Soft Custard (Stirred),Indian,unknown,109.18,5.01,11.19,5.07,,indian_nutrition
306,Chocolate Ice Cream,Indian,unknown,177.7,4.47,15.41,11.25,,indian_nutrition
307,Mango Ice Cream,Indian,unknown,125.69,3.4,11.14,7.62,,indian_nutrition
308,Fruit Ice Cream (Phalon Ka Ice Cream),Indian,unknown,171.46,4.37,16.05,10.38,,indian_nutrition
309,Caramel Ice Cream,Indian,unknown,173.52,4.31,14.81,11.15,,indian_nutrition
310,Lemon Souffle,Indian,unknown,168.51,6.95,13.43,10.02,,indian_nutrition
311,Orange Souffle,Indian,unknown,168.28,6.8,14.2,9.73,,indian_nutrition
312,Vanilla Souffle,Indian,unknown,187.85,7.71,14.78,11.19,,indian_nutrition
313,Chocolate Souffle,Indian,unknown,189.32,7.88,14.74,11.36,,indian_nutrition
314,Pineapple Souffle,Indian,unknown,196.14,8.06,15.52,11.72,,indian_nutrition
315,Apple Mousse,Indian,unknown,106.92,4.21,12.77,4.27,,indian_nutrition
316,Rich Chocolate Mousse,Indian,unknown,188.26,7.96,10.84,12.19,,indian_nutrition
317,Mango Mousse,Indian,unknown,124.98,3.21,9.14,8.47,,indian_nutrition
318,Orange And Pineapple Cream,Indian,unknown,101.18,1.44,11.96,5.43,,indian_nutrition
319,Charlotte Rousse,Indian,unknown,188.29,3.95,34.08,4.78,,indian_nutrition
320,Triffle Pudding,Indian,unknown,116.97,2.93,18.24,3.93,,indian_nutrition
321,Snow Flakes Pudding,Indian,unknown,95.21,4.67,8.07,4.97,,indian_nutrition
322,Kulfi,Indian,unknown,98.43,3.21,11.3,4.7,,indian_nutrition
323,Steamed Orange Pudding,Indian,unknown,278.03,2.34,41.53,12.04,,indian_nutrition
324,Meringue And Rice Pudding,Indian,unknown,112.93,4.84,14.6,4.05,,indian_nutrition
325,Cheese Pudding,Indian,unknown,285.01,11.29,19.27,18.37,,indian_nutrition
326,Chocolate Pudding,Indian,unknown,211.96,3.55,29.59,9.48,,indian_nutrition
327,Bread And Butter Pudding,Indian,unknown,167.94,5.59,19.63,7.88,,indian_nutrition
328,Queen Of Pudding,Indian,unknown,132.92,5.51,16.35,5.38,,indian_nutrition
329,Pineapple Upside Down Pudding,Indian,unknown,257.73,3.15,35.73,11.91,,indian_nutrition
330,Date And Nut Pie,Indian,unknown,322.42,3.93,46.86,13.31,,indian_nutrition
331,Stewed Apple With Custard,Indian,unknown,92.87,1.27,18.36,1.82,,indian_nutrition
332,Apple Snowballs,Indian,unknown,101.51,0.86,24.58,0.31,,indian_nutrition
333,Hot Orange Souffle,Indian,unknown,179.97,6.87,18.77,8.95,,indian_nutrition
334,Hot Chocolate Souffle,Indian,unknown,226.09,6.7,26.21,11.1,,indian_nutrition
335,Hot Vanilla Souffle,Indian,unknown,192.93,6.87,21.77,9.07,,indian_nutrition
336,Plain Burfi (Burfi),Indian,unknown,408.32,9.82,30.88,27.96,,indian_nutrition
337,Coconut Burfi (Nariyal Ki Burfi),Indian,unknown,467.64,8.81,32.15,34.63,,indian_nutrition
338,Bottle Gourd Burfi (Ghiya/Lauki Burfi),Indian,unknown,275.96,5.86,24.51,17.68,,indian_nutrition
339,Chocolate Burfi,Indian,unknown,339.33,13.0,33.15,17.86,,indian_nutrition
340,Cashewnut Burfi (Kaju Burfi/Kaju Katli),Indian,unknown,421.74,5.48,37.92,28.46,,indian_nutrition
341,Gram Flour Burfi (Besan Burfi),Indian,unknown,421.79,11.19,46.59,22.41,,indian_nutrition
342,Semolina Ladoo With Khoya (Suji/Rava Aur Khoye Ke Ladoo ),Indian,unknown,428.71,6.71,52.86,21.86,,indian_nutrition
343,Semolina Ladoo With Coconut (Suji/Rava Aur Nariyal Ke Ladoo ),Indian,unknown,464.43,5.68,50.9,27.03,,indian_nutrition
344,Gram Flour Ladoo (Besan Ladoo),Indian,unknown,476.91,8.93,62.61,22.76,,indian_nutrition
345,Sesame Ladoo (Til Ke Ladoo),Indian,unknown,396.96,10.7,43.5,19.64,,indian_nutrition
346,Chenna Murki,Indian,unknown,252.69,10.46,36.01,8.2,,indian_nutrition
347,Milk Cake,Indian,unknown,127.41,3.01,9.13,8.93,,indian_nutrition
348,Ghujia/Lavang Latika,Indian,unknown,768.98,1.86,13.0,78.93,,indian_nutrition
349,Gulab Jamun With Khoya,Indian,unknown,586.06,2.03,26.09,53.23,,indian_nutrition
350,Mal Pua,Indian,unknown,566.68,1.71,17.56,54.64,,indian_nutrition
351,Shahi Tukre,Indian,unknown,189.81,2.76,41.46,2.54,,indian_nutrition
352,Potato Pakora/Pakoda (Aloo Pakoda),Indian,unknown,677.19,1.9,6.04,71.84,,indian_nutrition
353,Onion Pakora/Pakoda (Pyaaz Ke Pakode),Indian,unknown,674.61,1.9,5.41,71.84,,indian_nutrition
354,Cauliflower Pakora/Pakoda (Phoolgobhi Ke Pakode),Indian,unknown,671.63,1.98,4.52,71.86,,indian_nutrition
355,Mixed Vegetable Pakora/Pakoda,Indian,unknown,673.81,1.94,5.12,71.86,,indian_nutrition
356,Spinach Pakora/Pakoda (Palak Pakoda),Indian,unknown,712.62,1.96,4.68,76.38,,indian_nutrition
357,Methi Pakora/Pakoda (Methi Ke Pakode),Indian,unknown,713.25,2.06,4.68,76.39,,indian_nutrition
358,Egg Pakora/Pakoda (Ande Ke Pakode),Indian,unknown,710.51,2.83,4.48,75.86,,indian_nutrition
359,Bread Pakora/Pakoda,Indian,unknown,710.99,2.57,8.87,74.2,,indian_nutrition
360,Paneer Pakora/Pakoda,Indian,unknown,718.12,3.27,5.52,76.05,,indian_nutrition
361,Potato Bonda (Aloo Bonda),Indian,unknown,632.84,1.09,4.53,67.8,,indian_nutrition
362,Potato Samosa (Aloo Ka Samosa),Indian,unknown,577.39,1.71,9.21,59.19,,indian_nutrition
363,Minced Meat Samosa (Keema Ka Samosa),Indian,unknown,620.99,4.43,6.14,64.26,,indian_nutrition
364,Paneer And Pea Samosa (Paneer Matar Ka Samosa),Indian,unknown,623.81,4.02,8.55,63.65,,indian_nutrition
365,Mathri,Indian,unknown,805.12,1.75,12.32,83.1,,indian_nutrition
366,Khasta Kachori,Indian,unknown,712.73,2.51,12.81,72.27,,indian_nutrition
367,Vegetable Cutlet,Indian,unknown,665.45,1.25,4.68,71.33,,indian_nutrition
368,Flattened Rice Cutlet (Chirwa Cutlet/Chivda Cutlet/Poha Cutlet),Indian,unknown,701.71,1.76,7.39,73.89,,indian_nutrition
369,Peanut Cutlet (Mungfali Ke Cutlet),Indian,unknown,698.77,2.63,5.68,74.0,,indian_nutrition
370,Fish Cutlet (Machli Ka Cutlet),Indian,unknown,654.64,2.77,3.13,70.11,,indian_nutrition
371,Paneer Potato Cutlet (Paneer Aloo Cutlet),Indian,unknown,672.94,2.47,5.23,71.4,,indian_nutrition
372,Spinach Chickpeas Cutlet (Palak Channa Dal Cutlet),Indian,unknown,688.03,1.44,4.93,73.6,,indian_nutrition
373,Cheese Toast,Indian,unknown,785.37,1.98,5.49,84.11,,indian_nutrition
374,Vegetable Burger,Indian,unknown,519.93,3.26,13.69,50.63,,indian_nutrition
375,Cheese Pizza,Indian,unknown,249.5,5.79,30.62,12.43,,indian_nutrition
376,Vegetable Seekh Kebab,Indian,unknown,690.73,1.57,5.32,73.72,,indian_nutrition
377,Masala Vada,Indian,unknown,826.02,1.69,4.06,89.15,,indian_nutrition
378,Peanut Sago Vada (Sabudana Mungfali Vada),Indian,unknown,749.89,1.01,7.14,79.82,,indian_nutrition
379,Vegeterian Scotch Egg,Indian,unknown,681.67,2.16,4.64,72.77,,indian_nutrition
380,Paneer Shaslik/Tikka,Indian,unknown,93.85,5.11,7.98,4.49,,indian_nutrition
381,Peanut Brittle (Moongfali Ki Chikki),Indian,unknown,320.46,6.94,47.46,11.13,,indian_nutrition
382,Spring Roll,Indian,unknown,623.87,1.81,8.56,64.63,,indian_nutrition
383,Dry Mango Chutney (Sookhe Aam Ki Chutney),Indian,unknown,298.13,2.43,69.17,0.7,,indian_nutrition
384,Peanut Chutney (Mungfali Ki Chutney),Indian,unknown,258.37,11.8,9.87,19.06,,indian_nutrition
385,Coconut Chutney (Nariyal Ki Chutney),Indian,unknown,265.92,3.59,8.29,25.0,,indian_nutrition
386,Mint And Coriander Chutney (Pudinay Aur Dhaniye Ki Chutney),Indian,unknown,102.6,2.81,21.18,0.51,,indian_nutrition
387,Custard Tart,Indian,unknown,225.6,3.72,28.66,10.73,,indian_nutrition
388,Lemon Tart,Indian,unknown,303.35,6.12,30.68,17.45,,indian_nutrition
389,Jam Tart,Indian,unknown,360.72,4.42,46.18,17.35,,indian_nutrition
390,Orange Cream Tart,Indian,unknown,197.16,2.58,27.43,8.72,,indian_nutrition
391,Pineapple Tart,Indian,unknown,195.4,2.29,28.62,8.21,,indian_nutrition
392,Cheese And Mushroom Tart,Indian,unknown,246.1,5.51,21.43,15.28,,indian_nutrition
393,Cottage Cheese Pie,Indian,unknown,238.98,7.45,20.66,13.83,,indian_nutrition
394,Minced Meat Pie,Indian,unknown,221.55,7.38,18.11,13.04,,indian_nutrition
395,Apple Cinnamon Pie,Indian,unknown,258.73,3.35,33.68,12.21,,indian_nutrition
396,Lemon Meringue Pie,Indian,unknown,224.43,3.88,35.11,8.16,,indian_nutrition
397,Chocolate Meringue Pie,Indian,unknown,214.76,4.98,28.8,9.17,,indian_nutrition
398,Cream Puffs,Indian,unknown,221.33,4.7,16.0,15.48,,indian_nutrition
399,Chocolate Eclairs,Indian,unknown,239.42,4.24,26.22,13.5,,indian_nutrition
400,Cheese Balls,Indian,unknown,681.28,2.21,4.81,72.57,,indian_nutrition
401,Minced Meat Patties,Indian,unknown,265.72,6.88,15.25,19.57,,indian_nutrition
402,Cheese Patties,Indian,unknown,324.01,7.38,22.23,22.67,,indian_nutrition
403,Hot Cheese Souffle,Indian,unknown,177.1,9.18,5.41,13.23,,indian_nutrition
404,Hot Potato Souffle,Indian,unknown,125.64,5.51,8.56,7.64,,indian_nutrition
405,Hot Fish Souffle,Indian,unknown,142.92,11.23,3.69,9.24,,indian_nutrition
406,Hot Spinach Souffle,Indian,unknown,104.25,5.43,4.19,7.24,,indian_nutrition
407,Plain Cream Cake,Indian,unknown,353.94,6.18,47.18,16.17,,indian_nutrition
408,Apple Cake (Seb Ka Cake),Indian,unknown,290.08,4.94,39.48,12.87,,indian_nutrition
409,Marble Cake,Indian,unknown,354.11,6.3,46.88,16.27,,indian_nutrition
410,Chocolate Cake,Indian,unknown,335.61,6.01,45.14,15.18,,indian_nutrition
411,Orange Cake,Indian,unknown,357.61,6.1,48.28,16.21,,indian_nutrition
412,Fruit Loaf,Indian,unknown,324.19,5.36,46.49,13.31,,indian_nutrition
413,Banana Cake (Kele Ka Cake),Indian,unknown,389.51,5.77,40.0,23.31,,indian_nutrition
414,Chocolate Chiffon Cake,Indian,unknown,311.71,5.76,37.87,15.8,,indian_nutrition
415,Christmas Cake,Indian,unknown,372.95,5.49,48.29,16.88,,indian_nutrition
416,Strawberry And Vanilla Cake With Butter Icing,Indian,unknown,370.54,3.89,44.25,20.39,,indian_nutrition
417,Eggless Cake,Indian,unknown,318.08,8.12,46.14,11.75,,indian_nutrition
418,Swiss Roll,Indian,unknown,251.87,7.3,48.34,3.77,,indian_nutrition
419,Pineapple Pastry,Indian,unknown,208.21,6.06,29.04,7.87,,indian_nutrition
420,Black Forest Pastry,Indian,unknown,233.55,6.09,34.48,8.46,,indian_nutrition
421,Coconut Finger,Indian,unknown,274.86,7.09,42.56,8.86,,indian_nutrition
422,Pineapple Cake,Indian,unknown,195.57,5.01,23.51,9.34,,indian_nutrition
423,Chocolate Walnut Cookies (Chocolate Aur Akhrot Ke Cookies),Indian,unknown,424.8,6.56,47.1,23.62,,indian_nutrition
424,Chocolate Chip Cookies,Indian,unknown,425.29,5.79,57.98,19.38,,indian_nutrition
425,Sweet Plain Biscuit,Indian,unknown,380.76,5.86,50.29,17.67,,indian_nutrition
426,Chocolate Biscuit,Indian,unknown,379.76,5.88,51.56,17.09,,indian_nutrition
427,Coconut Biscuit (Nariyal Ke Biscuit),Indian,unknown,434.98,5.78,42.9,27.16,,indian_nutrition
428,Sweet And Salty Biscuit (Meethay Aur Namkeen Biscuit),Indian,unknown,407.96,6.15,45.09,22.39,,indian_nutrition
429,Peanut Biscuit,Indian,unknown,401.05,8.45,46.72,20.41,,indian_nutrition
430,Pin Wheel Biscuit,Indian,unknown,404.6,5.4,54.56,18.66,,indian_nutrition
431,Saffron Biscuit (Kesar Biscuit),Indian,unknown,458.61,6.05,59.7,22.01,,indian_nutrition
432,Masala Biscuit,Indian,unknown,393.64,6.06,45.18,20.75,,indian_nutrition
433,Ice Box Cookies,Indian,unknown,374.24,5.7,56.09,14.44,,indian_nutrition
434,Ginger Bread Man,Indian,unknown,365.0,6.61,60.26,11.01,,indian_nutrition
435,Danish Cookies,Indian,unknown,475.33,5.33,58.0,24.92,,indian_nutrition
436,Short Bread Cookies,Indian,unknown,443.09,6.03,64.82,17.98,,indian_nutrition
437,Coffee Biscuit,Indian,unknown,416.57,6.9,46.55,23.0,,indian_nutrition
438,Melting Moments,Indian,unknown,437.91,5.71,55.84,21.78,,indian_nutrition
439,Ginger Biscuit (Adarak Ke Biscuit),Indian,unknown,417.91,5.98,58.44,18.31,,indian_nutrition
440,Soyabean Muthias,Indian,unknown,839.33,2.46,3.7,90.45,,indian_nutrition
441,Soyabean Tikki,Indian,unknown,698.17,3.53,4.39,74.02,,indian_nutrition
442,Soyabean Namak Paras,Indian,unknown,838.46,2.65,4.65,89.83,,indian_nutrition
443,Peanut Burfi (Moongfali Ki Burfi),Indian,unknown,550.99,9.31,48.14,36.84,,indian_nutrition
444,Spinach Peanut Namak Paras (Palak Moongfali Namak Paras),Indian,unknown,740.16,1.65,6.62,78.51,,indian_nutrition
445,Gram Flour And Semolina Chilla/Cheela/Savory Pancake (Besan Suji Chilla/Cheela),Indian,unknown,758.89,2.08,7.63,80.04,,indian_nutrition
446,Rice Moong Dal Cheela (Chawal Aur Moong Dal Ka Cheela),Indian,unknown,798.26,2.74,11.13,82.44,,indian_nutrition
447,Split Bengal Gram Sweet Rice (Channa Dal Sweet Rice),Indian,unknown,190.21,4.15,41.07,0.64,,indian_nutrition
448,Sweet Poori (Meethi Poori),Indian,unknown,782.75,2.12,14.26,79.63,,indian_nutrition
449,Wheat Flour And Moong Dal Burfi (Atta Aur Moong Dal Ki Burfi),Indian,unknown,441.08,9.84,60.0,18.41,,indian_nutrition
450,Spinach Burfi (Palak Burfi),Indian,unknown,121.17,2.71,12.76,6.81,,indian_nutrition
451,Sweet Split Chickpea Roti (Sweet Channa Dal Roti/Puranpoli),Indian,unknown,366.59,9.51,62.66,7.93,,indian_nutrition
452,Sprouted Moong Daliya,Indian,unknown,111.56,2.81,14.77,4.71,,indian_nutrition
453,Sprouted Moong Poha,Indian,unknown,192.6,5.59,26.6,6.89,,indian_nutrition
454,Pearl Millet Ladoo (Bajra Ladoo),Indian,unknown,319.66,9.61,50.98,8.06,,indian_nutrition
455,Paushtik Ladoo,Indian,unknown,485.87,7.65,60.34,24.98,,indian_nutrition
456,Paushtik Roti,Indian,unknown,149.26,7.17,26.59,1.51,,indian_nutrition
457,Semolina Carrot Vada (Suji Gajar Vada),Indian,unknown,699.53,1.56,6.52,74.07,,indian_nutrition
458,Dhokla,Indian,unknown,216.49,13.45,30.68,5.28,,indian_nutrition
459,Kashmiri Tea (Kehwa),Indian,unknown,24.9,0.17,5.23,0.51,,indian_nutrition
460,Steeped Hot Coffee,Indian,unknown,15.91,0.39,3.01,0.33,,indian_nutrition
461,Hot Chocolate,Indian,unknown,90.01,3.43,9.02,4.61,,indian_nutrition
462,Cold Coffee (With Cream),Indian,unknown,82.76,1.93,11.98,3.29,,indian_nutrition
463,Banana Milkshake With Ice Cream (Kele Ka Milkshake Ice Cream Ke Saath),Indian,unknown,76.45,2.01,11.15,2.77,,indian_nutrition
464,Flavoured Milkshake,Indian,unknown,66.78,2.06,8.65,2.83,,indian_nutrition
465,Jal Jeera,Indian,unknown,30.24,0.44,6.7,0.26,,indian_nutrition
466,Gingo,Indian,unknown,48.02,0.14,12.42,0.06,,indian_nutrition
467,Mintade,Indian,unknown,40.32,0.03,10.59,0.02,,indian_nutrition
468,Canjee,Indian,unknown,6.61,0.24,0.44,0.42,,indian_nutrition
469,Cauliflower Canjee (Phoolgobhi Ki Canjee),Indian,unknown,6.9,0.39,0.35,0.42,,indian_nutrition
470,Potato Canjee (Aloo Canjee),Indian,unknown,16.26,0.44,2.69,0.39,,indian_nutrition
471,Vermicelli Porridge (Semiya/Seviyan Porridge),Indian,unknown,78.4,2.5,10.56,2.98,,indian_nutrition
472,Semolina Upma (Suji/Rava Upma),Indian,unknown,147.89,3.3,16.31,7.49,,indian_nutrition
473,Vermicelli Upma (Semiya/Seviyan Upma),Indian,unknown,149.11,3.11,16.88,7.45,,indian_nutrition
474,Rice Upma,Indian,unknown,151.27,2.63,17.96,7.46,,indian_nutrition
475,Bread Upma,Indian,unknown,129.51,2.8,12.6,7.75,,indian_nutrition
476,Vegetable Upma,Indian,unknown,146.47,4.73,16.46,6.63,,indian_nutrition
477,Poha,Indian,unknown,294.53,6.09,35.05,14.14,,indian_nutrition
478,Vegetable Poha,Indian,unknown,180.52,4.89,21.52,8.07,,indian_nutrition
479,Moong Dal Stuffed Cheela/Chilla (Moong Dal Ka Cheela/Chilla),Indian,unknown,154.89,6.97,19.42,5.11,,indian_nutrition
480,Paneer Stuffed Cheela/Chilla,Indian,unknown,205.19,11.44,19.16,8.89,,indian_nutrition
481,Indian Style Egg Bhujia (Anda Bhujia (Indian Style)),Indian,unknown,102.83,6.1,3.76,7.02,,indian_nutrition
482,French Omelette/Omlet,Indian,unknown,211.04,10.03,0.41,18.86,,indian_nutrition
483,Puffy Omelette/Omlet,Indian,unknown,188.15,8.82,0.08,16.84,,indian_nutrition
484,Orange Omelette/Omlet,Indian,unknown,194.66,8.93,1.68,16.84,,indian_nutrition
485,Cheese And Mushroom Omelette/Omlet,Indian,unknown,205.63,9.69,1.68,17.82,,indian_nutrition
486,Spanish Omelette/Omlet,Indian,unknown,157.45,8.25,5.1,11.44,,indian_nutrition
487,Mixed Stock,Indian,unknown,25.19,2.06,0.33,1.71,,indian_nutrition
488,Meat Stock,Indian,unknown,24.48,2.1,0.0,1.78,,indian_nutrition
489,White Stock,Indian,unknown,6.99,0.07,0.4,0.56,,indian_nutrition
490,Meat Consomme (With Mutton),Indian,unknown,29.76,14.86,0.51,13.68,,indian_nutrition
491,Consomme Au Julienne,Indian,unknown,27.76,12.49,1.49,10.66,,indian_nutrition
492,Consomme Au Vermicelli,Indian,unknown,29.94,15.23,1.3,12.98,,indian_nutrition
493,Green Pea Soup (Matar Ka Soup),Indian,unknown,39.81,11.06,3.63,12.9,,indian_nutrition
494,Spinach Soup (Palak Ka Soup),Indian,unknown,32.59,10.54,3.03,14.26,,indian_nutrition
495,Mixed Vegetable Soup,Indian,unknown,35.71,8.22,2.95,11.66,,indian_nutrition
496,Cheese Soup,Indian,unknown,41.13,12.39,1.87,17.07,,indian_nutrition
497,Mulligatawny Soup,Indian,unknown,54.42,11.26,8.24,13.28,,indian_nutrition
498,Cream Of Carrot Soup,Indian,unknown,59.77,8.27,5.69,12.35,,indian_nutrition
499,Cream Of Broccoli Soup,Indian,unknown,56.14,8.97,3.72,12.75,,indian_nutrition
500,Cream Of Potato Soup,Indian,unknown,60.2,8.1,6.14,12.05,,indian_nutrition
501,Almond Soup (Badam Ka Soup),Indian,unknown,78.65,10.13,3.68,13.8,,indian_nutrition
502,Cold Cucumber Cream Soup,Indian,unknown,11.88,0.34,1.76,0.34,,indian_nutrition
503,Cold Tomato Soup,Indian,unknown,16.9,0.11,0.59,1.56,,indian_nutrition
504,Chicken Stew,Indian,unknown,127.55,7.19,4.44,8.91,,indian_nutrition
505,Veg Paneer Stew,Indian,unknown,145.55,6.98,10.22,8.41,,indian_nutrition
506,Onion-Green Chilli Parantha/Paratha (Pyaaz Aur Hari Mirch Ka Parantha/Paratha),Indian,unknown,191.27,4.37,26.37,7.27,,indian_nutrition
507,Methi Parantha/Paratha,Indian,unknown,148.36,4.27,22.19,4.34,,indian_nutrition
508,Bathua Poori,Indian,unknown,598.79,2.35,13.85,59.14,,indian_nutrition
509,Gram Flour Poori (Besan Poori),Indian,unknown,697.66,2.59,10.93,71.51,,indian_nutrition
510,Beetroot Poori (Chukandar Ki Poori),Indian,unknown,527.66,1.91,12.29,52.18,,indian_nutrition
511,Peas Poori (Matar Ki Poori),Indian,unknown,592.83,3.04,14.92,57.69,,indian_nutrition
512,Peas Kachori (Matar Kachori),Indian,unknown,584.68,3.21,13.25,57.51,,indian_nutrition
513,Pizza,Indian,unknown,146.77,6.85,9.94,8.72,,indian_nutrition
514,Bacon And Mushroom Pancake,Indian,unknown,157.67,6.82,8.47,10.6,,indian_nutrition
515,Cheese And Tomato Pancake,Indian,unknown,147.39,5.15,10.66,9.28,,indian_nutrition
516,Minced Meat Pancake (With Chicken),Indian,unknown,116.04,12.01,8.18,10.48,,indian_nutrition
517,Eggplant/Brinjal Rice (Vangi Bhat),Indian,unknown,184.8,5.28,31.74,3.67,,indian_nutrition
518,Kashmiri 'Tahar',Indian,unknown,98.21,1.95,19.11,1.37,,indian_nutrition
519,Cumin Pulao (Jeera/Zeera Pulao),Indian,unknown,135.24,2.47,23.61,3.2,,indian_nutrition
520,Peas Pulao (Matar Pulao),Indian,unknown,108.87,3.89,18.42,1.9,,indian_nutrition
521,Split Bengal Gram Dal And Vegetable Pulao (Channa Dal And Vegetable Pulao),Indian,unknown,116.53,3.6,19.72,2.3,,indian_nutrition
522,Black Channa Pulao/ Bengal Gram Pulao (Kale Chane Ka Pulao),Indian,unknown,125.51,3.44,21.55,2.58,,indian_nutrition
523,Mutton Pulao,Indian,unknown,130.77,6.52,11.26,10.78,,indian_nutrition
524,Chicken Pulao,Indian,unknown,108.24,6.07,11.17,8.48,,indian_nutrition
525,Mexican Rice,Indian,unknown,120.57,4.62,14.21,4.88,,indian_nutrition
526,Plain Khitchdi (Plain Khichri/Khichdi),Indian,unknown,57.03,1.72,10.04,1.01,,indian_nutrition
527,Instant Idli (With Semolina),Indian,unknown,247.29,9.16,43.4,3.61,,indian_nutrition
528,Plain Dosa,Indian,unknown,380.91,10.34,64.08,8.43,,indian_nutrition
529,Masala Dosa Mixed Vegetable Fillings,Indian,unknown,144.53,4.84,23.02,3.26,,indian_nutrition
530,Masala Dosa Paneer Fillings,Indian,unknown,243.12,10.31,29.76,8.84,,indian_nutrition
531,Uttapam,Indian,unknown,255.95,6.18,36.28,9.03,,indian_nutrition
532,Appam,Indian,unknown,267.7,3.12,13.28,22.63,,indian_nutrition
533,Beans And Macaroni,Indian,unknown,136.08,4.58,14.24,7.01,,indian_nutrition
534,Spaghetti Bolognese,Indian,unknown,97.43,9.35,10.04,9.51,,indian_nutrition
535,Meat And Macaroni Casserole,Indian,unknown,161.55,9.15,16.12,10.17,,indian_nutrition
536,Spaghetti With Meat Balls And Tomato Sauce,Indian,unknown,158.13,5.61,10.46,10.64,,indian_nutrition
537,Spaghetti With Paneer Balls And Tomato Sauce,Indian,unknown,158.54,3.95,12.72,10.44,,indian_nutrition
538,Lasagne With Meat Sauce,Indian,unknown,63.38,2.9,5.38,3.43,,indian_nutrition
539,Lasagne With Vegetables,Indian,unknown,49.23,1.71,5.9,2.16,,indian_nutrition
540,Home Made Egg Noodles,Indian,unknown,240.84,6.55,42.92,4.37,,indian_nutrition
541,Sour Lentils (Khatti Dal),Indian,unknown,34.79,2.22,6.04,0.12,,indian_nutrition
542,Urad Special Dehusked,Indian,unknown,69.43,3.14,8.86,2.17,,indian_nutrition
543,Arhar With Spinach (Arhar Dal Aur Palak),Indian,unknown,52.84,2.05,4.77,2.76,,indian_nutrition
544,Moong Dal With Vadi,Indian,unknown,24.08,0.4,1.0,2.05,,indian_nutrition
545,Rasam With Tamarind (Puli Rasam/ Chintapandu Rasam/ Charu/Saaru),Indian,unknown,26.74,1.13,3.37,0.88,,indian_nutrition
546,Rasam With Lemon (Nimmakaya Rasam/Nimmakaya Charu/Elumichai Rasam/Nimbe Hannina Saaru),Indian,unknown,24.41,1.11,2.85,0.87,,indian_nutrition
547,Green Gram Whole With Baghar (Sabut Moong Dal With Tadka),Indian,unknown,63.43,3.23,6.8,2.48,,indian_nutrition
548,Urad Sabut Special,Indian,unknown,79.39,2.33,5.03,5.46,,indian_nutrition
549,Kabuli Channa Curry,Indian,unknown,68.57,2.92,7.63,3.06,,indian_nutrition
550,Besan Gatte Curry,Indian,unknown,189.38,7.75,16.26,10.72,,indian_nutrition
551,Dry Masala Chops,Indian,unknown,135.07,9.08,3.3,9.54,,indian_nutrition
552,Mutton Korma,Indian,unknown,115.64,7.09,2.53,8.54,,indian_nutrition
553,Shahi Keema Kofta Curry,Indian,unknown,418.13,4.14,1.73,43.83,,indian_nutrition
554,Minced Meat Ball Curry,Indian,unknown,109.79,6.82,2.86,7.85,,indian_nutrition
555,Boti Kebab,Indian,unknown,132.86,9.22,3.06,9.27,,indian_nutrition
556,Mutton Seekh Kebab,Indian,unknown,133.94,11.25,3.11,8.43,,indian_nutrition
557,Indian Lamb And Egg Curry (Nargisi Kofta),Indian,unknown,335.75,3.84,2.07,34.7,,indian_nutrition
558,Soya Chunks Sweet And Sour (Nutrinugget Sweet And Sour),Indian,unknown,500.94,2.85,3.27,55.99,,indian_nutrition
559,Soya Chunks Korma (Nutrinugget Korma),Indian,unknown,131.43,3.86,7.67,9.5,,indian_nutrition
560,Mushroom Matar,Indian,unknown,70.77,2.79,5.33,4.11,,indian_nutrition
561,Soya Chunks And Peas (Nutrinugget Matar),Indian,unknown,82.62,3.03,5.82,5.11,,indian_nutrition
562,Vegetable Yakhni,Indian,unknown,406.06,1.18,1.94,43.8,,indian_nutrition
563,Spinach Mushroom (Palak Mushroom),Indian,unknown,47.63,1.94,2.95,2.96,,indian_nutrition
564,Vegetarian Nargisi Kofta Curry,Indian,unknown,332.15,2.29,6.58,32.94,,indian_nutrition
565,Roast Chicken,Indian,unknown,199.9,20.49,0.1,13.06,,indian_nutrition
566,Shahi Chicken Masala,Indian,unknown,163.7,9.82,4.07,12.02,,indian_nutrition
567,Tomato Chicken,Indian,unknown,111.68,10.57,2.13,6.71,,indian_nutrition
568,Creamy Chicken,Indian,unknown,152.87,13.52,3.13,9.57,,indian_nutrition
569,Broccoli Chicken Ala King,Indian,unknown,119.56,7.97,5.34,7.57,,indian_nutrition
570,Ginger Chicken,Indian,unknown,129.17,8.24,5.6,8.24,,indian_nutrition
571,Chicken Sweet And Sour,Indian,unknown,445.09,6.92,2.67,47.59,,indian_nutrition
572,Chicken Korma,Indian,unknown,147.96,9.83,5.43,9.67,,indian_nutrition
573,Bengal Fish Curry (Bengali Machli Curry),Indian,unknown,109.43,7.26,4.42,7.03,,indian_nutrition
574,Fish Finger,Indian,unknown,542.9,5.66,4.47,55.82,,indian_nutrition
575,Fish In Coconut Milk (Nariyal Ke Doodh Ke Saath Machli),Indian,unknown,86.21,8.66,2.73,4.43,,indian_nutrition
576,Prawn Curry (With Coconut) (Jhinga Curry),Indian,unknown,109.55,8.54,3.1,6.93,,indian_nutrition
577,Baked Stuffed Fish,Indian,unknown,121.96,16.14,2.12,5.43,,indian_nutrition
578,Fish Pie,Indian,unknown,120.9,9.25,7.74,5.77,,indian_nutrition
579,Crispy Baked Fish,Indian,unknown,138.4,10.95,9.59,6.41,,indian_nutrition
580,Fish Souffle,Indian,unknown,139.71,10.51,5.14,8.55,,indian_nutrition
581,Potato Curry (Aloo Ki Sabzi),Indian,unknown,89.56,1.52,10.42,4.47,,indian_nutrition
582,Egg Curry (Anda Curry),Indian,unknown,117.52,5.38,4.03,8.81,,indian_nutrition
583,Vegetable Curry With Coconut,Indian,unknown,83.07,2.77,7.19,4.66,,indian_nutrition
584,Curd With Potatoes (Dahi Aloo),Indian,unknown,59.9,1.56,7.15,2.72,,indian_nutrition
585,Potato Kofta Curry (Aloo Kofta Curry),Indian,unknown,455.4,0.56,2.78,49.08,,indian_nutrition
586,Yam Kofta Curry (Zimikand/Suran Kofta Curry),Indian,unknown,322.88,0.71,3.75,33.84,,indian_nutrition
587,Jackfruit Kofta Curry (Kathal Ka Kofta Curry),Indian,unknown,321.08,0.8,3.17,33.83,,indian_nutrition
588,Spinach And Potato (Palak Aloo),Indian,unknown,57.17,1.63,5.91,2.82,,indian_nutrition
589,Mooli Bhujia,Indian,unknown,91.2,1.69,4.74,7.25,,indian_nutrition
590,Bathua Bhujia,Indian,unknown,90.9,2.26,3.63,7.29,,indian_nutrition
591,Cabbage Rolls (Dry) ((Pattagobhi Rolls) (Dry)),Indian,unknown,142.48,8.21,6.09,9.36,,indian_nutrition
592,Cabbage Rolls (Curry) ((Pattagobhi Rolls)(Curry)),Indian,unknown,124.63,5.76,7.03,8.17,,indian_nutrition
593,Dry Arbi (Sookhi Arbi),Indian,unknown,134.95,2.12,11.11,8.97,,indian_nutrition
594,Masala Arbi,Indian,unknown,185.38,3.01,16.16,11.9,,indian_nutrition
595,Peas Brinjal Bhartha (Matar Baingan Bhartha),Indian,unknown,84.55,2.05,5.02,6.05,,indian_nutrition
596,Okra/Lady'S Fingers Fry (Bhindi Sabzi/Sabji/Subji),Indian,unknown,110.81,1.83,4.5,9.27,,indian_nutrition
597,Crispy Okra/Crispy Lady'S Fingers (Karare Bhindi),Indian,unknown,657.76,1.91,4.35,70.4,,indian_nutrition
598,Beans Foogath,Indian,unknown,105.06,2.03,3.26,9.22,,indian_nutrition
599,Stuffed Bittergourd (Wet) (Bharwa Karele),Indian,unknown,162.36,1.36,4.68,15.24,,indian_nutrition
600,Jackfruit/Kathal (Dry),Indian,unknown,488.97,0.93,4.56,51.78,,indian_nutrition
601,Yam Fried (Zimikand/Suran Fried),Indian,unknown,491.76,0.79,5.47,51.79,,indian_nutrition
602,"Cauliflower, Pea And Potato Bhujia (Phoolgobhi, Matar Aur Aloo Bhujia)",Indian,unknown,95.67,2.75,8.23,5.54,,indian_nutrition
603,Vegetable Jalfrezi,Indian,unknown,68.48,1.4,5.43,4.38,,indian_nutrition
604,Vegetables Stir Fry,Indian,unknown,30.78,1.04,3.19,1.47,,indian_nutrition
605,Broccoli Delight,Indian,unknown,40.7,2.49,2.34,2.48,,indian_nutrition
606,Dhansak (Vegetarian),Indian,unknown,82.8,3.32,7.28,4.18,,indian_nutrition
607,Cauliflower Basket,Indian,unknown,90.95,5.21,3.97,5.88,,indian_nutrition
608,Stuffed Bottle Gourd (Stuffed Ghiya/Lauki),Indian,unknown,93.19,5.84,4.36,5.8,,indian_nutrition
609,Ducheese Potato,Indian,unknown,140.54,3.6,10.94,9.01,,indian_nutrition
610,Roast Potatoes,Indian,unknown,87.32,1.53,14.52,2.35,,indian_nutrition
611,Stuffed Baked Potatoes,Indian,unknown,100.2,3.82,11.03,4.39,,indian_nutrition
612,Potato Nests,Indian,unknown,111.62,5.71,11.05,4.77,,indian_nutrition
613,Parsley Potato,Indian,unknown,119.51,1.49,13.81,6.28,,indian_nutrition
614,Creamed Spinach And Mushroom,Indian,unknown,419.62,2.28,3.17,44.14,,indian_nutrition
615,Fricassee Of Mushroom,Indian,unknown,106.66,3.65,8.13,6.63,,indian_nutrition
616,Cauliflower Au Gratin,Indian,unknown,145.9,4.45,9.13,10.2,,indian_nutrition
617,Vegetable And Cheese Pie,Indian,unknown,126.88,4.03,8.76,8.28,,indian_nutrition
618,Spinach Souffle,Indian,unknown,150.18,7.36,6.27,10.52,,indian_nutrition
619,Beetroot And Egg Salad (Chukandar Aur Ande Ka Salad),Indian,unknown,84.92,3.36,3.4,6.45,,indian_nutrition
620,Sour Cream Potato Salad,Indian,unknown,121.9,2.89,9.05,8.13,,indian_nutrition
621,Tossed Green Salad,Indian,unknown,49.88,1.33,3.82,3.24,,indian_nutrition
622,Spring Basket Salad,Indian,unknown,160.46,3.36,11.61,11.3,,indian_nutrition
623,Cucumber And Yogurt Salad (Kheere Aur Dahi Ka Salad),Indian,unknown,36.13,2.09,4.72,0.93,,indian_nutrition
624,Chicken And Tomato Towers,Indian,unknown,100.55,6.9,2.36,6.99,,indian_nutrition
625,Jellied Sunshine Fruit Salad,Indian,unknown,48.86,5.85,4.21,0.85,,indian_nutrition
626,Tomato Aspic,Indian,unknown,50.37,6.87,5.02,0.26,,indian_nutrition
627,Frozen Frosty Fruit Salad (Phalon Ka Salaad),Indian,unknown,103.51,1.68,15.61,4.17,,indian_nutrition
628,French Dressing,Indian,unknown,733.77,0.32,3.68,79.65,,indian_nutrition
629,Mayonnaise Without Eggs,Indian,unknown,329.05,2.13,3.98,33.84,,indian_nutrition
630,Curd Dressing,Indian,unknown,78.8,5.59,8.03,2.9,,indian_nutrition
631,Carrot Raita (Gajar Ka Raita),Indian,unknown,64.78,4.14,7.19,2.19,,indian_nutrition
632,Pumpkin Raita (Kaddu Ka Raita),Indian,unknown,55.6,3.74,6.02,1.88,,indian_nutrition
633,Mint And Peanut Raita (Pudinay Aur Moongfali Ka Raita),Indian,unknown,112.05,7.05,7.31,6.19,,indian_nutrition
634,Spinach Raita (Palak Ka Raita),Indian,unknown,52.75,3.95,5.06,1.86,,indian_nutrition
635,Bathua Raita,Indian,unknown,54.4,4.13,5.31,1.76,,indian_nutrition
636,Pineapple Raita (Ananas Ka Raita),Indian,unknown,67.74,3.9,8.62,2.02,,indian_nutrition
637,Banana Raita (Kele Ka Raita),Indian,unknown,89.03,4.13,13.51,2.07,,indian_nutrition
638,Mango Raita (Aam Ka Raita),Indian,unknown,67.37,3.9,8.23,2.14,,indian_nutrition
639,Guava Raita (Amarood Ka Raita),Indian,unknown,64.36,4.19,7.27,2.07,,indian_nutrition
640,Grapes Raita (Angoor Ka Raita),Indian,unknown,72.59,3.98,9.66,2.07,,indian_nutrition
641,Bottle Gourd Kheer (Ghiya/Lauki Kheer),Indian,unknown,84.07,2.7,10.0,3.86,,indian_nutrition
642,Pumpkin Kheer (Kaddu Ki Kheer),Indian,unknown,86.35,2.76,10.44,3.86,,indian_nutrition
643,Apple Kheer (Seb Ki Kheer),Indian,unknown,81.3,2.14,11.34,3.18,,indian_nutrition
644,Caramel Custard (Baked),Indian,unknown,122.7,5.11,14.95,5.01,,indian_nutrition
645,Vanilla Ice Cream Without Egg,Indian,unknown,228.67,2.69,14.21,18.15,,indian_nutrition
646,Vanilla Ice Cream With Egg,Indian,unknown,214.85,4.16,11.71,17.02,,indian_nutrition
647,Strawberry Ice Cream,Indian,unknown,215.61,4.15,12.26,16.96,,indian_nutrition
648,Chocochip Ice Cream,Indian,unknown,241.45,4.23,16.75,17.93,,indian_nutrition
649,Choconut Ice Cream,Indian,unknown,273.96,5.04,23.13,18.49,,indian_nutrition
650,Pear Chocholate Sunday,Indian,unknown,183.49,2.08,15.02,13.11,,indian_nutrition
651,Chocolate Sauce,Indian,unknown,263.2,1.91,43.21,10.39,,indian_nutrition
652,Coffee Ice Cream,Indian,unknown,150.62,3.15,14.09,9.43,,indian_nutrition
653,Coffee Pear Alaska,Indian,unknown,203.99,2.88,19.36,13.22,,indian_nutrition
654,Crunchy Butterscotch,Indian,unknown,277.32,3.11,19.92,20.99,,indian_nutrition
655,Peach Melba Ice Cream,Indian,unknown,200.85,2.06,16.31,14.51,,indian_nutrition
656,Vanilla Ice Cream With Apples In Hot Cherry Sauce,Indian,unknown,196.32,1.73,22.75,11.45,,indian_nutrition
657,Grape And Orange Whip,Indian,unknown,57.39,1.41,6.72,2.62,,indian_nutrition
658,Honey Banana Cream,Indian,unknown,125.49,2.78,13.64,6.68,,indian_nutrition
659,Raspberry Bavarian Cream,Indian,unknown,150.1,3.34,17.82,7.88,,indian_nutrition
660,Fruit Delight,Indian,unknown,107.09,2.09,9.11,7.09,,indian_nutrition
661,Creamy Chocolate Mousse,Indian,unknown,230.52,6.85,9.53,18.16,,indian_nutrition
662,Cold Lemon Souffle,Indian,unknown,169.87,5.89,15.62,9.78,,indian_nutrition
663,Cold Orange Souffle,Indian,unknown,173.19,5.94,16.27,9.82,,indian_nutrition
664,Cold Pineapple Souffle,Indian,unknown,181.22,6.23,16.85,10.39,,indian_nutrition
665,Cold Vanilla Souffle,Indian,unknown,179.54,6.22,16.29,10.32,,indian_nutrition
666,Cold Chocolate Souffle,Indian,unknown,187.53,6.37,17.22,10.86,,indian_nutrition
667,Stewed Fruit (With Pear),Indian,unknown,74.32,0.25,18.22,0.32,,indian_nutrition
668,Apricot Fool,Indian,unknown,240.79,1.54,33.64,11.35,,indian_nutrition
669,Pavlova,Indian,unknown,200.6,1.84,21.84,12.29,,indian_nutrition
670,Apple Crumb Pudding,Indian,unknown,220.85,1.54,35.17,8.87,,indian_nutrition
671,Steamed Cake With Chocolate Sauce,Indian,unknown,301.91,4.49,29.06,19.01,,indian_nutrition
672,Hot Lemon Souffle,Indian,unknown,155.25,5.29,16.31,7.93,,indian_nutrition
673,Gulab Jamun With Milk Powder,Indian,unknown,471.15,0.85,28.24,40.15,,indian_nutrition
674,Chum Chum,Indian,unknown,130.05,1.52,28.27,1.92,,indian_nutrition
675,Dil Bahar,Indian,unknown,130.05,1.52,28.27,1.92,,indian_nutrition
676,Rasbhari,Indian,unknown,130.05,1.52,28.27,1.92,,indian_nutrition
677,Rajbogh,Indian,unknown,133.7,1.71,28.16,2.28,,indian_nutrition
678,Rasgulla,Indian,unknown,118.64,1.38,25.79,1.75,,indian_nutrition
679,Rasmalai,Indian,unknown,135.55,1.61,29.17,2.11,,indian_nutrition
680,Khoa Coconut Burfi,Indian,unknown,411.45,9.98,36.55,26.01,,indian_nutrition
681,Danedar Burfi,Indian,unknown,102.68,3.24,12.33,4.72,,indian_nutrition
682,Semolina Burfi (Suji/Rava Burfi),Indian,unknown,348.67,3.47,47.1,16.86,,indian_nutrition
683,Pumpkin Coconut Burfi (Kaddu Aur Nariyal Ki Burfi),Indian,unknown,186.18,1.75,17.02,12.66,,indian_nutrition
684,Khoa Ladoo,Indian,unknown,396.02,12.21,34.43,24.09,,indian_nutrition
685,Wheat And Gram Flour Ladoo (Atta Besan Ladoo),Indian,unknown,501.7,9.38,50.5,29.86,,indian_nutrition
686,Semolina Ladoo With Nuts (Suji/Rava Ladoo With Nuts),Indian,unknown,441.84,5.44,48.02,25.45,,indian_nutrition
687,Sesame Chickpeas Brittle (Til Aur Channe Ki Chikki),Indian,unknown,282.74,8.5,50.49,4.66,,indian_nutrition
688,Murmura Chikki,Indian,unknown,253.82,2.12,59.59,0.32,,indian_nutrition
689,Masala Onion Pakora/Pakoda (Pyaaz Ke Pakode),Indian,unknown,551.64,2.05,6.48,57.61,,indian_nutrition
690,Masala Green Chilli Pakora/Pakoda (Hari Mirch Kay Pakode),Indian,unknown,668.76,2.22,5.55,71.01,,indian_nutrition
691,Chicken Pakora/Pakoda,Indian,unknown,590.09,6.03,4.55,60.98,,indian_nutrition
692,Fish Pakora/Pakoda,Indian,unknown,577.03,5.97,4.55,59.52,,indian_nutrition
693,Paneer Cutlet,Indian,unknown,672.2,4.59,7.62,69.38,,indian_nutrition
694,Sago Cutlet/Vadas (Sabudana Cutlet/Vadas),Indian,unknown,558.76,0.56,11.23,56.97,,indian_nutrition
695,Poshtik Cutlet,Indian,unknown,496.45,2.0,7.39,50.94,,indian_nutrition
696,Egg Cutlet (Anda Cutlet),Indian,unknown,575.02,2.45,5.77,60.25,,indian_nutrition
697,Minced Meat Cutlet,Indian,unknown,531.86,5.1,5.61,54.47,,indian_nutrition
698,Vegetable Samosa,Indian,unknown,443.11,2.21,13.22,42.22,,indian_nutrition
699,Plain Urad Dal Vada (Uzunne Vada/Minapa Garelu/Ulundu Vadai/Medu Vada),Indian,unknown,745.5,4.39,9.7,76.32,,indian_nutrition
700,Masala Urad Dal Vada,Indian,unknown,703.78,4.32,9.93,71.62,,indian_nutrition
701,Khaman (Dhokla),Indian,unknown,54.73,1.92,5.36,2.8,,indian_nutrition
702,Instant Dhokla,Indian,unknown,207.11,7.66,24.11,9.37,,indian_nutrition
703,Tomato Ginger Chutney (Tamatar Adarak Ki Chutney),Indian,unknown,44.66,1.05,9.11,0.32,,indian_nutrition
704,Mint Tomato Chutney (Pudinay Aur Tamatar Ki Chutney),Indian,unknown,43.65,1.53,8.22,0.36,,indian_nutrition
705,Coriander Chutney (Hare Dhaniye Ki Chutney),Indian,unknown,42.86,1.38,8.16,0.37,,indian_nutrition
706,Gooseberry Chutney (Amla Chutney),Indian,unknown,43.02,1.44,8.83,0.62,,indian_nutrition
707,Walnut Chutney (Akhrot Ki Chutney),Indian,unknown,370.43,9.44,8.91,33.46,,indian_nutrition
708,Saunth/Sonth Chutney With Ginger,Indian,unknown,84.22,0.28,20.62,0.11,,indian_nutrition
709,Gun Powder Chutney,Indian,unknown,312.34,21.55,47.65,2.67,,indian_nutrition
710,Dessicated Coconut Chutney (Sookhe Kase Nariyal Ki Chutney),Indian,unknown,346.36,12.88,36.72,15.88,,indian_nutrition
711,Curd Mint Dip,Indian,unknown,76.13,4.82,9.11,2.44,,indian_nutrition
712,Curd Vegetable Dip,Indian,unknown,56.21,3.88,6.04,1.94,,indian_nutrition
713,Mayonnaise Vegetable Dip,Indian,unknown,241.27,3.01,4.8,23.44,,indian_nutrition
714,Tomato And Cucumber Sandwich (Tamatar Aur Kheere Ka Sandwich),Indian,unknown,150.68,4.03,20.51,6.31,,indian_nutrition
715,Tomato Sandwich (Grilled),Indian,unknown,189.92,6.26,21.29,9.39,,indian_nutrition
716,French Sandwich (Toasted),Indian,unknown,186.75,6.82,14.82,11.51,,indian_nutrition
717,Peanut Butter Cucumber Sandwich,Indian,unknown,243.33,9.04,29.76,10.56,,indian_nutrition
718,Mint And Peanut Sandwich,Indian,unknown,273.59,7.18,31.83,13.88,,indian_nutrition
719,Spicy Chutney Sandwich,Indian,unknown,249.58,8.74,34.03,9.58,,indian_nutrition
720,Chicken Walnut Sandwich (Chicken Aur Akhrot Ke Sandwich),Indian,unknown,285.78,12.58,22.62,16.77,,indian_nutrition
721,Rolled Sandwich,Indian,unknown,293.07,6.45,34.69,15.29,,indian_nutrition
722,Ribbon Sandwich,Indian,unknown,239.26,6.26,24.76,13.37,,indian_nutrition
723,Checker Board Sandwich,Indian,unknown,348.37,7.37,25.94,24.65,,indian_nutrition
724,Submarine Sandwich,Indian,unknown,216.92,6.09,13.6,15.32,,indian_nutrition
725,Cheese Open Sandwich,Indian,unknown,274.07,9.84,28.42,14.24,,indian_nutrition
726,Sunset And Sunrise Open Sandwich,Indian,unknown,241.31,8.58,18.89,15.14,,indian_nutrition
727,Danish Luncheon Sandwich,Indian,unknown,193.82,9.03,17.77,10.1,,indian_nutrition
728,Chicken And Corn Open Sandwich,Indian,unknown,188.16,8.63,19.21,8.83,,indian_nutrition
729,Chocolate Sponge Cake,Indian,unknown,239.86,9.13,39.54,5.51,,indian_nutrition
730,Chocolate Swiss Roll,Indian,unknown,306.08,6.01,26.97,19.76,,indian_nutrition
731,Lemon Curd Filling,Indian,unknown,225.62,3.43,26.41,12.58,,indian_nutrition
732,Jam Filling,Indian,unknown,184.62,0.0,46.15,0.0,,indian_nutrition
733,Chocolate Pastry,Indian,unknown,243.37,7.05,32.24,10.12,,indian_nutrition
734,Assorted Pastry,Indian,unknown,230.74,6.78,31.99,8.91,,indian_nutrition
735,Orange Gateau,Indian,unknown,178.05,4.78,27.01,6.02,,indian_nutrition
736,Black Forest Gateau,Indian,unknown,217.82,5.94,30.57,8.58,,indian_nutrition
737,Lemon Cake,Indian,unknown,373.85,5.29,43.1,20.63,,indian_nutrition
738,Dundee Cake,Indian,unknown,396.62,7.78,41.4,22.7,,indian_nutrition
739,Victorian Sandwich Cake,Indian,unknown,373.09,5.18,44.74,19.83,,indian_nutrition
740,Chocolate Eggless Cake,Indian,unknown,312.01,6.66,43.45,13.19,,indian_nutrition
741,Orange Eggless Cake,Indian,unknown,355.62,7.16,52.65,13.82,,indian_nutrition
742,Chocolate Glace Icing,Indian,unknown,436.29,3.22,62.43,20.8,,indian_nutrition
743,Butter Icing,Indian,unknown,500.72,0.19,71.64,25.37,,indian_nutrition
744,Chocolate Butter Icing,Indian,unknown,469.59,3.21,61.72,24.77,,indian_nutrition
745,Almond Biscuit (Badam Ke Biscuit),Indian,unknown,407.74,6.25,52.14,19.7,,indian_nutrition
746,Orange Biscuit,Indian,unknown,354.78,3.63,62.11,11.01,,indian_nutrition
747,Gingerman Biscuit,Indian,unknown,357.43,6.26,55.24,12.73,,indian_nutrition
748,Coffee Drops,Indian,unknown,443.07,7.57,43.06,27.16,,indian_nutrition
749,Christmas Biscuit,Indian,unknown,406.07,5.67,60.97,15.88,,indian_nutrition
750,Christmas Wreath Biscuit,Indian,unknown,386.05,5.43,58.07,15.01,,indian_nutrition
751,Christmas Bell Biscuit,Indian,unknown,404.85,5.66,60.79,15.84,,indian_nutrition
752,Christmas Star Biscuit,Indian,unknown,392.03,3.54,74.54,10.04,,indian_nutrition
753,Christmas Tree Biscuit,Indian,unknown,385.63,5.43,58.41,15.0,,indian_nutrition
754,Chocolate Cream Shells,Indian,unknown,427.17,5.1,59.26,19.34,,indian_nutrition
755,Jelly Biscuit,Indian,unknown,404.61,4.23,55.24,19.33,,indian_nutrition
756,Cherry And Walnut Cookies,Indian,unknown,422.6,5.63,59.35,18.75,,indian_nutrition
757,Cheese Straws,Indian,unknown,382.0,9.83,30.61,24.28,,indian_nutrition
758,Butterfly Biscuit,Indian,unknown,341.45,9.98,25.33,22.11,,indian_nutrition
759,Flan Pastry,Indian,unknown,445.8,6.72,47.84,25.04,,indian_nutrition
760,Fruit Flan,Indian,unknown,261.35,3.3,34.71,12.48,,indian_nutrition
761,Orange Cream Flan,Indian,unknown,280.28,4.73,36.16,13.59,,indian_nutrition
762,Fruit Puree Tart,Indian,unknown,286.5,3.35,30.42,16.83,,indian_nutrition
763,Apple Banana Pie,Indian,unknown,243.99,3.13,32.12,11.39,,indian_nutrition
764,Lemon Chiffon Pie,Indian,unknown,259.31,4.88,27.63,14.52,,indian_nutrition
765,Orange Chiffon Pie,Indian,unknown,207.57,3.89,23.14,11.16,,indian_nutrition
766,Cream Buns,Indian,unknown,215.74,4.45,14.16,15.81,,indian_nutrition
767,Savoury Puffs,Indian,unknown,190.79,9.51,10.8,15.24,,indian_nutrition
768,Choux Swans,Indian,unknown,216.34,4.35,14.92,15.6,,indian_nutrition
769,Potato Aigrettes,Indian,unknown,530.03,2.35,8.01,54.24,,indian_nutrition
770,Cream Horns,Indian,unknown,408.23,3.42,23.12,33.55,,indian_nutrition
771,Savoury Cheese Horns,Indian,unknown,295.15,5.66,21.38,20.71,,indian_nutrition
772,Paneer Patties,Indian,unknown,338.58,7.6,22.79,23.96,,indian_nutrition
773,Vegetable Patties,Indian,unknown,261.92,4.01,20.98,17.74,,indian_nutrition
774,Pearl Millet Infant Food (Bajra Shishu Aahaar),Indian,unknown,362.44,11.98,62.1,6.62,,indian_nutrition
775,Sajina,Indian,unknown,345.26,10.81,66.87,3.03,,indian_nutrition
776,Cereal Mix,Indian,unknown,120.81,3.32,21.84,2.02,,indian_nutrition
777,Pulse Mix,Indian,unknown,83.29,3.16,16.0,0.54,,indian_nutrition
778,Shishu Ahar,Indian,unknown,93.37,2.61,17.42,1.43,,indian_nutrition
779,Cereal Pulse Mix With Amylase Rice Flour,Indian,unknown,151.57,4.27,27.8,2.74,,indian_nutrition
780,Banana Groundnut Paste/Puree,Indian,unknown,213.19,4.27,36.15,5.45,,indian_nutrition
781,Rice Dal Porridge (Chawal Dal Ki Khichdi/Khichri),Indian,unknown,383.33,10.8,65.04,8.33,,indian_nutrition
782,Lentils And Semolina Porridge (Dal Suji Porridge/Daliya),Indian,unknown,117.29,3.26,23.19,1.06,,indian_nutrition
783,Spinach Khichri (Palak Khichri/Khichdi),Indian,unknown,102.18,3.43,17.35,1.91,,indian_nutrition
784,Vegetable Mix,Indian,unknown,174.21,4.7,36.02,0.94,,indian_nutrition
785,Lentils And Wheat Porridge (Dal Wheat Porridge/Daliya ),Indian,unknown,52.54,2.71,8.36,0.94,,indian_nutrition
786,Maize Porridge,Indian,unknown,89.57,2.14,15.64,1.89,,indian_nutrition
787,Spinach Peanut Burfi (Palak Aur Mungfali Ki Burfi),Indian,unknown,105.37,3.36,13.59,4.39,,indian_nutrition
788,Split Bengal Gram Burfi/Fudge (Channa Dal Burfi),Indian,unknown,287.36,4.65,54.63,7.09,,indian_nutrition
789,Chickpea Flour Cookies (Sweet Besan Rounds/Cookies),Indian,unknown,207.01,4.29,39.64,3.42,,indian_nutrition
790,Pearl Millet Mathri (Bajra Mathri),Indian,unknown,785.08,1.82,7.42,83.12,,indian_nutrition
791,Sesame Biscuit (Til Ke Biscuit),Indian,unknown,424.03,8.27,53.65,19.34,,indian_nutrition
792,Fermented Bengal Gram Vada (Khameerikrit/Ufna Hua Channa Dal Ka Vada),Indian,unknown,657.57,4.05,8.68,67.19,,indian_nutrition
793,Poshtik Namak Paras,Indian,unknown,613.39,6.49,19.52,56.58,,indian_nutrition
794,Soya Chikki,Indian,unknown,423.7,7.18,62.89,15.51,,indian_nutrition
795,Besan Bathua Chilla/Cheela,Indian,unknown,373.82,11.48,40.65,18.57,,indian_nutrition
796,Wheat Flour And Nuts Ladoos (Atta Nuts Ladoos),Indian,unknown,391.9,9.46,44.31,19.19,,indian_nutrition
797,Gram Flour And Semolina Dhokla (Besan Suji Dhokla),Indian,unknown,198.91,8.52,25.92,7.1,,indian_nutrition
798,Atta Dal Burfi,Indian,unknown,298.8,6.66,40.64,12.47,,indian_nutrition
799,Soya Roti,Indian,unknown,283.96,9.18,40.03,9.23,,indian_nutrition
800,Poshtik Khichdi/Khichri,Indian,unknown,93.37,3.04,15.64,1.88,,indian_nutrition
801,Namkeen Daliya,Indian,unknown,295.11,8.29,49.32,7.99,,indian_nutrition
802,Sprouts Upma,Indian,unknown,316.25,9.5,44.96,10.44,,indian_nutrition
803,Semolina Idli (Suji/Rava Idli),Indian,unknown,206.39,9.34,33.67,3.47,,indian_nutrition
804,Poshtik Chilla/Cheela,Indian,unknown,159.53,4.85,27.47,3.04,,indian_nutrition
805,Stuffed Bittergourd (Dry) (Bharwa Karela),Indian,unknown,217.65,1.29,2.49,22.38,,indian_nutrition
806,Cauliflower Potato Canjee,Indian,unknown,16.79,0.57,2.63,0.39,,indian_nutrition
807,Creamed Spinach,Indian,unknown,96.91,5.18,4.44,6.39,,indian_nutrition
808,Mango Milkshake With Ice Cream (Aam Milkshake Ice Cream Ke Saath),Indian,unknown,68.35,1.93,9.18,2.8,,indian_nutrition
809,Pineapple Milkshake With Ice Cream (Ananas Milkshake Ice Cream Ke Saath),Indian,unknown,68.49,1.93,9.33,2.75,,indian_nutrition
810,Orange Milkshake With Ice Cream (Narangi Milkshake Ice Cream Ke Saath),Indian,unknown,67.82,1.95,9.15,2.75,,indian_nutrition
811,Woodapple Juice (Bel Ka Sharbat),Indian,unknown,34.18,0.63,6.51,0.7,,indian_nutrition
812,Sattu Drink,Indian,unknown,23.38,0.56,5.16,0.14,,indian_nutrition
813,Apple And Honey Sorbet (Seb Aur Shehad Ka Sharbat),Indian,unknown,121.3,0.15,30.74,0.29,,indian_nutrition
814,Thandai,Indian,unknown,101.18,3.59,9.13,5.89,,indian_nutrition
815,Cucumber Sharbat (Kheere Ka Sharbat),Indian,unknown,27.28,0.26,6.64,0.06,,indian_nutrition
816,Apple Oats Chia Seed Smoothie,Indian,unknown,85.64,3.49,13.07,2.48,,indian_nutrition
817,Nannari Sharbat,Indian,unknown,88.79,0.01,23.62,0.01,,indian_nutrition
818,Semolina Milk Drink (Thari Kanji),Indian,unknown,44.16,0.98,6.93,1.36,,indian_nutrition
819,Saffron Milk (Kesariya Doodh),Indian,unknown,102.18,3.17,12.64,4.57,,indian_nutrition
820,Black Rice Kheer (Chak-Hao Kheer),Indian,unknown,147.94,4.37,22.93,4.91,,indian_nutrition
821,Coconut Kheer (Nariyal Ki Kheer),Indian,unknown,162.61,3.4,14.42,10.55,,indian_nutrition
822,Apple Sago Payasam (Seb Aur Sabudana Ki Kheer),Indian,unknown,136.5,3.13,14.4,7.66,,indian_nutrition
823,Kesari Bath,Indian,unknown,244.57,2.4,31.38,12.59,,indian_nutrition
824,Putharekulu,Indian,unknown,318.3,3.66,59.61,7.55,,indian_nutrition
825,Mango Malpua,Indian,unknown,334.64,1.65,12.84,30.67,,indian_nutrition
826,Mango Vanilla Custard,Indian,unknown,147.63,3.43,18.41,7.04,,indian_nutrition
827,Kiwi Granola Pudding,Indian,unknown,280.99,5.6,32.33,15.36,,indian_nutrition
828,Oats Burfi,Indian,unknown,425.19,8.89,62.47,17.27,,indian_nutrition
829,Lotus Seed Halwa (Kamal Gattay Ka Halwa),Indian,unknown,370.55,7.79,39.56,20.69,,indian_nutrition
830,Amaranth Ladoo (Rajgira Ladoo),Indian,unknown,454.15,10.12,51.33,22.7,,indian_nutrition
831,Chhena Poda,Indian,unknown,344.57,13.68,33.64,17.94,,indian_nutrition
832,Sweet Couscous Dessert,Indian,unknown,196.2,3.81,29.69,7.69,,indian_nutrition
833,Sweetened Yogurt (Shrikhand),Indian,unknown,107.18,5.27,16.02,2.89,,indian_nutrition
834,Thickened Sweetened Milk (Rabri),Indian,unknown,102.79,3.52,10.55,5.35,,indian_nutrition
835,Gram Flour Halwa (Besan Halwa),Indian,unknown,276.79,5.88,25.78,17.3,,indian_nutrition
836,Prawn Sandwich,Indian,unknown,169.65,10.36,11.89,9.27,,indian_nutrition
837,Watercress Sandwich,Indian,unknown,229.42,5.17,28.03,11.47,,indian_nutrition
838,Fish Sandwich,Indian,unknown,150.2,4.72,10.09,10.37,,indian_nutrition
839,Kidney Bean Sandwich With Cottage Cheese,Indian,unknown,176.64,9.85,18.86,6.84,,indian_nutrition
840,Finger Millet Biscuit (Ragi Biscuit),Indian,unknown,458.56,4.03,52.69,25.79,,indian_nutrition
841,Buttermilk Biscuit,Indian,unknown,322.54,5.76,34.93,17.5,,indian_nutrition
842,Lemon Cookies,Indian,unknown,394.48,5.63,42.19,23.02,,indian_nutrition
843,Sweet Potato Biscuit (Shakarkand Ke Biscuit),Indian,unknown,296.4,5.14,38.13,13.31,,indian_nutrition
844,Raspberry Shortbread Cookies,Indian,unknown,441.12,3.0,61.25,21.25,,indian_nutrition
845,Pumpkin Cookies,Indian,unknown,218.4,2.51,44.69,3.93,,indian_nutrition
846,Greenpea Cookies,Indian,unknown,159.42,6.53,23.07,4.24,,indian_nutrition
847,Sunflower Cookies,Indian,unknown,520.62,9.49,40.06,36.28,,indian_nutrition
848,Cardamom Cookies (Elaichi Cookies),Indian,unknown,400.49,5.1,53.99,19.12,,indian_nutrition
849,Hazelnut Cookies,Indian,unknown,493.32,6.25,39.44,34.97,,indian_nutrition
850,Milk Cookies,Indian,unknown,459.43,10.49,48.43,24.96,,indian_nutrition
851,Cranberry Cookies,Indian,unknown,272.48,3.92,36.39,12.66,,indian_nutrition
852,Olive Biscuit,Indian,unknown,438.29,3.2,55.01,23.75,,indian_nutrition
853,Tutti Fruitti Biscuit,Indian,unknown,420.78,5.21,53.12,17.9,,indian_nutrition
854,Peach Blueberry Preserves,Indian,unknown,177.38,0.53,45.76,0.2,,indian_nutrition
855,Pear Preserves (Naashpati Ka Murabba),Indian,unknown,101.24,0.25,25.67,0.19,,indian_nutrition
856,Starfruit Preserves,Indian,unknown,128.93,0.24,33.62,0.12,,indian_nutrition
857,Gooseberry Pickle (Amla Ka Achaar),Indian,unknown,278.58,1.55,7.61,27.61,,indian_nutrition
858,Lotus Stem Pickle (Kamal Kakdi Ka Achar),Indian,unknown,102.69,1.44,20.07,1.6,,indian_nutrition
859,Date Pickle (Khajoor Ka Achaar),Indian,unknown,182.29,1.68,34.66,4.21,,indian_nutrition
860,Garlic Pickle (Lahasun Ka Achar),Indian,unknown,413.62,3.72,9.75,39.88,,indian_nutrition
861,Fermented Bamboo Shoot Pickle (Mesu Pickle),Indian,unknown,59.83,1.58,1.73,5.59,,indian_nutrition
862,Sweet Peach Pickle (Aadoo Ka Achaar),Indian,unknown,144.64,0.46,37.01,0.2,,indian_nutrition
863,Pickled Mustard Greens,Indian,unknown,13.12,1.51,1.05,0.22,,indian_nutrition
864,Small Onion Pickle,Indian,unknown,16.86,1.65,2.76,0.64,,indian_nutrition
865,Green Tomato Pickle (Haray Tamatar Ka Achaar),Indian,unknown,193.26,1.23,2.87,19.67,,indian_nutrition
866,Pickled Cabbage,Indian,unknown,13.69,0.39,2.56,0.14,,indian_nutrition
867,Coconut Pickle (Nariyal Ka Aachar),Indian,unknown,517.26,3.02,11.53,51.71,,indian_nutrition
868,Potato Pickle (Aloo Ka Achaar),Indian,unknown,369.14,2.07,7.87,36.46,,indian_nutrition
869,Mango Murabba Candy,Indian,unknown,293.35,0.27,77.32,0.05,,indian_nutrition
870,Afghani Chicken,Indian,unknown,151.51,15.66,1.95,9.07,,indian_nutrition
871,Fish Orly,Indian,unknown,563.7,5.87,4.27,58.18,,indian_nutrition
872,Hariyali Fish Tikka,Indian,unknown,150.24,14.01,2.21,9.41,,indian_nutrition
873,Chicken Manchurian,Indian,unknown,142.34,9.53,6.06,11.96,,indian_nutrition
874,Handi Chicken,Indian,unknown,166.02,12.32,1.49,12.46,,indian_nutrition
875,Lemon Chicken,Indian,unknown,169.79,20.2,0.55,9.66,,indian_nutrition
876,Lemon Butter Fish,Indian,unknown,160.25,16.38,0.75,10.26,,indian_nutrition
877,Baked Eggs In Tomato Sauce,Indian,unknown,80.05,4.92,3.78,5.22,,indian_nutrition
878,Egg In A Pepper,Indian,unknown,128.78,12.64,0.17,8.68,,indian_nutrition
879,Spinach Mushroom Scrambled Egg (Palak Mushroom Bhurji),Indian,unknown,158.85,13.28,0.59,11.51,,indian_nutrition
880,Corn Omelette/Omlet,Indian,unknown,166.93,11.37,1.57,12.89,,indian_nutrition
881,Cajun Chicken,Indian,unknown,184.94,12.69,1.94,13.99,,indian_nutrition
882,Paaner Do Pyaza,Indian,unknown,127.7,4.22,3.41,10.87,,indian_nutrition
883,Cabbage Manchurian (Pattagobhi Manchurian),Indian,unknown,224.26,0.64,4.85,22.48,,indian_nutrition
884,Gobi 65,Indian,unknown,278.29,0.56,3.59,29.11,,indian_nutrition
885,Paneer Lababdar,Indian,unknown,105.48,3.98,3.37,8.46,,indian_nutrition
886,Roasted Cauliflower Steak,Indian,unknown,78.68,2.05,2.02,6.7,,indian_nutrition
887,Sauteed Radishes With Green Beans,Indian,unknown,94.32,2.41,6.04,6.61,,indian_nutrition
888,Garlic Chutney/Poondu Chutney (Lahasun Ki Chutney),Indian,unknown,255.51,3.34,20.44,17.55,,indian_nutrition
889,Schezwan Chutney,Indian,unknown,205.19,3.33,10.79,17.72,,indian_nutrition
890,Onion Chutney (Pyaaz Ki Chutney/Vengaya Chutney),Indian,unknown,143.94,2.97,13.52,8.38,,indian_nutrition
891,Dates Chutney (Khajoor Ki Chutney),Indian,unknown,103.57,1.07,21.69,1.12,,indian_nutrition
892,Chicken Salad,Indian,unknown,338.19,15.33,1.3,30.26,,indian_nutrition
893,Macaroni Salad,Indian,unknown,262.19,5.02,21.63,17.78,,indian_nutrition
894,Cabbage Raita (Pattagobhi Raita),Indian,unknown,84.84,3.24,5.25,5.76,,indian_nutrition
895,Pomegranate Raita (Anaar Ka Raita),Indian,unknown,72.64,4.05,7.15,3.24,,indian_nutrition
896,Onion Raita (Pyaaz Ka Raita),Indian,unknown,71.56,4.86,7.86,2.43,,indian_nutrition
897,Green Chilli Raita (Hari Mirch Ka Raita),Indian,unknown,77.13,5.58,7.66,2.92,,indian_nutrition
898,Kale Salad,Indian,unknown,177.71,4.86,5.01,15.33,,indian_nutrition
899,Spinach And Paneer Souffle,Indian,unknown,186.19,7.56,9.64,13.49,,indian_nutrition
900,Masala Souffle,Indian,unknown,123.51,6.38,8.02,7.37,,indian_nutrition
901,Chicken And Cheese Souffle,Indian,unknown,182.35,9.07,3.47,14.74,,indian_nutrition
902,Tamarind Chutney (Chintapandu Pachadi/Puli Chutney),Indian,unknown,109.15,0.88,25.07,0.48,,indian_nutrition
903,Pav Bhaji Masala,Indian,unknown,230.47,9.13,29.15,10.96,,indian_nutrition
904,Green Chutney,Indian,unknown,79.42,5.42,10.01,1.6,,indian_nutrition
905,Sago Khitchdi/Khichri (Sabudana Khitchdi/Khichri),Indian,unknown,187.16,2.72,22.41,10.1,,indian_nutrition
906,Gram Flour Chilla/Cheela (Besan Chilla/Cheela),Indian,unknown,135.93,7.8,21.03,2.85,,indian_nutrition
907,Vegetable Namkeen Jave,Indian,unknown,112.23,2.93,18.98,2.51,,indian_nutrition
908,Khakhra,Indian,unknown,178.5,4.78,27.66,5.32,,indian_nutrition
909,Moong Bean Dosa (Pesarattu),Indian,unknown,285.96,12.32,31.91,11.67,,indian_nutrition
910,Methi Thepla,Indian,unknown,346.16,8.98,41.34,15.95,,indian_nutrition
911,Rice Puttu (Ari Puttu),Indian,unknown,81.98,1.26,11.82,3.13,,indian_nutrition
912,Buckwheat Pancake (Khura),Indian,unknown,263.3,2.91,27.28,16.43,,indian_nutrition
913,Quinoa Khichdi/Khichri,Indian,unknown,64.01,3.18,8.83,1.59,,indian_nutrition
914,Khakhra Chaat,Indian,unknown,358.66,4.52,16.64,30.65,,indian_nutrition
915,Banana Appam,Indian,unknown,469.81,1.17,20.06,42.53,,indian_nutrition
916,Veg Manchurian,Indian,unknown,585.64,0.89,6.82,61.65,,indian_nutrition
917,Pav Bhaji,Indian,unknown,96.53,2.66,11.99,4.32,,indian_nutrition
918,Rice Murukku,Indian,unknown,593.99,5.41,33.29,48.22,,indian_nutrition
919,Bhel Puri,Indian,unknown,509.89,3.52,16.47,47.91,,indian_nutrition
920,Semolina Dhokla (Suji/Rava Dhokla),Indian,unknown,194.91,5.44,30.86,5.2,,indian_nutrition
921,Spicy Corn Chaat,Indian,unknown,479.8,4.61,11.45,46.55,,indian_nutrition
922,Jackfruit Fritters (Ponsa Mulik/Kathal Ka Pakora),Indian,unknown,597.79,2.34,24.0,54.41,,indian_nutrition
923,Banana Chips (Kele Ke Chips),Indian,unknown,665.67,0.37,7.32,70.46,,indian_nutrition
924,Wheat Cake,Indian,unknown,314.63,4.79,41.13,14.95,,indian_nutrition
925,Mango Cheesecake,Indian,unknown,152.46,2.39,20.06,7.3,,indian_nutrition
926,Carrot Cake (Gajar Ka Cake),Indian,unknown,255.59,5.6,35.98,10.27,,indian_nutrition
927,Semolina Cake (Suji/Rava Cake),Indian,unknown,374.14,6.58,31.32,25.18,,indian_nutrition
928,Finger Millet Cake (Ragi Cake),Indian,unknown,279.46,3.96,38.93,12.27,,indian_nutrition
929,Honey Cake,Indian,unknown,333.59,3.08,49.04,14.7,,indian_nutrition
930,Almond Cardamom Cake (Badam Elaichi Cake),Indian,unknown,356.35,7.18,34.53,21.36,,indian_nutrition
931,Tutti Frutti Cake,Indian,unknown,347.72,4.49,52.94,12.68,,indian_nutrition
932,Ham And Bean Soup,Indian,unknown,96.04,10.61,4.18,4.15,,indian_nutrition
933,Whey Soup,Indian,unknown,68.91,3.45,6.26,3.34,,indian_nutrition
934,Bottle Gourd Soup (Ghiya/Lauki Soup),Indian,unknown,23.05,0.45,1.16,1.79,,indian_nutrition
935,Baked Potato Soup,Indian,unknown,147.05,5.73,5.85,11.21,,indian_nutrition
936,Pumpkin Soup,Indian,unknown,40.05,0.47,2.08,3.2,,indian_nutrition
937,Sweet Corn Soup,Indian,unknown,32.25,0.99,3.56,1.63,,indian_nutrition
938,Paneer Soup,Indian,unknown,47.85,3.22,2.42,2.8,,indian_nutrition
939,Curried Cauliflower Soup,Indian,unknown,37.32,6.72,3.12,9.77,,indian_nutrition
940,Millet Soup,Indian,unknown,55.99,11.26,8.22,12.57,,indian_nutrition
941,Lemon Coriander Soup,Indian,unknown,108.06,2.27,10.32,6.26,,indian_nutrition
942,Garlic Soup,Indian,unknown,194.86,2.38,6.99,17.62,,indian_nutrition
943,Dal Makhani,Indian,unknown,74.04,3.32,7.96,3.06,,indian_nutrition
944,Dalma,Indian,unknown,118.93,4.91,15.04,4.58,,indian_nutrition
945,Split Bengal Gram Dal (Channa Dal),Indian,unknown,99.67,4.15,9.99,4.62,,indian_nutrition
946,Horsegram Dal (Kulthi Dal),Indian,unknown,55.65,2.91,8.21,1.13,,indian_nutrition
947,Panchmel Dal,Indian,unknown,111.22,4.63,10.71,5.36,,indian_nutrition
948,Dal Dhokli,Indian,unknown,68.74,2.96,8.55,2.47,,indian_nutrition
949,Gujarati Handvo,Indian,unknown,207.09,8.24,31.86,4.8,,indian_nutrition
950,Sev (Omapodi/Karapusa),Indian,unknown,609.14,5.12,12.87,60.08,,indian_nutrition
951,Papdi,Indian,unknown,708.96,1.83,12.89,72.11,,indian_nutrition
952,Jowar Dosa,Indian,unknown,294.35,8.5,40.53,10.28,,indian_nutrition
953,Bread Roll,Indian,unknown,435.46,2.85,16.12,40.25,,indian_nutrition
954,Soya Seekh Kebab,Indian,unknown,115.05,5.4,10.0,5.88,,indian_nutrition
955,Classic Seasoned Black Beans,Indian,unknown,28.78,8.01,7.66,8.28,,indian_nutrition
956,Maa Chaane Ki Dal,Indian,unknown,344.67,19.8,43.11,9.5,,indian_nutrition
957,Garlic Chickpea Soup (Lahasun Aur Chane Ka Shoraba),Indian,unknown,89.53,4.45,13.92,2.01,,indian_nutrition
958,White Sauce (Thin),Indian,unknown,115.17,3.31,6.58,8.41,,indian_nutrition
959,White Sauce (Medium),Indian,unknown,151.27,3.36,7.98,11.76,,indian_nutrition
960,White Sauce (Thick),Indian,unknown,209.69,3.43,10.24,17.19,,indian_nutrition
961,Cheese Sauce,Indian,unknown,194.76,7.68,7.08,15.12,,indian_nutrition
962,Egg Sauce,Indian,unknown,146.85,5.97,5.88,11.08,,indian_nutrition
963,Mushroom Sauce,Indian,unknown,137.56,3.39,7.31,10.51,,indian_nutrition
964,Mustard Sauce,Indian,unknown,158.58,3.98,8.29,12.17,,indian_nutrition
965,Brown Sauce,Indian,unknown,109.18,11.92,5.38,23.67,,indian_nutrition
966,Classic Italian Pasta,Indian,unknown,42.12,0.57,4.4,2.45,,indian_nutrition
967,Pasta Spinach Sauce,Indian,unknown,85.46,1.76,1.76,7.9,,indian_nutrition
968,Pasta Cheese Sauce,Indian,unknown,149.26,4.33,9.0,10.84,,indian_nutrition
969,Mayonnaise,Indian,unknown,774.86,1.86,1.65,84.52,,indian_nutrition
970,Low Calorie Quick Mayonnaise,Indian,unknown,242.89,1.41,4.71,24.35,,indian_nutrition
971,Thousand Island Dressing,Indian,unknown,407.87,1.37,4.49,42.87,,indian_nutrition
972,Curd Dip,Indian,unknown,79.95,5.04,7.95,3.36,,indian_nutrition
973,Short Crust Pastry,Indian,unknown,422.1,6.11,44.72,23.98,,indian_nutrition
974,Choux Pastry,Indian,unknown,222.37,5.55,16.2,14.96,,indian_nutrition
975,Flaky Pastry,Indian,unknown,443.94,4.69,33.61,31.99,,indian_nutrition
976,Sponge Cake,Indian,unknown,253.77,9.18,44.63,4.74,,indian_nutrition
977,Glace Icing,Indian,unknown,323.51,0.01,86.31,0.01,,indian_nutrition
978,Royal Icing,Indian,unknown,332.58,1.74,86.53,0.02,,indian_nutrition
979,American Frosting,Indian,unknown,257.57,1.05,67.48,0.01,,indian_nutrition
980,Gum Icing,Indian,unknown,223.07,5.94,53.19,0.0,,indian_nutrition
981,Channa Murmura Premix,Indian,unknown,339.09,10.59,72.59,3.28,,indian_nutrition
982,Cracked Wheat And Green Gram Dal Premix (Dalia Moong Dal Premix),Indian,unknown,362.16,15.89,64.75,5.11,,indian_nutrition
983,Rice Flakes And Roasted Channa,Indian,unknown,333.4,10.57,71.94,2.94,,indian_nutrition
984,Spinach Soup In Milk,Indian,unknown,56.72,2.89,3.98,3.2,,indian_nutrition
985,Vegetable Soup,Indian,unknown,55.21,2.22,7.6,1.55,,indian_nutrition
986,Mashed Banana With Milk,Indian,unknown,95.43,2.51,14.62,2.99,,indian_nutrition
987,Poha With Curd (Poha Aur Dahi),Indian,unknown,173.32,6.01,26.72,4.65,,indian_nutrition
988,Potato With Curd,Indian,unknown,73.18,3.19,12.01,1.33,,indian_nutrition
989,Sweet Wheat Porridge (Sweet Dalia),Indian,unknown,140.66,5.11,23.77,2.79,,indian_nutrition
990,Vegetable Khichdi/Khichri,Indian,unknown,143.17,5.61,19.57,4.53,,indian_nutrition
991,Moong Dal Mixture,Indian,unknown,158.84,4.62,33.93,1.0,,indian_nutrition
992,Cracked Wheat Khichri/Khichdi (Dalia Khichri/Khichdi),Indian,unknown,167.45,7.56,22.35,5.52,,indian_nutrition
993,Stewed Apple,Indian,unknown,91.93,0.17,22.49,0.37,,indian_nutrition
994,Lemon Squash (Nimbu Ka Squash),Indian,unknown,184.56,0.15,48.88,0.06,,indian_nutrition
995,Orange Squash (Santre Ka Squash),Indian,unknown,193.26,0.22,50.88,0.04,,indian_nutrition
996,Lichi Squash,Indian,unknown,198.33,0.3,51.96,0.08,,indian_nutrition
997,Mango Squash (Aam Ka Squash),Indian,unknown,194.66,0.17,50.96,0.17,,indian_nutrition
998,Pineapple Squash (Ananas Ka Squash),Indian,unknown,195.02,0.16,51.34,0.05,,indian_nutrition
999,Lemon And Ginger Squash (Nimbu Aur Adrak Ka Squash),Indian,unknown,170.34,0.54,44.06,0.21,,indian_nutrition
1000,Apple Jam (Seb Ka Murabba),Indian,unknown,188.79,0.14,48.56,0.32,,indian_nutrition
1001,Plum Jam (Aloo Bukhara Jam),Indian,unknown,178.89,0.31,46.2,0.19,,indian_nutrition
1002,Pineapple Jam,Indian,unknown,149.18,0.32,38.27,0.15,,indian_nutrition
1003,Guava Jelly (Amrood Ki Jelly),Indian,unknown,115.74,1.11,28.18,0.25,,indian_nutrition
1004,Orange Marmalade (Santray Ka Murabba),Indian,unknown,104.17,0.66,25.94,0.13,,indian_nutrition
1005,Carrot Murabba (Gajar Ka Murabba),Indian,unknown,175.24,0.32,45.6,0.16,,indian_nutrition
1006,Gooseberry Marmalade (Amla Murabba),Indian,unknown,123.16,0.14,32.34,0.03,,indian_nutrition
1007,Ginger Candy (Adrak Ki Candy),Indian,unknown,195.71,0.69,50.38,0.27,,indian_nutrition
1008,Mango Pickle (Aam Ka Achaar),Indian,unknown,192.12,1.6,8.11,17.89,,indian_nutrition
1009,Mixed Vegetable Pickle (Sabziyoon Ka Achaar),Indian,unknown,211.2,1.9,7.48,19.68,,indian_nutrition
1010,Sweet Lemon Pickle (Neembu Ka Meetha Achaar),Indian,unknown,69.54,1.22,16.87,0.21,,indian_nutrition
1011,Plum Chutney (Aloo Bukhara Ki Chutney),Indian,unknown,177.11,0.47,44.95,0.29,,indian_nutrition
1012,Raw Mango Chutney (Kachhe Aam/Kairi Ki Chutney),Indian,unknown,193.13,0.51,49.94,0.16,,indian_nutrition
1013,Tomato Sauce,Indian,unknown,34.33,0.81,7.23,0.27,,indian_nutrition
1014,Tomato Puree,Indian,unknown,20.62,0.75,3.68,0.25,,indian_nutrition
1015,Garam Masala,Indian,unknown,254.21,9.89,26.2,10.97,,indian_nutrition
1016,Chat Masala,Indian,unknown,222.58,8.19,23.87,9.91,,indian_nutrition
1017,Kashmiri Masala,Indian,unknown,389.02,8.26,23.16,31.03,,indian_nutrition
1018,Rasam Powder (Rasam Masala),Indian,unknown,267.96,12.04,25.19,11.8,,indian_nutrition
1019,Sambar Powder (Sambar Masala),Indian,unknown,297.46,12.5,23.38,15.58,,indian_nutrition
1020,Tartare Sauce,Indian,unknown,610.93,1.44,2.96,66.12,,indian_nutrition
1021,Barbeque Sauce,Indian,unknown,121.93,0.96,20.46,4.51,,indian_nutrition
1022,Bread Sauce,Indian,unknown,111.04,3.46,8.69,7.05,,indian_nutrition
1023,Green Chilli Sauce,Indian,unknown,46.06,1.25,7.36,0.27,,indian_nutrition
1024,Home Made Plain Noodles,Indian,unknown,238.78,6.21,44.5,3.56,,indian_nutrition
1025,Dal Moong,Indian,unknown,43.69,2.2,4.92,1.62,,indian_nutrition
1026,Cumin Seeds Baghar (Jeera Baghar/Tadka),Indian,unknown,736.81,3.34,5.22,78.77,,indian_nutrition
1027,Onion Tomato Baghar (Pyaaz Tamatar Ka Tadka),Indian,unknown,137.52,1.26,6.17,11.98,,indian_nutrition
1028,Mustard Seeds Baghar (Mustard Seed Tadka),Indian,unknown,552.59,4.73,10.45,54.3,,indian_nutrition
1029,Hot Cherry Sauce,Indian,unknown,252.74,0.13,67.95,0.07,,indian_nutrition
1030,Apple Jelly (Seb Ki Jelly),Indian,unknown,152.13,0.1,39.37,0.21,,indian_nutrition
1031,Marmalade (Murabba),Indian,unknown,143.76,0.23,37.64,0.04,,indian_nutrition
1032,Plum Squash (Aloo Bukhara Squash),Indian,unknown,211.17,0.16,55.51,0.1,,indian_nutrition
1033,Lemon Green Chilli Pickle (Nimboo Aur Hari Mirch Ka Achaar),Indian,unknown,14.07,0.85,2.14,0.24,,indian_nutrition
1034,Brinjal Pickle (Baingan Ka Achaar),Indian,unknown,139.01,2.24,4.23,12.98,,indian_nutrition
1035,Sweet And Sour Tomato Pickle (Khatta Meetha Tamatar Ka Achaar),Indian,unknown,60.88,1.26,6.55,3.24,,indian_nutrition
1036,Jhatpat Achar With Carrot (Jhatpat Achaar Gajar Ke Saath),Indian,unknown,91.21,1.98,6.32,6.55,,indian_nutrition
1037,Tomato Chutney (Tamatar Ki Chutney),Indian,unknown,176.07,0.97,31.85,6.01,,indian_nutrition
1038,Tomato Ketchup,Indian,unknown,33.07,0.91,6.48,0.3,,indian_nutrition
1039,Bengal 5 Spice Blend (Panch Phoran),Indian,unknown,289.79,18.26,20.0,22.16,,indian_nutrition
1040,Achari Chicken,North Indian,dinner recipes,505.0,39.0,14.0,32.0,"['cumin seeds', 'coriander seeds', 'fennel seeds', 'black pepper ', 'dried fenugreek leaves', 'Kashmiri chili ', 'red chili flakes', 'salt', 'oil', 'mustard seed', 'nigella seeds', 'fenugreek seeds', 'ginger garlic paste', 'green chili paste', 'chopped onion ', 'skinless chicken', ' tomato', ' green chilies', 'lemon juice', 'brown sugar', 'yogurt', 'Ginger slices and Cilantro']",foods_data
1041,Aloo Chana Chaat,Indian,snack,283.0,10.0,52.0,5.0,"['cooked chickpea ', 'cubbed potato ', 'cumin powder', 'red chili powder', 'turmeric', 'salt ', 'water ', 'yogurt', 'sugar', 'chat masala', 'tamarind chutney', 'onion ', 'tomato', 'corriander leaves ', 'green chillies', 'Lemon juice', 'Papri', 'Chat masala', 'Red chilli flakes']",foods_data
1042,Aloo Gosht,Indian,main course,518.0,17.0,27.0,39.0,"['lamb/mutton/beef pieces with bones', 'oil', 'onions sliced ', 'green chilli paste', 'ginger garlic paste', 'coriander powder', 'cumin seeds', 'turmeric powder', 'Kashmiri chilli', 'salt', 'cinnamon', 'black pepper', 'cloves', 'black cardamom', 'tomatoes', 'potatoes', 'Water ', 'green chillies', ' fresh coriander leaves', 'lemon ']",foods_data
1043,Pakistani Aloo Palak Recipe,Indian,"main course, vegeterian",311.0,,,,"['Fresh spinach without stems', 'oil ', 'garlic ', 'cumin', 'fenugreek seeds', 'black mustard seeds', 'pepper corns', 'coriander powder', 'turmeric powder', 'ginger paste', 'small green chili paste', 'dry fenugreek leaves', 'salt ', 'onion', 'tomatoes', 'potatoes', 'butter ', ' green chilies']",foods_data
1044,Aloo Tikki Recipe,Indian,snack,113.0,3.0,22.0,2.0,"['potato', 'oil', 'onions', 'green chillies', 'ginger garlic paste', 'red chilli flakes', 'cumin powder', 'coriander powder', 'turmeric powder', 'salt ', 'bread crumbs', 'cornflour', 'lemon juice', 'chopped fresh coriander', 'chat masala ']",foods_data
1045,Khagina Recipe (Pakistani Breakfast),Pakistani,breakfast,270.0,9.0,12.0,21.0,"['oil', ' onions', 'green chilli paste', 'garlic paste', 'ginger paste', 'coriander powder', 'cumin', 'red chilli powder', 'Kashmiri chilli powder', 'turmeric powder', 'black pepper powder', 'salt or more to taste', 'tomatoes', 'yogurt', 'eggs', 'green chillies', 'chopped coriander leaves']",foods_data
1046,Egg Halwa,Bohra Cuisine,"dessert, snack",275.0,1.0,23.0,21.0,"['ghee', 'eggs', 'sugar', 'cardamom powder', 'sliced nuts ']",foods_data
1047,Apple Jam,World,condiment,57.0,1.0,15.0,1.0,"[' apples', 'lemon juice', 'water', 'sugar', 'cinnamon', 'grated ginger']",foods_data
1048,Bajra Roti,Indian,main course,336.0,10.0,60.0,6.0,"['pearl millet flour ', 'salt ', 'oil ', 'lukewarm water']",foods_data
1049,Banana Jam,World,breakfast,103.0,1.0,27.0,0.2,"['banana', 'sugar', 'lemon juice', 'salt', 'cinnamon stick ']",foods_data
1050,Bhindi Recipe (Pakistani),Pakistani,main course,276.0,4.0,25.0,20.0,"['okra', 'salt', 'oil', 'chopped garlic', 'cumin seeds or powder', 'fenugreek seeds', 'coriander powder', 'turmeric powder', 'ginger \xa0paste', 'green chili paste', 'salt', 'onions', 'tomatoes', 'tamarind pulp', 'sugar', 'green chilli']",foods_data
1051,Black Cherry Ice Cream Recipe,World,dessert,235.0,2.0,9.0,22.0,"['fresh cherries', 'heavy cream', 'sweetened condensed milk', 'lemon juice']",foods_data
1052,Bohra Fried Chicken,Bohra Recipes,"side dish, snack",519.0,31.0,10.0,39.0,"['skinless chicken', 'tomato', 'lemon juice', 'yogurt', 'oil', 'minced green chili', 'minced ginger', 'minced garlic', 'cumin powder', 'corriander powder', 'Kashmiri chili ', 'salt ', 'turmeric', 'black pepper powder', 'bread crumbs', 'eggs', 'salt', 'red chilli powder', 'water', 'Oil']",foods_data
1053,Kaari Chawal Recipe,Bohra Cuisine,main course,871.0,22.0,71.0,57.0,"['oil', 'green chilli paste', 'ginger garlic paste', ' curry leaves', 'onion', 'lamb', 'Kari masala', 'water', 'coconut milk ', 'water ', 'tamarind water', 'rice', 'Salt', 'peppercorn', 'cloves', 'cumin seeds', 'oil', 'desiccated coconut', 'fried onion']",foods_data
1054,Bohra Kaari Masala,Bohra Cuisine,condiment,91.0,4.0,5.0,7.0,"['roasted black gram', 'cashew nuts', 'almonds', 'peanuts', 'sesame seeds', 'poppy seeds', 'pumpkin seeds', 'coriander seeds', 'cumin seeds', 'fennel seeds', 'black pepper', 'cloves', 'button red chili', 'star anise', 'salt', ' Kashmiri chilli powder', 'ginger powder', 'turmeric powder']",foods_data
1055,Bohra Kalamra Recipe,Bohra Recipes,dessert,544.0,12.0,92.0,16.0,"['basmati rice,', 'water', 'milk', 'sugar ', ' yogurt', 'rose water', 'pomegranate arils', 'mixed nuts', 'raisins', 'rose petals,', 'cream']",foods_data
1056,Mutton Soup Recipe (Bohra Khurdi),Bohra Recipes,soup,117.0,3.0,7.0,9.0,"['lamb / mutton  bone-in', 'oil', 'cumin seeds', 'black pepper corns', 'cinnamon', 'bay leaf', 'ginger paste', 'garlic paste', 'green chili paste', ' onion', 'plain flour', 'water', 'milk', 'mint leaves', 'green chilies', 'Salt and pepper']",foods_data
1057,Keema Khichri,Bohra Recipes,main course,715.0,25.0,61.0,42.0,"[' basmati rice', 'yellow lentil', 'black peppers', 'cloves', 'cinnamon', 'turmeric ', 'cumin', 'salt ', 'ground meat', 'oil', 'onion ', 'ginger paste', 'garlic paste', 'green chilli paste', 'black pepper', 'cloves', 'cinnamon stick', 'black cardamom', 'cumin', 'turmeric', 'red chilli powder ', 'round red chilli', 'coriander powder', 'tomato', 'yogurt', 'lemon juice', 'salt', 'potato', 'boiled eggs', 'green coriander ', 'green chilli', 'oil', 'water']",foods_data
1058,Ketchup Chicken Recipe (Tikka Flavor),Bohra Cuisine,main course,553.0,46.0,16.0,33.0,"['whole skinless chicken ', 'Chicken Tikka Spice Mix', 'ginger garlic paste', 'yogurt', 'butter', 'lemon juice', 'tomato ketchup', 'chilli garlic sauce', 'cream', 'boiled macaroni ', 'steamed assorted vegetable', 'oil', 'cumin', 'round button red chillies', ' charcoal', ' oil', 'egg ', 'fresh coriander', 'Slims chips', 'Salad leaves']",foods_data
1059,Coffee Ice Cream Recipe,World,dessert,150.0,1.0,4.0,15.0,"[' dulce de leche', 'hot milk', 'instant coffee', 'granulated sugar', 'hot water', 'heavy whipping cream']",foods_data
1060,Brownie Recipe With Oil,World,dessert,168.0,3.0,23.0,9.0,"['oil', 'icing sugar', 'brown sugar', 'eggs ', 'plain flour', 'unsweetened cocoa powder', ' salt']",foods_data
1061,Chapli Kabab Recipe,afghan,"main course, side dish",239.0,4.0,54.0,2.0,"['dried pomegranate arils', 'red chilli flakes', 'cumin seeds', 'coriander seeds', 'fennel seeds', 'Kashmiri chilli powder', 'ginger powder', 'black salt', 'gram masala powder', 'turmeric powder', 'ground meat', ' chopped onion', 'cornmeal ', 'ginger garlic paste', 'chopped fresh coriander', 'chopped green chilli', 'butter', ' chopped tomato', 'Ghee ']",foods_data
1062,Cherry Jam (Without Pectin),World,butters and jams,55.0,1.0,14.0,1.0,"['fresh cherry', 'granulated sugar', 'lemon juice']",foods_data
1063,Chicken Pasta (With White Sauce),American,main course,907.0,46.0,105.0,35.0,"['boneless chicken', 'garlic powder', 'dried oregano', 'dried basil', 'onion powder', 'chili flakes', 'salt ', 'oil', 'flour', 'sweet corn', 'chicken cube', 'chopped green chillies', ' pepper', 'milk', 'dry penne pasta', 'shredded cheese', 'dried oregano']",foods_data
1064,Chicken Boti,Indian,dinner recipes,128.0,3.0,6.0,11.0,"['chicken ', 'ginger paste', 'garlic paste', 'lemon juice', 'green chili paste ', 'Greek yogurt', 'Kashmiri chili powder', 'red chili flakes', 'black pepper', 'garam masala ', 'cumin powder', 'coriander powder', 'sugar', 'ghee ']",foods_data
1065,Chicken Bread Recipe,World,"breakfast, dinner recipes, iftar, snack",563.0,22.0,70.0,21.0,"['flour', 'salt', 'sugar', 'milk', 'egg', 'butter or oil', 'instant yeast', 'boneless chicken breast', 'cumin powder', 'paprika', 'minced garlic', 'black pepper', 'lemon juice', 'diced green chilies', 'salt', 'oil', 'mixed chopped veggies', 'flour', 'milk', 'shredded cheddar cheese', 'chopped green onions', 'chili garlic sauce or ketchup or pizza sauce', 'egg beaten for egg wash', 'Sesame seeds', 'Black seeds']",foods_data
1066,Dynamite Chicken,World,appetizer,730.0,32.0,34.0,51.0,"['boneless chicken breast', 'baking powder', 'mayonnaise', 'chipotle sauce', 'ketchup', 'honey', 'garlic powder', 'soya sauce', 'red chili powder', 'garlic powder', 'salt', ' flour', 'cornflour', 'paprika', 'black pepper', 'salt', 'eggs', 'Oil ']",foods_data
1067,Chicken Egg Roll,Indo-Chinese,snack,198.0,8.0,13.0,13.0,"['boneless chicken ', 'chicken stock', 'chili sauce', 'vinegar', 'black pepper', 'soy sauce', 'dark soy sauce', 'chili flakes', 'oil', 'minced garlic', 'cabbage ', 'capsicum', 'carrot', 'cooked noodles', 'green onions', 'sugar', 'plain flour or atta', 'egg roll wrapper', 'Oil']",foods_data
1068,Chicken Haleem Recipe,Indian,main course,334.0,18.0,31.0,16.0,"['whole wheat or broken wheat', 'barley', 'red lentil', 'yellow lentil', 'Bengal gram', 'rice', 'green chilli paste', 'ginger paste', 'garlic paste', 'boneless chicken', 'yogurt', 'red chili powder', 'Haleem spice mix', 'turmeric powder', 'salt', 'oil', 'onions', 'chicken stock', 'oil', 'chopped garlic', 'cumin seeds', 'mint leaves', 'Fried onions', 'Ginger ', 'Mint leaves', 'Chat masala', 'Medium sized green chillies']",foods_data
1069,Chicken Handi,Indian,main course,374.0,14.0,12.0,30.0,"['chicken', 'cornflour', 'black pepper powder', ' salt', 'oil', 'onion', 'green chilli paste', 'ginger garlic paste', 'tomatoes', 'coriander powder', 'cumin powder', 'turmeric powder', 'Garam masala', 'Kashmiri chili powder or paprika powder', 'red chili powder', 'yogurt', 'butter', 'dried fenugreek leaves', 'cream ']",foods_data
1070,Chicken Korma Recipe (Pakistani),Pakistani,main course,400.0,25.0,13.0,28.0,"['skinless chicken pieces', 'oil', 'onions', 'cashew', 'yogurt', 'cloves', 'green cardamom', 'cumin seeds', 'pepper corns', 'cinnamon stick', 'black cardamom', 'bay leaf', 'green chili paste', 'garlic paste', 'ginger paste', 'coriander powder', 'red chilli powder', 'Kashmiri chili powder', 'turmeric powder', 'salt ', 'kewra water', 'water']",foods_data
1071,Spicy Chicken Lettuce Wraps,World,dinner recipes,165.0,14.0,15.0,6.0,"[' boneless chicken', '\ufeffcorn flour', 'egg', 'pepper', '\ufeffsalt or to taste', '\ufeffsoy sauce', 'oil', '\ufeffred chili crushed', 'garlic', 'capsicum', 'onion', 'tomato ketchup', '\ufeffchicken stock', 'tomato paste', 'honey', 'soy sauce', 'Salt ', 'Oil', 'ramen (instant noodle)', 'Green onions']",foods_data
1072,Chicken Nihari Recipe,Indian,dinner recipes,446.0,29.0,12.0,31.0,"['oil', 'chopped onion', 'Nihari Masala', 'ginger garlic paste', 'green chilli paste', 'skinless chicken', 'water ', 'wheat flour', 'plain yogurt', 'ghee ', 'chilli powder', 'ginger', 'Fresh coriander', 'lemon wedges']",foods_data
1073,Homemade Chicken Nuggets With Ground Chicken,World,snack,139.0,7.0,13.0,6.0,"['bread', 'milk', 'ground chicken', 'onion powder', 'garlic powder', 'chicken powder', 'lemon juice', 'salt ', 'pepper', ' eggs', 'bread crumb', 'Oil']",foods_data
1074,Chicken Pakora,Indian,"appetizer, iftar, side dish, snack",439.0,26.0,22.0,27.0,"['skinless boneless chicken', 'baking powder', 'gram flour', 'rice flour', 'onions', 'ginger garlic paste', 'red chili flakes', 'dried fenugreek leaves', 'cumin powder', 'coriander powder', 'lemon juice ', 'salt', ' cilantro', 'turmeric powder', 'green chili paste', 'sliced green chilies ', 'water', 'oil']",foods_data
1075,Chicken Samosa,Indian,appetizer,132.0,5.0,3.0,11.0,"['ground chicken', 'ginger paste', 'garlic paste', 'lemon juice', 'green chilli paste or adjust to taste', 'oil or butter', 'red chilli flakes', 'black pepper', 'garam masala', 'cumin powder', 'coriander powder', 'salt', 'cilantro', 'finely chopped onion', 'chopped green chillies', 'Samosa Patti', 'wheat flour', 'Oil']",foods_data
1076,Walnut Brownie Recipe,American,dessert,272.0,2.0,31.0,16.0,"['bitter sweet chocolate ', 'unsalted butter', 'powdered white sugar', 'brown sugar, loosely packed', 'egg', 'cocoa powder', 'all purpose flour', 'walnuts']",foods_data
1077,Cinnamon Spice Tea Recipe,World,drinks,83.0,1.0,22.0,0.3,"['water', 'cinnamon sticks', 'honey', 'cardamoms', 'dried orange peels', 'freshly grated ginger', 'whole cloves', 'black tea', ' green tea', 'lemon juice', 'orange juice']",foods_data
1078,Coconut Balls Recipe (With Condensed Milk),World,dessert,155.0,2.0,11.0,13.0,"['desiccated coconut', 'condensed milk\xa0', ' milk chocolate']",foods_data
1079,Date Balls Recipe,World,energy snack,44.0,1.0,8.0,1.0,"['dates', 'almonds ', 'desiccated or shredded coconut', 'cocoa powder', 'pink salt', 'butter']",foods_data
1080,Date Roll,Indian,"energy snack, sweet",56.0,1.0,9.0,2.0,"['almond', 'cashew', 'pistachio', 'walnuts', 'sesame seeds', 'pitted dates', 'butter or ghee ', 'raisins', 'cardamom powder']",foods_data
1081,Bohra Kharak Recipe (Kharik),Bohra Recipes,dessert,43.0,1.0,7.0,1.0,"['dried dates', 'milk', 'water', 'milk powder', 'condensed milk', 'powdered nuts', 'green cardamom powder', 'crushed almonds', 'crushed pistachio']",foods_data
1082,Dried Dates Pudding Recipe,Bohra Cuisine,dessert,240.0,7.0,26.0,13.0,"['dried dates', ' milk', 'egg', 'can sweetened condensed milk', 'cream', 'chocolate syrup', 'walnut or almond']",foods_data
1083,Dulce De Leche Mousse,World,dessert,282.0,5.0,26.0,18.0,"['pack caramel biscuits like Biscoff', 'butter', 'dulce de leche ', 'whipping cream, chilled', 'egg whites', 'gelatin crystals', 'vanilla or caramel essence', 'salted caramel sauce']",foods_data
1084,Dum Ka Keema,Hyderabadi,dinner recipes,424.0,3.0,11.0,42.0,"['ground meat', 'yogurt', 'green chili paste', 'raw papaya paste', 'ginger garlic paste', 'red chili flakes', 'coriander powder', 'cumin powder', 'garam masala', 'red chili powder', 'Kashmiri chili', 'black pepper', 'black cumin', 'salt', 'oil', 'ghee', 'onions', 'gram flour', 'piece of charcoal', 'ginger', 'mint leaves', 'Butter']",foods_data
1085,Eggplant Fries Recipe,World,"appetizer, snack",358.0,11.0,42.0,16.0,"[' eggplant', 'water', 'milk', 'salt', 'flour', 'chicken powder', 'dry basil leaves', 'eggs', ' salt', ' pepper', 'bread crumbs', 'Oil']",foods_data
1086,Gajar Ka Halwa,Indian,dessert,457.0,12.0,41.0,29.0,"['carrot', 'ghee', 'cardamom powder', 'milk', 'sugar ', 'khoya', 'raisin', 'mixed nuts ']",foods_data
1087,Gol Papdi,Bohra Cuisine,energy snack,288.0,3.0,35.0,15.0,"['ghee', 'mixed nuts ', 'gond katira', 'semolina', 'wheat flour', 'cardamom powder', ' saffron ', 'jaggery']",foods_data
1088,Grape Jam,World,butters and jams,53.0,1.0,14.0,1.0,"['grapes ', 'sugar ', 'lemon juice', 'grapes']",foods_data
1089,Green Chutney,Indian,"condiment, dip, sauce",14.0,1.0,1.0,1.0,"['mint leaves', 'cilantro leaves', 'yogurt', 'coconut', 'lemon juice', 'garlic', 'green chili paste', 'sugar', 'roasted cumin seeds', 'salt ', 'yogurt']",foods_data
1090,Mutton Paya,Bohra Recipes,main course,177.0,1.0,6.0,17.0,"['oil or ghee', ' onions, ', 'green chilli paste', 'ginger garlic paste', 'turmeric', 'cumin', 'coriander powder', 'cloves', 'pepper corns', 'trotters of goat', 'water', 'wheat flour', 'fresh coriander,', 'freshly grounded black pepper']",foods_data
1091,Guava Jam,Indian,butters and jams,47.0,1.0,11.0,1.0,"['guava', 'water', 'sugar', 'lemon juice ', 'cinnamon', 'cardamom', 'saffron']",foods_data
1092,Haleem Recipe,Hyderabadi,dinner recipes,374.0,19.0,35.0,18.0,"['whole wheat kernels', 'barley', 'rice', 'red lentil', 'yellow lentil', 'bengal gram', 'green chilli', 'ginger', 'garlic paste', 'salt', 'oil', 'large onion', 'haleem masala', 'boneless beef', 'water', 'oil', 'chopped ginger', 'chopped garlic', 'cumin seeds', 'round button chilles', 'medium onions', 'ginger', 'mint leaves', 'chat masala', 'green chillies']",foods_data
1093,Hariyali Chicken Tikka,Indian,"appetizer, dinner recipes",204.0,10.0,13.0,13.0,"['chicken cubes', 'cilantro leaves', 'mint leaves', 'green chillies', 'garlic', 'ginger', 'cumin powder*', 'Garam Masala Powder', 'lemon juice', 'cream', 'oil', 'peanut', 'salt ']",foods_data
1094,Easy Hoisin Sauce Recipe,World,condiment,52.0,2.0,3.0,4.0,"['peanut butter', 'dark soy sauce', 'brown sugar', 'vinegar', 'sesame oil', 'hot sauce', 'minced garlic', 'black pepper', 'water']",foods_data
1095,Homemade Tomato Ketchup From Fresh Tomatoes,World,condiment,16.0,0.2,4.0,0.1,"[' fresh tomatoes', ' onion', ' garlic', 'brown sugar or jaggery', 'distilled white vinegar', 'white sugar', 'red chilli flakes', 'pepper', 'cinnamon powder', 'mustard sauce', '\u2028salt']",foods_data
1096,Oreo Cookie Ice Cream,World,dessert,304.0,4.0,28.0,20.0,"['cream', 'Oreo cookies', 'condensed milk']",foods_data
1097,Salted Caramel Sauce Recipe,World,sauce,112.0,1.0,13.0,7.0,"['granulated sugar', 'salted butter', 'cream', 'salt ']",foods_data
1098,Dulce De Leche (Boiled Condensed Milk),World,condiment,79.0,2.0,13.0,2.0,"['sweetened condensed milk', 'Water']",foods_data
1099,Hummus Recipe Without Tahini,Arabic,"condiment, snack",319.0,8.0,21.0,24.0,"['sesame seed', 'extra virgin olive oil', 'lemon juice', 'yogurt', 'extra virgin olive oil', 'garlic ', 'salt', 'ice cubes', 'chickpeas', 'paprika ']",foods_data
1100,Imli Aloo Bukharay Ka Sharbat,Indian,drinks,115.0,1.0,30.0,1.0,"['tamarind pulp with seeds', 'prunes', 'water', 'cumin powder', 'black salt ', 'sugar']",foods_data
1101,Indian Butter Chicken,Indian,"dinner recipes, main course",444.0,28.0,10.0,33.0,"['skinless boneless chicken', 'yogurt', 'lemon juice', 'Kashmiri chili', 'ginger paste', 'garlic paste', 'green chili paste', 'cumin powder', 'coriander powder', 'garam masala Powder', 'red chilli flakes', 'salt', 'oil', 'butter', 'cashew nuts', 'Kashmiri chilli powder', 'ginger paste', 'garlic paste', 'red chilli flakes', 'cumin powder', 'turmeric powder', 'salt', ' tomato', 'cream', 'sugar', 'fenugreek leaves', 'water']",foods_data
1102,Chicken Burger Patty,World,dinner recipes,510.0,19.0,36.0,32.0,"['fine ground chicken/chicken mince', 'red chilli', 'black pepper', 'garlic paste', 'onion', 'cilantro / corriander', 'mayonaise', 'lemon juice', 'bread crumbs', 'onions', 'light soy sauce', 'vinegar', 'sugar', 'red chilli flakes', 'salt', 'mayonaise', 'ketchup', 'chili garlic sauce', 'garlic paste', 'mustard', 'Salad leaves', 'Cucumber', 'Tomato', 'Sliced cheese', 'Burger buns']",foods_data
1103,Kaleji Fry Masala Recipe | Liver Fry,Indian,main course,504.0,27.0,10.0,39.0,"['oil', 'onion', 'ginger garlic paste', 'small green chilli paste', 'coriander powder', 'cumin seeds', 'red chilli powder', 'turmeric powder', 'black pepper', 'tomato', 'yogurt', 'dried fenugreek leaves', 'lamb or beef Liver', 'salt', 'butter or ghee', 'coriander leaves', ' green chillies', 'ginger sliced', 'lemon wedges']",foods_data
1104,Karak Chai,Arabic,"breakfast, drinks, tea",114.0,3.0,19.0,3.0,"['sugar', 'water', 'black tea leaves', 'green cardamom', 'evaporated milk', ' cinnamon stick', 'cloves', 'ginger', 'saffron']",foods_data
1105,Kashmiri Chicken,Bohra Recipes,main course,437.0,18.0,13.0,35.0,"['chicken pieces', 'Kashmiri red chilies', 'raisin', 'garlic', 'cumin', 'coriander seeds', 'yogurt', 'oil', 'oil', 'cumin seeds', 'mustard seeds', '\xa0black seeds', ' curry leaves', 'round red chilies']",foods_data
1106,Keema Naan Recipe,Pakistani,dinner recipes,843.0,32.0,90.0,39.0,"['plain flour', 'yogurt', 'salt', 'sugar', 'egg', 'instant yeast', 'oil', 'milk', 'lukewarm water ', 'groundmeat', 'finely chopped onions ', 'ginger paste', 'garlic paste', 'dried pomegranate arils', 'coriander seeds', 'cumin seeds', 'red chili flakes', 'salt', 'red chili powder', 'turmeric', 'black pepper', 'butter ', 'green chili', 'corriander/ cilantro leaves', 'chopped mint leaves', 'yogurt', 'sesame seeds', 'butter or oil']",foods_data
1107,Keema Samosa Recipe,Indian,"appetizer, side dish, snack, starter,",118.0,2.0,21.0,3.0,"['ground meat', 'water', 'ginger garlic paste', 'coriander', 'cumin', 'red chilli powder ', 'Garam Masala Powder', 'turmeric powder', 'salt ', 'finely chopped onion', 'green onion', 'green coriander', 'mint leaves', 'chat masala ', 'lemon juice', ' green chillies', 'samosa patti ', 'wheat flour ', 'Oil']",foods_data
1108,Kiwi Jam,World,butters and jams,60.0,1.0,15.0,1.0,"['kiwi', 'sugar', 'lemon juice']",foods_data
1109,Karahi Gosht,Pakistani,main course,349.0,17.0,14.0,26.0,"['oil', 'green chili paste', 'ginger paste', 'garlic paste', 'lamb or mutton', 'water', 'oil or ghee', 'onion', 'Kashmiri chili powder', 'cumin powder', 'red chili flakes ', 'coriander powder', 'turmeric powder', 'black pepper', 'garam masala powder', 'salt', 'tomato', 'dry fenugreek leaves', 'butter or ghee', ' green chilies', 'ginger', 'chopped fresh coriander']",foods_data
1110,Mutton Leg Roast (Raan),Indian,"dinner recipes, main course",385.0,45.0,4.0,20.0,"['red chii flakes', 'coriander', 'cumin', 'black pepper', 'garam masala powder', 'salt', 'mutton leg', 'lemon juice', 'ginger paste', 'garlic paste', 'yogurt', 'cream', 'chilli garlic sauce or ketchup', 'oil', 'chopped garlic', 'cumin', 'red button chilies', 'curry leaves']",foods_data
1111,Lemon Mousse Cake,American,dessert,336.0,8.0,40.0,17.0,"['hard biscuit', 'wheat biscuit', 'almonds', 'butter', 'sweetened condensed milk', 'heavy cream', 'milk', 'lemon juice', 'unflavored gelatin powder', 'lemon juice', 'corn flour', 'sugar', 'water', 'lemon']",foods_data
1112,Homemade Lemon Ice Cream,World,dessert,258.0,4.0,22.0,18.0,"['cream', 'condensed milk', 'fresh lemon juice', 'lemon zest', 'lemon cookies']",foods_data
1113,Mango Jam,World,butters and jams,48.0,1.0,12.0,1.0,"['mangoes chunk', 'sugar', 'Lemon juice']",foods_data
1114,Mango Kulfi Recipe,Indian,dessert,283.0,5.0,27.0,18.0,"['heavy cream', 'mango chunks', 'sweetened condensed milk', 'evaporated milk', 'green cardamom powder', 'yellow food color', 'powdered sugar']",foods_data
1115,Chocolate Cold Cake Recipe,World,dessert,123.0,4.0,21.0,4.0,"['butter', 'table sugar', 'eggs', 'cocoa powder', 'teatime biscuit', 'chocolate', 'cream', 'peanut or any nuts']",foods_data
1116,Mix Sabzi,Pakistani,main course,274.0,2.0,7.0,28.0,"['vegetable oil', 'freshly chopped garlic', 'crushed red chilli', 'coriander powder', 'cumin seeds', 'turmeric powder', 'mustard seeds', 'Garam Masala Powder', 'green chilli paste', ' onion', 'tomato', 'spinach', 'fenugreek leaves', 'dill leaves', 'carrots', 'cauliflower', ' potato', 'brainjal', 'boiled green pea', 'Fresh coriander / cilantro', 'Ginger', 'Chilies Slices']",foods_data
1117,Carrot Bundt Cake,British,dessert,463.0,,,,"['egg', 'brown sugar', 'vegetable oil', 'baking powder', 'baking soda', 'fresh cinnamon powder', 'golden raisins', 'walnuts', 'a pinch of salt', 'finely grated carrot', 'flour', 'butter', 'vanilla essence', 'icing sugar', 'milk or cream']",foods_data
1118,Kofta Curry,Indian,main course,640.0,23.0,17.0,53.0,"['ground meat', 'finely chopped onion', 'bread', 'ginger garlic paste', 'green chili paste', 'cumin powder', 'corriander powder', 'salt', 'oil', 'sliced onion', 'ginger garlic paste', 'green chili paste', 'almonds', 'turmeric powder', 'red chili flakes', 'cumin powder', 'salt', 'corriander powder', 'tomato', 'cinnamon stick', 'cloves', 'peppercorn', 'black cardamom', 'yogurt ', 'water']",foods_data
1119,Yakhni Pulao,Bohra Cuisine,main course,709.0,22.0,91.0,29.0,"['mutton or lamb (bone-in)', 'black pepper', 'coriander seed', 'fennel seed', 'cinnamon', 'black cardamom', 'green cardamom', 'bay leaf', 'star anise', 'clove', ' onion', 'ginger', 'garlic', 'water', 'salt', 'tomato', 'oil', 'potatoes', 'long grain basmati', ' onions', 'green chilli paste', 'ginger garlic paste', 'black pepper', 'cloves', 'cinnamon', 'cumin seeds', 'coriander powder', 'dried plum', 'yogurt', ' mint leaves', 'Fried onion', 'Fried green chili', 'Fried garlic slices', 'Fresh mint']",foods_data
1120,Nihari Masala,Hyderabadi,main course,22.0,1.0,4.0,1.0,"['coriander seeds', 'fennel seeds', 'cumin seeds', 'black cumin', 'black pepper', 'cinnamon stick', 'black cardamom', 'green cardamom*', 'cloves', 'bay leaf*', 'star anise*', 'long pepper', 'Kashmiri chilli powder', 'red chilli powder', 'turmeric powder*', 'salt']",foods_data
1121,Nihari Recipe,Hyderabadi,main course,534.0,25.0,11.0,44.0,"['oil', 'onion', 'beef shank', 'bones with bone marrow', 'Nihari Masala', 'ginger paste', 'garlic paste', 'green chilli paste', 'water ', 'wheat flour or more for thicker', 'plain yogurt', 'ginger ', 'lemon wedges', 'green chili', 'fresh coriander / cilantro']",foods_data
1122,Oreo Balls With Condensed Milk,World,dessert,108.0,1.0,16.0,5.0,"['1 packet Oreo ', 'condensed milk', 'chocolate of your choice']",foods_data
1123,Pakistani Chicken Biryani,Indian,main course,590.0,9.0,90.0,21.0,"['chicken', 'yogurt', 'green chilli paste', 'ginger garlic paste', 'red chilli powder or 2 tablespoons biryani masala', 'coriander powder', 'cumin seeds', 'turmeric powder', 'cinnamon', 'black pepper', 'garam masala powder', 'cloves', 'black cardamom', 'bay leaf', 'salt ', 'Oil ', 'onion (or 1 cup fried onions packed)', 'tomatoes', 'prunes*', ' potatoes', 'chat masala', ' basmati rice', 'Water', 'cinnamon', 'cumin seeds', 'bay leaf', 'black pepper', 'cloves', 'salt', 'oil', 'coriander leaves', ' mint leaves', ' green chillies', ' Saffron', ' yellow or orange color', 'water for dum']",foods_data
1124,Chicken Karahi Recipe,Pakistani,main course,342.0,13.0,10.0,29.0,"['chicken', 'oil', 'black pepper', 'salt', 'onion', 'chopped garlic', 'green chilli paste', ' kashmiri red chilli powder', 'coriander powder', 'cumin powder', 'dry fenugreek leaves', 'garam masala powder', 'turmeric powder', 'black pepper powder', 'red chilli', 'tomato ', 'salt', 'butter', 'ginger', ' chillies', 'lemon']",foods_data
1125,Chicken Tikka Recipe Pakistani,Indian,dinner recipes,361.0,42.0,7.0,18.0,"['skinless chicken', 'salt', 'vinegar', 'Kashmiri chili powder or paprika for color', 'cumin powder', 'coriander powder', 'red chilli flakes', 'turmeric powder', 'black pepper powder', 'ginger paste', 'garlic paste', 'green chilli paste', 'salt', 'oil', 'lemon juice', 'plain yogurt', 'raw green papaya paste', 'sugar', 'zarda color or red color', 'Oil']",foods_data
1126,Keema Cutlets (Beef Or Mutton),Bohra Recipes,snack,133.0,7.0,8.0,8.0,"['ground meat', 'green chili paste', 'ginger garlic paste', 'coriander powder', 'red chili flakes', 'cumin powder', 'red chili powder', 'salt', 'black pepper', 'turmeric powder', 'bread slices', 'milk', 'cilantro', ' mint leaves', ' lemon juice', 'bread crumbs', 'eggs', 'salt', 'red chilli ', 'Oil']",foods_data
1127,Shami Kabab Recipe,Indian,snack,171.0,8.0,10.0,11.0,"['round red chili ', 'laung', 'cinnamon', 'black cardamom', 'black pepper', 'bay leaf', 'corriander \xa0seeds', 'cumin', 'black cumin', 'fenugreek seeds', 'salt', ' boneless beef', 'yellow split pea', 'potato', 'Shami kebab Spice Mix', 'oil', 'mint leaves', 'green chilies', 'ginger  ', 'garlic ', 'turmeric', 'water', 'chopped fresh coriander', 'chat masala', '\xa0chopped onion', 'egg', 'hard-boiled egg', 'eggs', 'salt', 'red chili powder', 'Breadcrumbs', 'Oil']",foods_data
1128,Paneer Reshmi Chicken Handi,Pakistani,dinner recipes,615.0,23.0,33.0,44.0,"['oil', 'onion', 'green chilli paste', 'ginger paste', 'garlic paste', 'yogurt', 'chicken cubes', 'cornflour', 'Salt', 'butter', 'cumin powder', 'capsicum', 'onion', 'shredded cheese', 'heavy cream', 'butter', 'chillies', 'white pepper', 'Salt']",foods_data
1129,Papaya Jam,World,breakfast,44.0,1.0,11.0,1.0,"['papaya', 'sugar', 'lemon juice']",foods_data
1130,Peach Ice Cream Recipe (No-Eggs),World,dessert,272.0,4.0,26.0,18.0,"['peaches', 'whipping cream', 'sweetened condensed milk', 'lemon juice', 'orange food color']",foods_data
1131,Peach Jam Recipe Without Pectin,World,butters and jams,48.0,1.0,12.0,1.0,"['peach', 'sugar', 'lemon juice']",foods_data
1132,Peach Juice,World,drinks,154.0,1.0,40.0,1.0,"['peach chunks', 'water', 'sugar', 'lemon juice', 'ice', 'Mint leaves', 'lemon soda']",foods_data
1133,Pear Jam,World,butters and jams,80.0,1.0,20.0,1.0,"['pear', 'sugar', 'lemon juice', 'cinnamon ', 'grated ginger ', 'lemon zest']",foods_data
1134,Plum Juice Recipe,World,drinks,272.0,1.0,70.0,1.0,"['plums', 'sugar', 'lemon juice', 'chilled water', 'plum syrup', 'lemon soda', 'Mint leaves', 'ice cubes', 'plum syrup', 'Mint leaves']",foods_data
1135,Plum Ice Cream,World,dessert,260.0,4.0,23.0,18.0,"['plum', 'whipping cream', 'sweetened condensed milk', 'lemon juice']",foods_data
1136,Plum Jam Recipe Without Pectin,World,breakfast,63.0,1.0,16.0,1.0,"['plum', 'sugar', 'lemon juice']",foods_data
1137,Potato Cheese Balls Recipe,World,"side line, starter,",85.0,2.0,8.0,5.0,"['potatoes', 'bread crumbs', 'chopped fresh corriander', 'chopped green onions', 'lemon juice', 'red chilli powder', 'garlic paste', 'cumin powder', 'salt or more to taste', 'cheddar cheese', 'red chilli flakes', 'dried basil ', 'black pepper', 'cornflour', 'eggs ', 'red chilli powder', 'salt', 'water', 'bread crumbs', 'Oil ']",foods_data
1138,Mango Delight Recipe,Indian,dessert,266.0,4.0,23.0,19.0,"['mango chunks', 'condensed milk', 'whipping cream', 'Marie biscuit', 'Crushed biscuit and nut to garnish']",foods_data
1139,Rocky Road Ice Cream Recipe,American,dessert,368.0,7.0,27.0,28.0,"['heavy cream', ' cocoa powder', 'sweetened condensed milk', 'chocolate', 'sliced almonds', 'miniature marshmallows']",foods_data
1140,Sarson Ka Saag Pakistani,Indian,main course,204.0,,,,"['mustard greens', 'spinach', 'cumin seeds', 'turmeric', 'salt', 'water', 'ghee or butter', 'cloves garlic', 'mustard seeds', 'fenugreek seeds', 'medium onion', 'green chilli paste', 'ginger', 'tomato']",foods_data
1141,Chicken Crepes,French,dinner recipes,435.0,23.0,26.0,26.0,"['milk', 'water', 'flour', 'eggs', 'butter', 'salt', 'Oil', 'boneless chicken', 'garlic paste', 'green chilli', 'oil', 'Salt to taste', 'oil', 'garlic chopped', 'plain flour', 'oregano powder', 'black pepper powder', 'chicken bouillon cube', 'milk', 'large stalk green onions', 'medium capsicum', 'medium green chillies', 'cheddar cheese', 'dried oregano']",foods_data
1142,Chicken Seekh Kabab Recipe,Indian,main course,76.0,7.0,4.0,4.0,"['ground chicken ', 'onion', 'fresh coriander', 'minced ginger', 'garlic', 'green chillies', ' butter', 'cream', 'seekh kabab masala', 'ghee or oil ', 'piece of charcoal', 'gram flour or chickpea flour ', 'coriander seeds', 'Kashmiri red chilli powder', 'red chilli powder', 'cumin seeds', 'black pepper', 'turmeric powder', 'oregano seed', 'laung', 'salt ']",foods_data
1143,Beef Seekh Kebab (Pakistani),Indian,main course,475.0,31.0,9.0,35.0,"['ground beef ', 'cumin seeds', 'coriander powder', 'butter ', 'chopped ginger', 'chopped garlic', 'red chilli powder', 'baking soda', 'salt', 'finely chopped onion', 'chopped coriander leaves', 'chopped mint', 'garam masala', 'Oil']",foods_data
1144,Sheer Khurma,Indian,dessert,332.0,9.0,45.0,14.0,"['milk', 'sugar', 'green cardamom powder', ' saffron', 'butter', 'dried dates', 'mixed nuts', 'crushed Indian vermicelli', 'raisins', 'cream']",foods_data
1145,Indian Shepherd'S Pie Recipe,Irish,dinner recipes,669.0,29.0,62.0,35.0,"['oil', ' onions', 'soya sauce', 'garlic', 'ginger', 'red chilli flakes', 'cumin', 'salt', 'oregano powder', 'thyme powder', 'tomatoes', 'carrot', 'green pea', 'sweet corn', 'ground meat', 'chopped chilies', 'cilantro ', 'potato', 'milk', 'butter', 'garlic powder', 'Red chili flakes', 'salt or to taste', 'cheddar cheese']",foods_data
1146,Soft Roti Recipe (With Secret Tips),Indian,dinner recipes,89.0,3.0,14.0,3.0,"['whole wheat flour/ gundum atta', 'oil or ghee', 'salt', 'warm water']",foods_data
1147,Spicy Chicken Sandwich,American,appetizer,935.0,37.0,60.0,60.0,"['chicken breast,  or 6 thigh pieces,', 'egg', 'chipotle sauce', 'lemon juice', 'pepper', 'salt', 'garlic powder', 'flour', 'cornflour', 'garlic powder', 'salt', 'pepper', 'baking powder', 'paprika', 'chili flakes ', 'Cold water', 'Oil', 'mayonnaise\u2028\u2028', 'chipotle sauce', 'ketchup', 'honey', 'mustard sauce', 'Cheese slices', 'buns', 'Lettuce, pickles, veggies', 'Any other sauce of choice']",foods_data
1148,Spicy Mongolian Beef,American,dinner recipes,455.0,24.0,24.0,29.0,"['beef ', 'cornflour', 'soy sauce', 'Oil', 'chicken stock', 'hoisin sauce', 'soy sauce ', 'red chili flakes ', 'brown sugar', 'cornflour ', 'oil', 'minced garlic', 'minced ginger ', 'dried red chili', 'green onions']",foods_data
1149,Homemade Strawberry Ice Cream With Condensed Milk,World,dessert,203.0,3.0,17.0,14.0,"['strawberry chunks', 'heavy cream', 'sweetened condensed milk', 'lemon juice', 'red food color']",foods_data
1150,Strawberry Jam Without Pectin,World,breakfast,42.0,1.0,11.0,1.0,"['strawberries', 'sugar', 'lemon juice']",foods_data
1151,Thai Chicken Satay,Thai,appetizer,444.0,39.0,18.0,25.0,"['boneless skinless chicken', 'coconut milk', 'soy sauce', 'ginger or galangal paste', 'garlic paste', 'red curry paste', 'curry powder', 'brown sugar', 'lemon juice', 'coconut oil or any neutral oil', 'natural peanut butter', 'lemon juice ', 'white sugar', 'soy sauce', 'red curry paste', 'chili powder', 'salt', 'water more as needed']",foods_data
1152,Thai Red Curry Chicken,Thai,dinner recipes,435.0,29.0,14.0,31.0,"['coconut oil', 'minced ginger', 'minced garlic', 'finely chopped onions', 'Thai red curry paste', 'chilli flakes', 'corriander powder', 'chicken breast', 'lemon juice', 'chicken stock', 'soy sauce', 'juiliened veggies', 'coconut milk ', 'lime leaves', 'cornstarch ', 'Salt', 'Cilantro ']",foods_data
1153,Tikka Paratha Roll Bake,Indian,main course,792.0,18.0,46.0,59.0,"['boneless chicken breast', 'Chicken Tikka Spice Mix', 'cream', 'yogurt', 'ginger garlic paste', 'black pepper powder', 'oil', 'Mayonnaise', 'tamarind chutney', 'coriander and mint chutney', 'jalapeno pepper', 'garlic paste', 'large onion', 'capsicum', 'frozen paratha', 'milk', 'olives', 'cheddar cheese', 'Capsicum ']",foods_data
1154,Tomato Jam Recipe,American,condiment,32.0,0.3,8.0,0.1,"['tomatoes ', 'brown sugar', 'sugar', 'minced ginger', 'salt', 'minced garlic', 'red chili flakes', 'ground cumin']",foods_data
1155,Easy Tom Kha Gai,Thai,soup,354.0,16.0,18.0,26.0,"['coconut oil', 'minced garlic', 'minced ginger', 'red Thai curry paste', 'red chilies flakes', 'chopped  onion', 'chicken breasts', ' white mushroom caps', 'lemongrass ', 'chicken broth', 'sugar', 'soy sauce', 'lemon juice', ' coconut milk', 'cornflour', 'green onions']",foods_data
1156,Vegetable Biryani,Bohra Recipes,"dinner recipes, main course",304.0,6.0,50.0,9.0,"['Basmati rice', 'bay leaf', 'cinnamon stick', 'cumin seed', 'black pepper', 'cloves', 'Salt to taste', 'oil', 'vegetable oil', 'medium onions', 'garlic paste', 'ginger paste', 'green chilli paste', 'coriander powder', 'red chilli powder', 'cumin seed', 'Garam Masala Powder', 'turmeric powder', 'mustard seeds', 'fenugreek seed', 'medium tomatoes', 'chopped spinach', 'medium carrots', 'peas', 'medium potatoes', 'small cauliflower', 'florets', 'medium eggplant', 'bottle gourd', 'medium green chillies', 'Few curry leaves', 'dried fenugreek leaves', 'Few coriander leaves', 'Few saffron strands', 'medium onion', 'oil from fried onions']",foods_data
1157,Vegetable Samosa,Indian,appetizer,305.0,6.0,41.0,13.0,"['all-purpose flour  ', 'ghee ', 'cumin ', 'salt', 'water', 'oil', 'ginger', 'garlic', 'green chili', 'onion ', 'whole cumin seed', 'corriander', 'red chili flakes', 'ground turmeric', 'salt', 'green pea', 'carrot ', 'potatoes ', 'lemon juice', 'sugar', 'fresh coriander ', 'Oil']",foods_data
1158,White Chicken Korma,Pakistani,main course,267.0,14.0,8.0,20.0,"['vegetable oil', 'clove', 'cinnamon', 'black cardamom', 'star anise', ' onion', 'green chilli paste ', 'ginger garlic paste  ', 'cumin powder', 'green cardamom powder', 'white pepper', 'garam masala powder', 'salt', 'chicken', 'water ', 'coconut milk ', 'cashew', 'plain yogurt', 'desiccated coconut', 'kewra water']",foods_data
1159,White Chicken Karahi,Indian,main course,531.0,24.0,5.0,45.0,"['coriander', 'cumin', 'whole black pepper', 'chicken pieces', 'oil', 'Salt to taste', 'ginger garlic paste', 'onion', 'green chilli paste', 'garam masala powder', 'yogurt', 'cream', 'green chili, divided', 'ginger']",foods_data
1160,Bone Broth From 'Nom Nom Paleo',American,main,,5.22,1.29,3.2,,all_diets
1161,"Paleo Effect Asian-Glazed Pork Sides, A Sweet & Crispy Appetizer",South East Asian,main,,181.55,28.62,146.14,,all_diets
1162,Paleo Pumpkin Pie,American,main,,30.91,302.59,96.76,,all_diets
1163,Strawberry Guacamole Recipes,Mexican,main,,9.62,75.78,59.89,,all_diets
1164,"Asian Cauliflower Fried ""Rice"" From 'Nom Nom Paleo'",Chinese,main,,39.84,54.08,71.55,,all_diets
1165,Paleo Shrimp-Stuffed Mushrooms Recipes,Mediterranean,main,,68.62,34.15,42.44,,all_diets
1166,Paleo Pumpkin Pie Recipes,American,main,,30.03,275.88,97.68,,all_diets
1167,Autoimmune Paleo Pesto,Italian,main,,4.25,14.15,72.9,,all_diets
1168,Baked Banana Chip Encrusted French Toast,French,main,,152.88,1874.52,385.8,,all_diets
1169,Vietnamese Pho Pressure Cooker (Noodle Soup),South East Asian,main,,602.91,274.87,400.01,,all_diets
1170,Paleo Collard Burrito,Mexican,main,,44.62,28.66,78.46,,all_diets
1171,Paleo Chawanmushi (Savory Egg Custard) Recipes,American,main,,61.43,13.29,24.6,,all_diets
1172,‘Paleo' Banana Bread,American,main,,46.69,192.54,156.48,,all_diets
1173,Leftover Turkey Sandwich Recipes,American,main,,54.09,34.97,14.1,,all_diets
1174,Paleo Pumpkin Waffles,American,main,,51.24,89.63,78.38,,all_diets
1175,Fudgy Paleo Brownies,French,main,,64.29,263.65,176.36,,all_diets
1176,Magic Wings Recipes,American,main,,320.76,28.36,252.82,,all_diets
1177,Turkey Club Sandwich,American,main,,46.92,39.94,19.6,,all_diets
1178,Easy Paleo Meatloaf,American,main,,185.99,47.82,260.64,,all_diets
1179,Paleo Crepes,French,main,,15.73,15.91,49.16,,all_diets
1180,Chocolate Pecan Pie Recipes,American,main,,59.86,567.39,320.76,,all_diets
1181,Simple Crab Salad Recipes,American,main,,82.1,4.75,20.24,,all_diets
1182,Chocolate Pecan Pie,American,main,,54.7,503.39,320.12,,all_diets
1183,Asian Meatballs Recipes,Indian,main,,167.07,55.11,210.14,,all_diets
1184,Blueberry French Toast Casserole,French,main,,78.59,290.1,84.95,,all_diets
1185,Paleo Spanish Rice,Mediterranean,main,,28.67,64.13,37.71,,all_diets
1186,Whole30® Sriracha,South East Asian,main,,12.16,85.78,2.91,,all_diets
1187,Banana Cream Pie,American,main,,17.85,215.69,304.25,,all_diets
1188,Spicy Salmon Cucumber Bites Recipes,Nordic,main,,49.84,17.2,75.62,,all_diets
1189,Blueberry French Toast Casserole Recipes,French,main,,78.59,290.1,84.95,,all_diets
1190,Paleo Honey Cake,Eastern Europe,main,,87.32,258.25,259.21,,all_diets
1191,Chocolate Pumpkin Pie Recipes,Central Europe,main,,44.05,429.69,162.78,,all_diets
1192,Paleo Creamy Alfredo,American,main,,16.48,32.46,91.36,,all_diets
1193,Paleo Blini Recipes,Eastern Europe,main,,15.5,12.78,23.29,,all_diets
1194,Paleo Tzimmes,Kosher,main,,16.11,236.88,3.86,,all_diets
1195,Paleo Pumpkin Bars,American,main,,39.73,169.01,117.95,,all_diets
1196,Paleo Fruitcake,American,main,,82.45,271.48,204.91,,all_diets
1197,Paleo Chocolate Frosting,American,main,,14.19,85.18,150.26,,all_diets
1198,Paleo Crepes Recipes,French,main,,27.38,9.57,61.87,,all_diets
1199,Paleo Peach Crisp,French,main,,39.58,126.88,97.83,,all_diets
1200,Paleo Carrot Soup,American,main,,27.17,116.73,125.14,,all_diets
1201,Paleo Fruitcake Recipes,American,main,,85.97,271.68,207.57,,all_diets
1202,Best Paleo Chili,American,main,,193.11,83.93,227.24,,all_diets
1203,Perfect Paleo Pizza,Italian,main,,123.47,75.65,235.87,,all_diets
1204,Grain-Free Cauliflower Fried Rice Recipes,Chinese,main,,37.54,56.92,53.88,,all_diets
1205,Paleo Chocolate Frosting Recipes,American,main,,7.27,112.19,269.91,,all_diets
1206,Paleo Eggplant Lasagna,Italian,main,,172.17,186.26,467.17,,all_diets
1207,Paleo Pecan Tart Crust,American,main,,20.15,24.96,111.99,,all_diets
1208,Paleo Shepherd’S Pie,American,main,,189.35,143.25,300.66,,all_diets
1209,Paleo Pie Crust Recipes,American,main,,56.39,43.01,143.87,,all_diets
1210,Paleo Mug Cake Recipes,British,main,,10.48,19.56,12.5,,all_diets
1211,Paleo Flourless Chocolate Cake,American,main,,83.82,384.27,324.34,,all_diets
1212,Mini Paleo Egg Bites,American,main,,118.36,6.54,61.57,,all_diets
1213,Egg-Free Paleo Macaroons,French,main,,9.91,99.09,110.51,,all_diets
1214,Paleo Raw Chocolate Bites,American,main,,46.07,261.6,147.5,,all_diets
1215,Paleo Mushroom Soup Recipes,French,main,,60.19,112.58,52.61,,all_diets
1216,Paleo Birthday Cake Recipes,American,main,,68.21,199.96,161.13,,all_diets
1217,Paleo Avocado Tuna Salad,Mexican,main,,32.45,24.27,31.05,,all_diets
1218,Paleo Honey Cake Recipes,Eastern Europe,main,,90.83,258.46,261.91,,all_diets
1219,Paleo Pumpkin Bars Recipes,American,main,,49.0,412.09,116.03,,all_diets
1220,Perfect Paleo Baked Salmon,Nordic,main,,161.95,1.17,160.83,,all_diets
1221,Chocolate Mousse (Paleo! Keto!),French,main,,20.23,126.01,153.36,,all_diets
1222,Crab + Avocado Temaki Recipes,Caribbean,main,,88.79,32.66,55.58,,all_diets
1223,Red Cabbage Slaw With Tangy Carrot Ginger Dressing Recipes,American,main,,9.65,42.63,83.92,,all_diets
1224,Paleo Prosciutto Egg Cups,Italian,main,,80.95,6.34,113.98,,all_diets
1225,Paleo Chicken Adobo Recipes,Mediterranean,main,,123.17,61.52,107.7,,all_diets
1226,Cranberry Apple Stuffing,American,main,,47.89,285.93,93.75,,all_diets
1227,Paleo Dirty Rice Recipes,Caribbean,main,,26.68,80.75,35.37,,all_diets
1228,Slow-Cooker Paleo Meatballs,Eastern Europe,main,,145.6,102.25,144.33,,all_diets
1229,Delicata Squash Stuffed With Spiced Meat And Tomatoes (Serves 2) And A Side Of Sauteed Chard Recipes,Italian,main,,100.74,92.07,360.57,,all_diets
1230,Paleo Pork Chili Verde,American,main,,107.7,68.02,28.69,,all_diets
1231,Paleo Steak And Egg Salad,American,main,,65.19,17.09,69.97,,all_diets
1232,Easy Paleo Beef With Broccoli,Mediterranean,main,,102.5,38.41,98.85,,all_diets
1233,Paleo Party Pork Carnitas,Mexican,main,,268.92,128.88,334.28,,all_diets
1234,Paleo Pecan Tart Crust Recipes,American,main,,21.03,25.01,112.66,,all_diets
1235,Paleo Shepherd'S Pie Recipes,American,main,,189.35,143.25,300.66,,all_diets
1236,Paleo Vanilla Birthday Cake Recipes,French,main,,71.11,159.31,147.25,,all_diets
1237,Egg-Free Paleo Macaroons Recipes,French,main,,10.16,105.7,110.51,,all_diets
1238,Paleo Raw Chocolate Bites Recipes,American,main,,46.07,261.6,147.5,,all_diets
1239,Perfect Paleo Pie Crust Recipes,American,main,,43.97,104.37,160.83,,all_diets
1240,Practical Paleo: Mint Chip Truffles,American,main,,3.76,23.94,80.65,,all_diets
1241,Cindy'S Paleo Harvest Chili,American,main,,210.45,139.56,272.52,,all_diets
1242,Instant Pot Paleo Pork Tenderloin,French,main,,362.76,16.83,64.04,,all_diets
1243,Paleo Pecan-Crusted Chicken | Everydaypaleo.Com,American,main,,258.66,55.59,103.91,,all_diets
1244,Entertain Meatloaf Style,American,main,,197.94,70.1,110.07,,all_diets
1245,Semi-Homemade Paleo Spaghetti And Meatballs,Italian,main,,128.54,366.81,166.72,,all_diets
1246,Easy Paleo Herb Gravy Recipes,French,main,,23.56,39.05,42.25,,all_diets
1247,Homemade Mayo (Paleo And Whole30 Friendly!),Italian,main,,2.81,1.11,112.61,,all_diets
1248,Paleo And Vegan Pesto Stuffed Mushrooms,American,main,,10.73,15.5,49.29,,all_diets
1249,Paleo Un-Stuffed Cabbage Soup,Italian,main,,141.27,55.82,198.73,,all_diets
1250,Sweet Potato Chili (Paleo-Friendly!),American,main,,98.56,191.3,176.93,,all_diets
1251,Paleo Dirty Cauliflower ‘Rice’ Recipe,Mediterranean,main,,26.68,80.75,35.37,,all_diets
1252,Spicy Paleo Pumpkin Muffins Recipes,British,main,,121.84,413.93,317.39,,all_diets
1253,Paleo Cauliflower Bacon Fried Rice Recipe,Chinese,main,,28.76,50.01,48.09,,all_diets
1254,Paleo Beef And Sweet Potato Stew,American,main,,200.82,153.82,102.62,,all_diets
1255,Paleo Comfort Foods’ Poached Pears Recipes,French,main,,9.82,214.27,3.04,,all_diets
1256,Madras Chicken Salad Recipes,Mediterranean,main,,150.18,41.36,123.75,,all_diets
1257,Slow Cooker Cheater Pork Stew Recipes,French,main,,244.29,69.44,249.9,,all_diets
1258,Strawberry Rhubarb Crisp - And It'S Paleo. Recipes,American,main,,32.24,250.87,139.25,,all_diets
1259,Paleo Pasta Salad With Avocado Oil Vinaigrette,French,main,,31.23,74.97,116.67,,all_diets
1260,The Paleo Diet’S Salmon Caesar Salad Recipe,Nordic,main,,155.95,49.31,150.25,,all_diets
1261,"Eggplant ""Ricotta"" Stacks From 'Nom Nom Paleo'",Italian,main,,32.32,157.39,194.11,,all_diets
1262,Southwest Cowboy Chili From 'Nom Nom Paleo',American,main,,430.2,138.37,178.17,,all_diets
1263,Swiss Paleo’S Homemade Italian & Chorizo Sausage,Italian,main,,1273.61,83.34,1608.54,,all_diets
1264,Paleo Doritos Toast Will Scratch Your Snack Itch,American,main,,32.75,22.67,2.45,,all_diets
1265,"Paleo Pumpkin, Coconut, & Maple Custard Cups Recipes",American,main,,36.0,142.79,107.74,,all_diets
1266,Paleo Spaghetti Squash And Amped Up Meatballs,Italian,main,,128.33,154.22,125.77,,all_diets
1267,Swiss Paleo’S Bugs Bunny Hasenpfeffer Stew Recipes,Nordic,main,,65.78,96.23,130.86,,all_diets
1268,The Paleo Kitchen’S Honey Mustard Chicken Thighs Recipes,French,main,,152.56,53.59,205.36,,all_diets
1269,Stupid Easy Paleo’S Kickin’ Bbq Shredded Chicken Recipes,American,main,,283.7,78.55,252.1,,all_diets
1270,Paleo-Friendly Roasted Butternut Squash With Crispy Sage Leaves,Nordic,main,,6.45,66.8,42.58,,all_diets
1271,Orange Sriracha Chicken Recipes,South East Asian,main,,104.17,82.97,64.82,,all_diets
1272,Overnight Cherry Chia Seed Pudding – Paleo/Gluten Free/Vegan,American,main,,12.77,112.92,56.84,,all_diets
1273,Paleo Pumpkin Gingerbread Cake With Maple-Vanilla Frosting Recipes,American,main,,73.83,185.59,307.46,,all_diets
1274,"Sweet Potato & Pork Thanksgiving Stuffing (Paleo, Gluten-Free) Recipes",American,main,,197.91,312.15,371.5,,all_diets
1275,Paleo Comfort Food? Here’S A Creamy Shrimp Fra Diavolo Recipes,Italian,main,,102.47,51.64,54.82,,all_diets
1276,"Instant Pot Buffalo Sweet Potato Soup {Vegan, Whole30, Paleo, Gluten-Free}",American,main,,14.26,79.07,109.53,,all_diets
1277,Dill Butternut Squash Fries,American,main,,7.68,89.2,14.38,,all_diets
1278,Crispy Sweet Potato Fries,South American,main,,4.4,56.19,28.84,,all_diets
1279,Rosemary And Garlic Parsnip Mash,American,main,,3.34,48.53,13.6,,all_diets
1280,Four Layer Beef And Bacon Casserole,American,main,,213.63,149.66,298.56,,all_diets
1281,Boston Baked Beef,American,main,,135.99,193.85,232.95,,all_diets
1282,Nutella Brownie Truffles,French,main,,12.21,151.95,98.75,,all_diets
1283,Best Ever Bars,American,main,,62.76,194.9,266.67,,all_diets
1284,Salmon Cakes,Nordic,main,,86.31,11.17,66.45,,all_diets
1285,Crockpot Italian Chicken And Peppers,Italian,main,,86.07,84.94,43.04,,all_diets
1286,Herbed Rack Of Lamb,Middle Eastern,main,,35.36,6.76,133.82,,all_diets
1287,Moroccan Braised Chicken And Kale,Middle Eastern,main,,283.65,89.99,306.29,,all_diets
1288,Roasted Tomato Soup,Italian,main,,39.32,88.7,50.97,,all_diets
1289,Sweet Plantain Guacamole,South American,main,,19.18,134.0,138.71,,all_diets
1290,Turkey Spaghetti Zoodles,American,main,,122.69,96.81,51.15,,all_diets
1291,Celery Leaf & Fennel Poached Salmon,Nordic,main,,32.41,17.25,24.49,,all_diets
1292,Turkey Veggie Meatballs With Spaghetti Squash,American,main,,122.78,147.94,51.84,,all_diets
1293,Asian Sesame Chicken & Broccoli,Chinese,main,,107.67,31.95,70.25,,all_diets
1294,Cauliflower Fried Rice,Chinese,main,,46.62,82.76,53.47,,all_diets
1295,Khoresht Lubia Sabz (Persian Green Bean Stew),American,main,,121.29,69.51,49.55,,all_diets
1296,Cinnamon Chocolate Swirl Banana Bread,American,main,,68.73,266.84,183.04,,all_diets
1297,Easy Pan Gravy,British,main,,0.32,6.54,11.65,,all_diets
1298,Salsa Fresca Estilo Siete,Mexican,main,,4.94,33.55,1.11,,all_diets
1299,Ginger Snap Pumpkin Butter Cookie Sandwiches,American,main,,97.78,239.78,356.65,,all_diets
1300,Cauliflower Soup Drizzled With White Truffle Oil,French,main,,41.9,64.07,37.95,,all_diets
1301,Apple Pumpkin Soup,American,main,,9.95,64.53,19.56,,all_diets
1302,Easy Vegan Pad Thai Supreme,American,main,,97.94,217.78,168.32,,all_diets
1303,Beef Chorizo Con Huevo Estilo Siete,Mediterranean,main,,133.92,12.88,92.88,,all_diets
1304,Angel Food Cake,American,main,,55.09,283.94,5.02,,all_diets
1305,Asian Chicken Salad,Asian,main,,69.61,44.66,128.44,,all_diets
1306,Roasted Beef Tenderloin,American,main,,349.89,10.57,130.34,,all_diets
1307,"Kale, Artichoke And Pecorino Salad",Mediterranean,main,,36.98,40.42,58.68,,all_diets
1308,Spicy Thai Peanut Kelp Noodle Pad Thai,South East Asian,main,,92.67,357.52,68.86,,all_diets
1309,Almond Meal Encrusted Chicken Nuggets - Real Food Healing Recipe From Mee Tracy Mccormick,American,main,,191.06,25.06,137.85,,all_diets
1310,Artichoke Francaise,Mediterranean,main,,35.81,127.03,62.87,,all_diets
1311,Braised Short Rib Bolognese,Italian,main,,242.69,59.62,607.18,,all_diets
1312,Maialino'S Olive Oil Cake (Adapted By Becca Fox),American,main,,72.45,479.49,468.3,,all_diets
1313,Homemade Ravioli With Ricotta Cheese And Spinach Filling,Italian,main,,118.65,300.0,107.45,,all_diets
1314,Boneless Short Ribs On The Bge,French,main,,392.64,12.51,472.92,,all_diets
1315,Ribollita,Italian,main,,66.67,180.22,111.67,,all_diets
1316,Pear And Apple Coffeecake With Walnut Topping,British,main,,68.86,309.13,384.74,,all_diets
1317,Artichoke And Perfect Asparagus Salad With Lemony Herbed Vinaigrette,Mediterranean,main,,22.61,68.6,103.89,,all_diets
1318,Indian Spiced Broccoli And Potato Hash,Nordic,main,,9.39,47.36,10.47,,all_diets
1319,Vegan Dark Chocolate Coconut Tart,American,main,,32.24,221.1,103.54,,all_diets
1320,Pork And Charred Brussels Sprouts With Chile Lime Sauce,South American,main,,145.56,240.17,89.14,,all_diets
1321,Apple Fennel Casserole With A Coconut-Turmeric Twist,Italian,main,,5.6,46.5,18.34,,all_diets
1322,Slow-Cooker 'Osso Buco' Stew,Italian,main,,211.11,94.79,61.46,,all_diets
1323,Vegan Coconut Cream Tart With White Peaches And Blueberries,American,main,,39.45,285.88,109.49,,all_diets
1324,Spiced Harvest Cake,British,main,,65.92,455.58,158.29,,all_diets
1325,Paleo Meenut™ Butter Sandwich On Paleo Bread™,American,main,,0.93,3.08,24.31,,all_diets
1326,Low Carb Paleo Egg Wrap Recipe,American,main,,16.71,28.5,15.85,,all_diets
1327,Paleo Nutella Banana Ice Cream,American,main,,7.86,186.18,30.1,,all_diets
1328,Paleo Whole30 Pesto Chicken Salad,American,main,,176.97,10.7,206.48,,all_diets
1329,The Elvis Paleo Sandwich Recipe,American,main,,18.72,68.14,54.08,,all_diets
1330,Simple Paleo Reese’S Cups,American,main,,69.56,157.94,257.36,,all_diets
1331,Paleo Meatloaf Recipes,American,main,,216.95,203.73,178.18,,all_diets
1332,Paleo Nacho Casserole,Mexican,main,,156.83,88.03,167.6,,all_diets
1333,Simple Paleo Coleslaw Dressing,Mediterranean,main,,6.76,17.01,89.82,,all_diets
1334,Paleo Bread Stuffing Recipes,American,main,,54.96,208.13,49.2,,all_diets
1335,Paleo Deviled Egg Recipe,French,main,,32.74,3.08,69.22,,all_diets
1336,Paleo Peppermint Bark,American,main,,30.23,191.35,235.63,,all_diets
1337,Paleo Chipotle Dipping Sauce,Mexican,main,,2.14,15.79,116.27,,all_diets
1338,Paleo Wrap Carne Asada Recipe,Mexican,main,,159.24,75.82,62.53,,all_diets
1339,Homemade Paleo Protein Bars,American,main,,368.04,500.49,210.84,,all_diets
1340,Paleo Tzatziki,Mediterranean,main,,2.82,17.07,13.93,,all_diets
1341,Paleo Pecan Pie Bars Recipes,American,main,,105.25,594.23,700.42,,all_diets
1342,Loaded Paleo Cauliflower Nachos Recipes,Mexican,main,,52.93,75.7,131.7,,all_diets
1343,Gluten-Free Paleo Meatloaf Recipes,Eastern Europe,main,,170.21,136.35,196.93,,all_diets
1344,Paleo Broccoli Salad Recipes,American,main,,22.75,124.99,146.91,,all_diets
1345,Healthy Paleo Marble Cake Recipes,American,main,,42.18,245.32,90.32,,all_diets
1346,Paleo Deviled Eggs Recipes,French,main,,87.75,10.06,163.03,,all_diets
1347,Paleo Meatball Sub,American,main,,57.04,62.66,77.65,,all_diets
1348,Paleo Egg Salad Recipes,American,main,,35.77,30.22,88.57,,all_diets
1349,"Caramel Caffe Latte (Paleo, Gf, Dairy-Free) Recipes",American,main,,3.28,32.7,15.37,,all_diets
1350,Smoky Paleo Deviled Eggs Recipes,French,main,,34.1,8.47,69.53,,all_diets
1351,Paleo Barbecue Beef And Bacon Recipes,American,main,,114.04,148.84,128.75,,all_diets
1352,Paleo Pad Thai With Zucchini Noodles,South East Asian,main,,3.5,40.81,0.36,,all_diets
1353,Paleo Sunbutter Cups Recipes,French,main,,0.1,32.29,27.63,,all_diets
1354,Paleo Quiche Cups,French,main,,59.38,43.71,82.41,,all_diets
1355,Paleo Pecan Pie,American,main,,41.28,497.12,285.89,,all_diets
1356,Paleo Smoked Tuna Salad Recipes,American,main,,24.83,19.77,90.32,,all_diets
1357,Paleo Lemon Mousse,French,main,,17.82,77.84,84.12,,all_diets
1358,Paleo Aioli Salad Dressing,Mediterranean,main,,0.53,2.32,44.57,,all_diets
1359,Paleo Flourless Chocolate Cake Recipes,American,main,,80.48,404.46,410.21,,all_diets
1360,Paleo Chicken Salad With Dates & Walnuts {Whole30} Recipes,Mediterranean,main,,97.63,88.59,98.0,,all_diets
1361,Paleo Blackberry Muffins Recipes,American,main,,43.48,81.37,88.44,,all_diets
1362,Paleo Crockpot Cashew Chicken Recipes,Italian,main,,165.31,78.63,220.89,,all_diets
1363,Paleo Blackberry Instant Pot Cobbler,French,main,,33.01,287.56,114.66,,all_diets
1364,Paleo Banana Bread French Toast,French,main,,21.23,203.11,42.55,,all_diets
1365,Three-Ingredient Paleo Chocolate Truffles,French,main,,23.43,183.78,200.78,,all_diets
1366,Toasted Egg Fiesta Paleo Wrap (Ketogenic),American,main,,13.92,32.74,26.53,,all_diets
1367,Paleo Beef Stroganoff,Eastern Europe,main,,215.13,36.63,68.05,,all_diets
1368,Paleo Whole30 Classic Egg Salad Recipes,American,main,,61.5,8.58,184.92,,all_diets
1369,Easy Paleo Meatloaf With Bacon,American,main,,203.61,23.57,166.41,,all_diets
1370,"Gluten Free Beef And Tomato {Chinese Style, Paleo Option} Recipes",Chinese,main,,107.83,56.13,81.39,,all_diets
1371,"Buffalo Ranch Chicken Salad Recipe {Paleo, Whole30 Compliant} Recipes",American,main,,145.57,27.22,152.88,,all_diets
1372,Paleo Crock Pot Pulled Pork Recipes,American,main,,255.11,99.29,170.32,,all_diets
1373,Papaya Chicken Paleo Wrap,British,main,,40.75,33.63,35.28,,all_diets
1374,Paleo Vegan Enchilada Casserole,American,main,,96.62,331.56,21.46,,all_diets
1375,"Blueberry Almond Mug Cake (Paleo, Gluten Free)",American,main,,14.22,33.55,34.47,,all_diets
1376,Paleo Bang Bang Shrimp Recipes,Japanese,main,,91.88,3.34,163.16,,all_diets
1377,"Creamy Roasted Sesame Dressing (Paleo, Whole30, Keto)",Mediterranean,main,,3.3,13.24,57.69,,all_diets
1378,Paleo Ranch Dressing And Dip Recipes,American,main,,1.77,5.8,190.1,,all_diets
1379,Smoked Salmon Paleo Wrap Bites,Nordic,main,,34.01,82.25,27.63,,all_diets
1380,Paleo Meatloaf,American,main,,283.04,85.83,108.96,,all_diets
1381,Dairy-Free Paleo Ranch Dressing,American,main,,5.63,10.85,226.21,,all_diets
1382,Paleo Banana Chip Muffins Recipes,American,main,,95.83,139.93,188.95,,all_diets
1383,Creamy (Yet Paleo) Cucumber Salad Recipes,American,main,,3.23,17.66,45.05,,all_diets
1384,Bunless Paleo Chicken Blts Recipes,American,main,,97.48,19.3,119.43,,all_diets
1385,"Frittata With Sweet Potato, Sausage And Caramelized Onions (Paleo, Grain-Free) Recipes",Italian,main,,126.61,109.21,188.1,,all_diets
1386,Paleo Tangy Bbq Pulled Pork,American,main,,244.91,263.45,61.97,,all_diets
1387,Paleo Crab Cakes Recipes,French,main,,97.65,19.1,76.38,,all_diets
1388,Simple Paleo Coleslaw Recipes,Mediterranean,main,,14.52,80.91,90.39,,all_diets
1389,"3 Ingredient Chocolate Walnut Fudge (Paleo, Vegan, Gluten Free, Dairy-Free)",American,main,,48.8,126.11,160.21,,all_diets
1390,Paleo Whole30 Chicken Salad Recipes,American,main,,171.35,54.47,285.53,,all_diets
1391,Flourless Chocolate Peppermint Cake (Paleo And Low Carb) Recipes,American,main,,45.19,255.14,114.31,,all_diets
1392,Easy Paleo Fried Fish Sticks,French,main,,106.13,43.27,214.62,,all_diets
1393,Paleo Cheese-Stuffed Meatballs,American,main,,103.97,82.66,131.02,,all_diets
1394,"Paleo Shrimp, Bacon And Tomato Pasta Recip",Italian,main,,72.33,48.97,74.65,,all_diets
1395,Primal Organic Chicken Recipe In A Paleo Wrap,American,main,,37.07,50.05,35.2,,all_diets
1396,Paleo Vegan Cherry Garcia Ice Cream,American,main,,16.51,257.72,52.79,,all_diets
1397,Paleo Peach-Blueberry Cobbler Recipes,American,main,,42.38,245.47,161.24,,all_diets
1398,Paleo Sweet Potato Casserole,Italian,main,,38.03,1061.56,199.18,,all_diets
1399,Paleo Crab Cakes,American,main,,32.3,14.14,106.85,,all_diets
1400,Cinnamon Raisin Paleo Bread Pudding Recipes,British,main,,74.2,336.36,139.83,,all_diets
1401,Paleo Chicken Piccata,French,main,,38.49,111.57,127.66,,all_diets
1402,Paleo Barbecue Chicken Casserole Recipes,Italian,main,,271.64,258.95,282.4,,all_diets
1403,Baked Ranch Chicken Tenders (Paleo + Whole30),American,main,,105.57,129.65,146.59,,all_diets
1404,Chocolate Almond Buttercream Cups | Paleo,American,main,,27.72,280.99,138.5,,all_diets
1405,Paleo Broccoli Salad,American,main,,33.1,59.46,126.68,,all_diets
1406,Paleo Whole 30 Berry Chicken Salad,American,main,,228.65,25.01,238.62,,all_diets
1407,"Cauliflower Fried ""Rice"" (Paleo)",Chinese,main,,26.48,44.85,16.65,,all_diets
1408,Paleo Pumpkin Bolognese,Italian,main,,83.7,41.66,96.89,,all_diets
1409,Paleo Egg Nog Cake Recipes,British,main,,62.83,159.42,66.35,,all_diets
1410,Easy Paleo Reese'S™ Cups,French,main,,61.73,259.06,224.92,,all_diets
1411,Paleo Cornbread Stuffing Recipes,American,main,,129.28,693.44,243.17,,all_diets
1412,Sloppy Joe'S - Paleo & Whole30 Recipes,French,main,,94.68,90.81,85.8,,all_diets
1413,No-Bake Paleo Chocolate Chip Coconut Bars,American,main,,74.81,272.62,518.78,,all_diets
1414,Portobello Mushroom Paleo Taco,Italian,main,,81.07,46.84,114.72,,all_diets
1415,Paleo Bbq Ranch Meatloaf,American,main,,173.86,79.71,130.88,,all_diets
1416,Keto Paleo Tuna Taquitos Recipe,Mexican,main,,46.45,79.45,75.1,,all_diets
1417,Paleo Chocolate Coconut Milk Panna Cotta,Italian,main,,23.39,101.95,147.65,,all_diets
1418,"Slow Cooker Honey Peach Chipotle Meatballs (Gluten Free, Paleo) Recipes",Eastern Europe,main,,23.44,256.29,25.75,,all_diets
1419,Paleo Roasted Cabbage With Mustard Seed Dressing Recipes,Mediterranean,main,,4.18,14.45,50.79,,all_diets
1420,Paleo Tuna Spinach Casserole Recipes,Italian,main,,84.76,50.54,92.11,,all_diets
1421,Slammin Wild Salmon Paleo Wrap Tumeric,Nordic,main,,95.18,45.51,55.22,,all_diets
1422,Vietnamese Spring Rolls (Paleo) Recipes,South East Asian,main,,38.7,122.93,71.13,,all_diets
1423,Paleo Banana Muffins Recipes,American,main,,52.77,99.46,150.99,,all_diets
1424,Paleo Chicken Shawarma Recipes,Middle Eastern,main,,114.46,52.87,92.38,,all_diets
1425,Paleo Spinach Donuts Recipes,American,main,,43.22,247.39,124.45,,all_diets
1426,Paleo Strawberry Pie Recipes,American,main,,60.38,223.26,160.19,,all_diets
1427,Quick And Easy Paleo Salads,French,main,,44.68,28.95,73.11,,all_diets
1428,Chocolate Custard (Paleo Or Low Carb) Recipes,French,main,,36.84,126.43,159.07,,all_diets
1429,"Pumpkin Milkshake (Dairy-Free, Paleo, Aip) Recipes",American,main,,21.77,88.19,168.04,,all_diets
1430,"Pistachio Crumbed Mushrooms (Paleo, Low Carb) Recipes",British,main,,47.75,59.33,157.69,,all_diets
1431,"Paleo Chocolate Mousse Cake (Dairy Free, Raw Dessert, Keto, Paleo, Gluten Free) Recipes",American,main,,48.81,278.15,264.65,,all_diets
1432,Paleo Ground Beef Spaghetti Squash Skillet,Italian,main,,96.21,128.43,115.48,,all_diets
1433,Paleo Fried Green Tomatoes Recipes,French,main,,49.16,59.39,182.49,,all_diets
1434,Dulce De Leche Ice Cream (Paleo) Recipes,Italian,main,,14.38,177.86,141.1,,all_diets
1435,"Easy Bbq Jackfruit Saute Recipe [Paleo, Vegan]",American,main,,2.02,108.4,14.76,,all_diets
1436,"Easy 10 Minute Asian Zucchini Noodles (Low-Carb, Paleo) Recipes",Asian,main,,13.86,37.92,7.02,,all_diets
1437,Paleo Maple Pecan Latte Mug Cake,American,main,,12.5,36.44,32.19,,all_diets
1438,Paleo Beef Stew,American,main,,208.63,137.91,54.39,,all_diets
1439,A No Bake Paleo Chocolate Cashew Coconut Dessert That’S Healthy,American,main,,27.93,87.43,751.19,,all_diets
1440,"Easy Chicken Herb Salad (Paleo, Low Carb) Recipes",American,main,,81.02,9.13,109.01,,all_diets
1441,Frozen Chocolate Custard (Low Carb And Paleo Friendly),American,main,,40.47,56.32,184.95,,all_diets
1442,Paleo Ground Beef Spaghetti Squash Skillet Recipes,Italian,main,,96.21,128.43,115.48,,all_diets
1443,Salted Caramel Bliss Balls- Aka Paleo Style Truffles,French,main,,58.09,221.62,168.29,,all_diets
1444,20-Minute Paleo Cashew Chicken,American,main,,189.22,139.79,190.27,,all_diets
1445,"Healthy Buffalo Turkey Meatballs (Paleo, Gf) Recipes",American,main,,107.96,14.59,67.22,,all_diets
1446,"Shepherd’S Pie With Cauliflower Topping (Gaps, Paleo, Grain-Free) Recipes",American,main,,110.14,57.66,168.1,,all_diets
1447,Paleo Chocolate And Candied Orange Peel Freezer Fudge (Gf) Recipes,American,main,,60.59,289.03,220.89,,all_diets
1448,Paleo Crockpot Bbq Pulled Pork,American,main,,403.14,254.68,412.96,,all_diets
1449,Primal Roast Beast Wrap Recipe,British,main,,65.76,53.13,62.59,,all_diets
1450,Paleo Chili Over Zero Carb Paleo Miracle Rice™,American,main,,184.44,249.2,24.04,,all_diets
1451,Saucy Grilled Paleo Pork Chops Recipe,Eastern Europe,main,,77.12,79.94,29.49,,all_diets
1452,"Orange And Five-Spice Roasted Chicken Legs | Keto, Paleo",Mediterranean,main,,677.22,41.71,686.9,,all_diets
1453,The Best Paleo Beef Enchiladas Recipes,Mexican,main,,116.96,182.48,163.36,,all_diets
1454,Paleo Chicken Taco Meatballs (Gf) Recipes,Mexican,main,,90.61,10.48,51.89,,all_diets
1455,Smoky Bbq Paleo Chili Recipes,American,main,,97.93,107.81,116.11,,all_diets
1456,Collard Green Paleo Slaw (Super Slaw) Recipes,Mediterranean,main,,5.4,28.18,31.71,,all_diets
1457,"Blueberry Chia Seed Coleslaw (Paleo, Gf) Recipes",American,main,,12.01,80.23,53.09,,all_diets
1458,"Orange Chicken Recipe (Paleo, Grain-Free) Recipes",French,main,,191.91,161.86,143.79,,all_diets
1459,Sneaky Chocolate Veggie Cake (Paleo Option) Recipes,American,main,,96.82,335.74,291.09,,all_diets
1460,Paleo Cauliflower Fried Rice,Chinese,main,,56.99,97.39,56.34,,all_diets
1461,Caramel Chocolate Mousse (Paleo & Vegan) Recipes,American,main,,38.1,270.02,232.58,,all_diets
1462,"Healthy Fudge Bites {Paleo, Gluten Free, Sugar Free, Dairy Free} Recipes",American,main,,8.38,178.34,297.71,,all_diets
1463,"Easy Crab Cakes (Paleo, Low Carb) Recipes",French,main,,94.1,15.58,63.84,,all_diets
1464,Keto Paleo Meatloaf Recipes,American,main,,143.36,37.65,172.61,,all_diets
1465,Paleo Ginger Cake With Lemon And Coconut,French,main,,59.12,86.59,200.92,,all_diets
1466,Paleo Whole30 Classic Potato Salad,Mediterranean,main,,32.03,272.41,57.65,,all_diets
1467,Paleo Chocolate Pistachio Biscotti Recipes,Italian,main,,53.41,214.31,129.8,,all_diets
1468,Paleo Sloppy Joes With Sweet Potatoes Recipes,American,main,,90.72,202.74,106.32,,all_diets
1469,Gluten Free “Carrot Cake” Vegan Cheesecake {Paleo} Recipes,American,main,,74.18,426.76,307.56,,all_diets
1470,Paleo Chocolate Chunk Banana Bread Recipes,American,main,,81.41,257.6,233.5,,all_diets
1471,Paleo Sweet And Sour Pork,Mediterranean,main,,97.79,167.44,112.53,,all_diets
1472,"Egg Salad Lettuce Wraps (Paleo, Gf) Recipes",American,main,,31.06,10.09,50.9,,all_diets
1473,"Spaghetti Squash Soup With Pumpkin And Fall Flavors {Gf, Vegan, Paleo}",American,main,,42.79,175.5,44.84,,all_diets
1474,"Bbq Beef Pizza (Aip, Paleo)",Italian,main,,111.23,259.49,110.34,,all_diets
1475,Paleo-Approved Classic Chicken Salad,American,main,,37.0,58.18,212.82,,all_diets
1476,Primal Curried Egg Salad Coconut Wraps,American,main,,22.37,38.14,42.75,,all_diets
1477,Baked Salmon With Pesto And Pecans,Nordic,main,,329.12,8.78,251.78,,all_diets
1478,Paleo Banana Chocolate Chip Muffins,American,main,,105.65,526.6,219.56,,all_diets
1479,"Almond Flour Crust For Tarts Or Pies - Gluten Free, Low Carb, Sugar Free, Paleo Recipes",American,main,,62.5,84.87,199.1,,all_diets
1480,"Spatchcock Herbed Chicken (Paleo, Whole30 Option)",French,main,,226.67,21.54,221.69,,all_diets
1481,Paleo Chocolate Sweet Potato Bread (Gluten And Dairy Free),American,main,,77.32,1801.16,887.91,,all_diets
1482,Easy Paleo Lemon Chia Seed Muffins,American,main,,74.35,542.66,211.44,,all_diets
1483,Paleo Chocolate Honey Bars Recipes,American,main,,77.32,349.38,266.18,,all_diets
1484,Diy Chicken Burrito Bowl (Paleo),Mexican,main,,86.59,165.25,101.45,,all_diets
1485,"Healthy Buffalo Turkey Meatloaf (Paleo, Whole30) Recipes",American,main,,217.07,34.17,134.74,,all_diets
1486,Paleo Slow Cooker Beef Stew Recipes,American,main,,179.32,120.49,36.68,,all_diets
1487,"Teriyaki Salmon Recipe (Grain-Free, Paleo) Recipes",Nordic,main,,102.48,104.16,59.07,,all_diets
1488,Banana Cocoa Snack Cake (Paleo) Recipes,American,main,,68.94,227.74,168.98,,all_diets
1489,Paleo Creole Meatballs,American,main,,134.14,55.22,177.0,,all_diets
1490,Easy Paleo Shepherd'S Pie Recipes,American,main,,107.14,93.45,137.29,,all_diets
1491,"Buffalo Chicken Cobb Salad {Paleo, Whole30",American,main,,3.26,7.35,89.83,,all_diets
1492,Paleo Carrot & Apple Juicer Pulp Muffi,British,main,,56.05,119.56,118.16,,all_diets
1493,Sesame Ginger Paleo Turkey Meatballs Recipes,American,main,,104.28,42.67,56.99,,all_diets
1494,"Coconut Chocolate Chip Healthy Vegan Ice Cream Recipe (Paleo, Homemade, Dairy-Free)",American,main,,16.29,154.99,89.99,,all_diets
1495,Zero Carb Beef Stew W/Paleo Rice By Paleo Nate,American,main,,459.83,289.66,200.26,,all_diets
1496,Creamy Paleo Chicken Enchiladas Verdes Recipes,Mexican,main,,168.06,206.21,137.17,,all_diets
1497,"Paleo Vegetarian Tacos With Zucchini, Squash & Eggplant Recipes",Mexican,main,,33.3,254.57,86.36,,all_diets
1498,Paleo Chocolate Pecan Tart,American,main,,52.41,149.85,387.32,,all_diets
1499,"Paleo Pepperoni Pizza With Veggies {Gf, Df}",Italian,main,,39.65,112.8,58.12,,all_diets
1500,Chicken Shawarma On Pita Recipes,Middle Eastern,main,,237.66,213.88,158.28,,all_diets
1501,Almond Crusted Tilapia,Mediterranean,main,,135.57,96.94,107.04,,all_diets
1502,Paleo Creole Meatballs Recipes,American,main,,134.58,57.97,177.14,,all_diets
1503,"Mini Zucchini Avocado Burgers Recipe [Paleo, Keto, Aip]",American,main,,44.44,15.24,93.04,,all_diets
1504,Paleo Thai Chicken Pizza Recipes,South East Asian,main,,69.42,349.98,61.24,,all_diets
1505,"The Best Strawberry Banana Bread {Paleo, Vegan, Gluten Free}",American,main,,52.44,304.22,97.85,,all_diets
1506,Paleo Albino Mole Cake – Maulwurftorte With A Twist,Italian,main,,56.57,247.41,327.06,,all_diets
1507,"Salted Caramel Paleo Bark (Gf, Dairy-Free) Recipes",American,main,,29.64,509.13,144.51,,all_diets
1508,Lemony Brussels Sprouts Salad {Vegan+Glutenfree+Paleo},American,main,,41.86,80.89,59.56,,all_diets
1509,Paleo Clam Chowder With Cauliflower Recipes,American,main,,189.77,141.35,74.16,,all_diets
1510,Paleo Asian Cauliflower Fried ‘Rice’ Recipes,Chinese,main,,39.84,54.08,71.55,,all_diets
1511,"Easy Apricot-Mustard Chicken Bake (Paleo, Gf) Recipes",French,main,,113.18,183.36,125.59,,all_diets
1512,Paleo Mississippi Roast With Lotus Root Recipes,British,main,,163.04,58.41,164.26,,all_diets
1513,New England Paleo Clam Chowder,American,main,,334.83,207.38,333.75,,all_diets
1514,Paleo Chicken Cauliflower Fried Rice,Chinese,main,,116.43,52.09,87.92,,all_diets
1515,"My Signature Dish – Mediterranean Chicken, Paleo-Ized",Mediterranean,main,,121.64,74.55,135.13,,all_diets
1516,Red Robin Recreation – Perfectly Crispy Paleo French Fries Recipes,French,main,,18.84,183.47,311.62,,all_diets
1517,Chorizo Breakfast Tacos Recipes,Mexican,main,,68.47,66.7,85.65,,all_diets
1518,Paleo Cashew Chocolate Chip Blondies Recipes,American,main,,63.76,267.66,229.85,,all_diets
1519,Chocolate Chip Cookie Ice Cream Sandwiches ~ The Paleo Mom,American,main,,23.05,281.18,165.66,,all_diets
1520,Paleo Shepards Pie Recipes,American,main,,114.59,106.71,89.4,,all_diets
1521,"Angel Food Cake (Grain-Free, Paleo) Recipes",American,main,,58.83,330.85,126.65,,all_diets
1522,Paleo Chicken And Dumplings,Italian,main,,377.65,125.61,194.55,,all_diets
1523,Grain Free Ice Cream Sandwiches (Paleo And Low Carb) Recipes,American,main,,58.81,194.28,185.23,,all_diets
1524,"Chocolate Berry Tart (Grain-Free, Paleo)",French,main,,97.49,280.14,228.11,,all_diets
1525,Paleo Chocolate Chunk Strawberry Banana Bread,American,main,,38.2,228.92,94.83,,all_diets
1526,Instant Pot Purple Paleo Potato Salad Recipe,Mediterranean,main,,49.16,188.97,182.14,,all_diets
1527,Primal Guacamole Burger Recipe,Mexican,main,,99.33,50.03,102.87,,all_diets
1528,"Paleo Kimchi Beef Stir-Fry (Whole30, Keto)",American,main,,66.68,45.64,31.42,,all_diets
1529,Baked Frenchfries With Chipotle Ranch Dip {Paleo & Whole30} Recipes,Mexican,main,,17.83,143.96,192.82,,all_diets
1530,"Vegan Paleo Blueberry Muffins {Grain Free, Gluten Free}",American,main,,24.39,145.01,97.33,,all_diets
1531,Guinness Stew Recipes,French,main,,173.53,188.85,75.26,,all_diets
1532,"4 Ingredient Chocolate Peanut Butter Homemade Frosty Recipe (Vegan, Dairy-Free, Gluten-Free, Refined Sugar-Free)",American,main,,25.63,137.31,38.5,,all_diets
1533,Asian Healthy Broccoli Salad,Chinese,main,,61.72,116.82,136.47,,all_diets
1534,Cilantro Base Recipes,American,main,,3.5,19.57,13.98,,all_diets
1535,Paleo Slow Cooker Honey Garlic Chicken And Vegetables Recipes,Mediterranean,main,,501.65,312.39,58.06,,all_diets
1536,Paleo Italian Meatballs & Spaghetti Squash Recipes,Italian,main,,148.98,115.06,187.38,,all_diets
1537,"30 Minute Beef Stroganoff Recipe (Paleo, Gluten Free, Dairy Free) Recipes",Eastern Europe,main,,110.57,36.4,308.95,,all_diets
1538,"Squash Au Gratin (Paleo, Gf) Recipes",French,main,,25.32,148.79,102.31,,all_diets
1539,"Cream ""Cheesy"" Italian Stuffed Mushrooms {Paleo, Dairy Free, Whole 30}",Italian,main,,175.1,129.3,475.09,,all_diets
1540,Nightshade-Free Pizza (From Make It Paleo 2) Recipes,Italian,main,,164.08,310.6,220.29,,all_diets
1541,Paleo Turkey Or Beef Meatloaf Recipes,American,main,,396.66,91.97,209.04,,all_diets
1542,Slow Cooker Paleo Sweet Potato Casserole Recipes,Italian,main,,46.14,368.64,187.19,,all_diets
1543,"French Swiss Chard Tart (Gluten-Free, Grain-Free, Vegetarian, Paleo Option) Recipes",French,main,,96.67,110.45,253.55,,all_diets
1544,Paleo Brussels Sprout And Bacon Coleslaw Recipes,Central Europe,main,,44.13,80.3,340.69,,all_diets
1545,Ranch Roasted Cashews Recipes,American,main,,51.65,88.86,137.28,,all_diets
1546,Simple Egg Drop Soup Recipes,Chinese,main,,88.59,102.88,60.78,,all_diets
1547,Paleo Thanksgiving Stuffing With Pumpkin Bread Recipes,American,main,,33.75,350.04,119.19,,all_diets
1548,Garlic Parmesan Zucchini Bread,Italian,main,,47.68,72.73,92.86,,all_diets
1549,Crock Pot Korean Gochujang Pork,French,main,,409.4,101.9,415.15,,all_diets
1550,"20 Minute Cashew Chicken Recipe {Paleo, Gluten-Free, Clean Eating, Dairy-Free} Recipes",Italian,main,,165.49,354.68,259.89,,all_diets
1551,Paleo Kale Orange Beef Stir Fry With Spiralized Sweet Potato Noodles,Asian,main,,53.5,90.16,45.21,,all_diets
1552,"Bang Bang Shrimp (Paleo, Whole30, Aip)",Japanese,main,,94.91,24.03,95.1,,all_diets
1553,"French Tomato, Tuna, & Mustard Quiche (Paleo, Gf) Recipes",French,main,,63.83,61.93,58.2,,all_diets
1554,Bacon Wrapped Chili Dogs,American,main,,73.79,27.35,199.7,,all_diets
1555,"Coconut Custard Pie {Paleo, Dairy Free} Recipes",American,main,,80.9,762.78,525.09,,all_diets
1556,"Lemony Spring Cobb Salad (Paleo, Gf) Recipes",American,main,,123.97,173.48,208.48,,all_diets
1557,Mango Turkey Sloppy Joe Salad Bowls {Paleo} Recipes,American,main,,106.07,148.46,94.71,,all_diets
1558,Zucchini-Bacon Egg Muffins (Gluten-Free),British,main,,91.77,24.63,144.03,,all_diets
1559,Easy Keto Low Carb Taco Soup Recipe,Mexican,main,,88.18,55.1,173.29,,all_diets
1560,"Coffee Cake (Grain Free, Gaps, Paleo, Primal) Recipes",American,main,,109.97,342.18,267.62,,all_diets
1561,Paleo Shrimp Cakes With Tangy Lemon Aioli Recipes,Mediterranean,main,,76.25,59.59,119.56,,all_diets
1562,Coronation Chicken Salad,American,main,,106.52,38.99,136.13,,all_diets
1563,Healthy Chocolate Potato Whiskey Cake With Chocolate Whiskey Ganache Recipes,French,main,,39.51,390.78,125.83,,all_diets
1564,Seafood Pumpkin Spaghetti Squash Pasta {Paleo} Recipes,Italian,main,,37.87,78.72,76.18,,all_diets
1565,"Sweet Potato Salad NiçOise (Paleo, Gf) Recipes",French,main,,119.06,196.4,78.45,,all_diets
1566,"Sausage Tomato Basil Paleo Pizza {Gf, Df} Recipes",Italian,main,,76.95,440.95,38.48,,all_diets
1567,Crock Pot Barbecue Turkey Thighs Recipes,American,main,,401.69,121.06,139.12,,all_diets
1568,"Red Coconut Curry Pulled Chicken (Paleo, Gf) Recipes",South East Asian,main,,269.34,125.64,294.69,,all_diets
1569,"Mixed Baby Greens With Strawberries, Gorgonzola And Poppy Seed Dressing Recipes",Mediterranean,main,,18.06,64.11,53.22,,all_diets
1570,Chocolate Dipped Chocolate Meringue Cookies Recipes,French,main,,21.57,53.33,61.7,,all_diets
1571,Paleo German Chocolate Cake Recipes,Central Europe,main,,69.49,539.28,261.39,,all_diets
1572,Paleo Pumpkin Chili {Nightshade-Free} Recipes,American,main,,160.42,229.01,71.05,,all_diets
1573,Paleo Fajita Salad With Chicken Taco Meatballs (Gf) Recipes,Mexican,main,,96.02,119.74,160.31,,all_diets
1574,"Kung Pao Cauliflower Chicken - Low Carb, Keto, Paleo And Gluten-Free! Recipes",Eastern Europe,main,,264.42,103.62,53.3,,all_diets
1575,Paleo Orange Chicken With Cauliflower Rice Recipes,Mediterranean,main,,213.27,102.46,223.15,,all_diets
1576,Perfect Peanut Butter Blossoms Recipes,American,main,,68.1,167.94,194.8,,all_diets
1577,Paleo Buffalo Chicken Nuggets Recipes,American,main,,138.21,63.62,412.64,,all_diets
1578,Go-Lo Sugar Free Hazelnut Spread Review,American,main,,14.52,183.36,14.79,,all_diets
1579,Carrot Spice Cake Ice Cream,American,main,,7.28,129.89,17.14,,all_diets
1580,Moroccan Saffron Chicken Recipes,Middle Eastern,main,,228.34,43.52,254.6,,all_diets
1581,Lemongrass Vietnamese Meatballs Recipes,South East Asian,main,,83.95,55.81,106.65,,all_diets
1582,Fudgy Flourless Brownies Recipes,French,main,,62.8,401.12,322.08,,all_diets
1583,Paleo Chicken Fingers And Garlic Honey Dijon Dipping Sauce,French,main,,134.16,102.85,229.66,,all_diets
1584,Chocolate Almond Butter Cups,American,main,,43.68,202.08,326.55,,all_diets
1585,"Paleo & Vegan Peach Cobbler {Gluten-Free, Dairy-Free} Recipes",American,main,,27.51,196.21,99.15,,all_diets
1586,Paleo Chicken Pot Pie Casserole Recipes,Italian,main,,170.51,373.02,129.07,,all_diets
1587,Gai Satay (Chicken Satay With Peanut Sauce And Cucumber Salad),South East Asian,main,,99.35,18.37,59.84,,all_diets
1588,"Bacon, Caramelized Onion, And Veggie Quiche {Paleo, Gf, Df}",French,main,,93.25,154.98,219.75,,all_diets
1589,Slow Cooker Paleo Pot Roast With Mashed Sweet Potatoes Recipes,American,main,,331.51,114.76,148.97,,all_diets
1590,"Cauliflower And Bacon Au Gratin (Paleo, Gf, Dairy-Free) Recipes",French,main,,60.6,81.73,167.05,,all_diets
1591,Cinnamon And Honey Roasted Walnuts Recipes,American,main,,0.9,54.56,2.64,,all_diets
1592,Best Easy Salsa Chicken Recipe To Prepare Ahead Of Time Recipes,Mexican,main,,169.37,36.63,87.69,,all_diets
1593,Paleo Honey Orange Beef Stir Fry With Sweet Potato Noodles And Kale Recipes,Asian,main,,55.86,114.48,45.35,,all_diets
1594,Chipotle Ranch Chicken Burgers {Paleo & Whole30} Recipes,American,main,,85.89,119.62,200.22,,all_diets
1595,Coconut Mocha Loco Coffee Cake,American,main,,6.57,43.3,50.35,,all_diets
1596,Keto Taco Stuffed Mini Peppers,American,main,,64.53,66.96,87.66,,all_diets
1597,Cauliflower Sweet Potato Burgers With Avocado And Sriracha Aioli (Vegetarian Paleo) Recipes,American,main,,45.65,218.51,201.1,,all_diets
1598,Kofta Kari Recipes,Indian,main,,145.17,73.29,215.96,,all_diets
1599,5 Minute Grape Sorbet Recipes,Mediterranean,main,,3.28,107.24,0.73,,all_diets
1600,"Baked Low Carb Zucchini Fries (Paleo, Aip, Keto, Dairy Free)",French,main,,25.33,57.48,97.11,,all_diets
1601,"Chicken Alfredo Bake Recipe {Paleo, Clean Eating, Gluten-Free, Dairy-Free, Whole30} Recipes",Italian,main,,134.66,68.36,106.66,,all_diets
1602,Sweet And Spicy Sriracha Paleo Meatballs {Easy} Recipes,American,main,,91.33,107.34,96.42,,all_diets
1603,Sweet Potato Nachos,Mexican,main,,81.13,112.58,113.68,,all_diets
1604,Sausage Broccoli Egg Muffins,British,main,,94.02,11.86,99.36,,all_diets
1605,Whole30 Crispy Coconut Chicken Nuggets,American,main,,109.75,71.12,269.2,,all_diets
1606,Two-Ingredient Chocolate Banana Ice Cream {Vegan} Recipes,American,main,,7.84,117.07,3.42,,all_diets
1607,Classic Deviled Eggs,French,main,,76.19,8.31,153.07,,all_diets
1608,"4 Creative, Crustless Pizza Recipes Recipes",Italian,main,,188.18,157.29,267.62,,all_diets
1609,Five Ingredient Friday: Chocolate And Toasted Coconut Butter Swirl Cups,American,main,,43.32,176.95,400.96,,all_diets
1610,Lemon Creme Cups,French,main,,8.34,67.08,85.75,,all_diets
1611,"Fresh Garden Egg Salad With Turmeric Dijon Dressing {Paleo, Whole30} Recipes",American,main,,35.46,39.47,97.69,,all_diets
1612,Paleo Buffalo Chicken Strips With Goat Cheese Dipping Sauce Recipes,American,main,,153.16,142.11,192.3,,all_diets
1613,Chicken And “Rice” Casserole (Grain-Free) Recipes,South American,main,,248.4,78.44,162.33,,all_diets
1614,Ranch Roasted Cashews,American,main,,51.65,88.86,137.28,,all_diets
1615,Sausage Stuffed Sweet Potatoes,American,main,,11.33,29.24,15.9,,all_diets
1616,Baked Spicy Bbq Adobo Chicken Wings Recipes,American,main,,322.74,131.92,284.0,,all_diets
1617,Smoked Salmon Salad Cake Recipes,Nordic,main,,79.44,94.82,134.03,,all_diets
1618,Bbq Loaded Sweet Potatoes - In The Crockpot,American,main,,189.59,221.23,116.19,,all_diets
1619,"Chicken Parmesan With Zucchini Noodles (Grain Free, Paleo, Primal, Gaps, Gluten Free)",Asian,main,,326.04,104.56,155.59,,all_diets
1620,Paleo Ground Lamb Shepherd'S Pie Recipes,American,main,,129.5,391.87,152.99,,all_diets
1621,Carb Free Cloud Bread,American,main,,23.34,4.53,17.99,,all_diets
1622,"Creamy Buffalo Chicken Spaghetti Squash Casserole (Paleo, Gf) Recipes",Italian,main,,215.7,128.63,216.47,,all_diets
1623,"Pad Thai Recipe (Grain-Free, Paleo, Gluten Free)",South East Asian,main,,496.2,2023.05,211.1,,all_diets
1624,"Mini Applesauce Carrot Cake Muffins (Gluten-Free, Paleo) Recipes",British,main,,37.99,118.13,102.82,,all_diets
1625,Grilled Gochujang Pork Chops With Watermelon Mint Salad Recipes,American,main,,171.73,52.28,107.51,,all_diets
1626,"Asian Southwest Fusion Easy Kimchi Recipe (Paleo, Vegan Friendly) Recipes",American,main,,18.18,90.26,1.62,,all_diets
1627,Tortilla Soup Recipe,Mexican,main,,274.38,240.62,219.7,,all_diets
1628,Basil And Sun-Dried Tomato Compound Butter,American,main,,2.41,5.63,92.42,,all_diets
1629,Green Beans With Scrambled Eggs And Sausages Recipes,American,main,,46.37,12.17,56.94,,all_diets
1630,Balsamic Mustard Salad Dressing,American,main,,1.67,38.66,82.05,,all_diets
1631,Curry-Infused Deviled Duck Eggs,Mexican,main,,161.98,20.54,307.48,,all_diets
1632,Air Fryer Recipes (131 Style),Italian,main,,6.02,19.0,18.58,,all_diets
1633,"Whole30 Shepherd'S Pie (Paleo, Gf) Recipes",American,main,,123.49,333.49,133.61,,all_diets
1634,Prosciutto Wrapped Pork Tenderloin,American,main,,189.23,75.63,35.1,,all_diets
1635,Tuna Salad Recipes,American,main,,56.28,5.32,47.74,,all_diets
1636,Paleo Chicken Bacon Strawberry Salad With Orange Balsamic Recipes,British,main,,140.43,80.35,297.8,,all_diets
1637,Easy 3-Ingredient Homemade Chocolate Peanut Butter Cups Recipes,Italian,main,,52.06,181.35,205.06,,all_diets
1638,Chicken Pesto Discs Recipes,Italian,main,,89.94,54.81,119.82,,all_diets
1639,Egg Roll Bowls,Italian,main,,109.12,94.35,95.42,,all_diets
1640,"Broccoli, Feta, And Sausage Frittata",Mediterranean,main,,133.75,39.86,157.09,,all_diets
1641,Kiwi Apple Cider,American,main,,8.53,210.51,9.79,,all_diets
1642,Marla Sarris Recipes,Italian,main,,97.03,203.4,62.14,,all_diets
1643,Elvis Style Loaded Sweet Potato,South American,main,,12.26,45.88,30.15,,all_diets
1644,Cranberry Coconut Macaroons,American,main,,21.11,155.62,225.04,,all_diets
1645,No-Bake Energy Bars With Chocolate And Turmeric,American,main,,33.66,81.57,148.1,,all_diets
1646,Butternut Squash Instant Pot Chili,American,main,,13.0,107.78,15.66,,all_diets
1647,Turkey Taco Balls,American,main,,83.4,29.79,24.43,,all_diets
1648,3-Ingredient Crunchy Strawberry Ice-Cream Recipes,American,main,,17.65,293.51,94.4,,all_diets
1649,No-Bake Vegan Key-Lime Mini Cheesecakes,American,main,,83.81,336.47,357.93,,all_diets
1650,Turkey Soup,American,main,,1142.58,693.64,287.86,,all_diets
1651,Low Carb Fried Ice Cream,Italian,main,,22.62,127.17,104.56,,all_diets
1652,Smoked Beef Brisket Recipes,South American,main,,245.48,17.89,340.43,,all_diets
1653,Cauliflower Hash Browns Who Knew?,French,main,,24.46,27.76,27.96,,all_diets
1654,"Balsamic Apple Walnut Salad {Gf, Low Cal} Recipes",American,main,,7.26,35.93,11.89,,all_diets
1655,Cauliflower Bread,British,main,,75.17,48.1,183.37,,all_diets
1656,"Grilled Chicken Pesto Pizza (Grain-Free, Egg-Free, Nightshade-Free) Recipes",Italian,main,,88.13,161.76,115.41,,all_diets
1657,Spiralized Cucumber Salad Recipe With Chia Seed Strawberry Vinaigrette {Vegan + Paleo} Recipes,American,main,,12.17,97.45,76.12,,all_diets
1658,"Easy Vegan White Cake With Chocolate Coconut Frosting {Gluten Free, Paleo Friendly} Recipes",American,main,,75.26,371.75,313.13,,all_diets
1659,Bbq Chicken Sweet Potato Pizza,Italian,main,,112.99,285.71,98.15,,all_diets
1660,Creamy Bacon Beet Salad Recipes,American,main,,13.37,37.94,68.16,,all_diets
1661,Walnut Pesto Recipes,Italian,main,,31.36,15.7,39.44,,all_diets
1662,Baked Ranch Chicken Tenders Recipes,American,main,,105.57,129.65,146.59,,all_diets
1663,Low Carb Bulgogi Ground Beef Bowl Recipes,British,main,,146.61,79.92,50.85,,all_diets
1664,Kale Pesto Recipes,Italian,main,,69.78,25.2,204.3,,all_diets
1665,Chicken Avocado Burgers,Nordic,main,,97.13,35.1,101.67,,all_diets
1666,"Green Chile Turkey Taco Salad With Peppers And Avocado (Paleo, Low-Carb, Gluten Free) Recipes",American,main,,170.68,144.12,180.71,,all_diets
1667,Instant Pot Chicken Marinara,Italian,main,,194.67,26.26,91.92,,all_diets
1668,Blueberries And Cream Truffles Recipes,American,main,,22.64,205.97,170.65,,all_diets
1669,Classic Egg Salad,American,main,,34.18,10.4,69.54,,all_diets
1670,Cucumber Tuna Cups,Mediterranean,main,,25.78,17.19,40.92,,all_diets
1671,Cauliflower Fried Rice Recipes,Chinese,main,,150.64,79.08,369.91,,all_diets
1672,Sauteed Leek With Bacon Recipes,French,main,,11.61,39.2,41.13,,all_diets
1673,Roast A Whole Cauliflower Recipes,American,main,,12.34,39.51,16.73,,all_diets
1674,Dark Chocolate Cashew Butter Candy,French,main,,42.76,169.71,181.61,,all_diets
1675,Maple Frosted Almond Butter Blondies Recipes,American,main,,70.14,355.31,243.28,,all_diets
1676,Honey Lime Shrimp Recipes,American,main,,92.31,26.34,2.46,,all_diets
1677,Grilled Salmon Cobb Salad {Whole 30} Recipes,Nordic,main,,60.01,22.5,112.86,,all_diets
1678,Tuna-Stuffed Eggs Recipes,Italian,main,,52.87,4.1,29.95,,all_diets
1679,Chocolate Caramel Chia Pudding,British,main,,145.04,1545.27,177.4,,all_diets
1680,Old Fashioned Deviled Eggs,American,main,,60.92,6.01,118.36,,all_diets
1681,Instant Pot Chicken Cacciatore,Italian,main,,242.04,87.12,190.75,,all_diets
1682,Paleo Tortillas,French,main,,39.65,23.86,56.1,,all_diets
1683,One Pot Bacon Braised Lamb Stew {Grain Fre,French,main,,147.55,133.02,214.67,,all_diets
1684,Strawberry Lime Granita,Italian,main,,4.45,56.47,1.76,,all_diets
1685,Oven Poached Salmon With Cherry Tomatoes A,Nordic,main,,103.94,25.78,75.84,,all_diets
1686,Barbecue Chicken Pizza Recipes,Italian,main,,91.36,208.4,50.82,,all_diets
1687,Hamburger Steaks With Stroganoff Gravy,Eastern Europe,main,,104.61,60.01,231.37,,all_diets
1688,Traditional German Rotkohl (Sweet/Sour Red Cabbage) Recipes,Central Europe,main,,13.91,131.15,48.71,,all_diets
1689,Chocolate And Toasted Coconut Butter Pudding Recipes,British,main,,15.67,41.91,94.91,,all_diets
1690,Taco Stuffed Avocado Cups,Mexican,main,,103.22,54.18,123.51,,all_diets
1691,Crab Stuffed Shrimp Recipe,Mediterranean,main,,122.29,4.81,31.9,,all_diets
1692,Basic Balsamic Steak Marinade Recipes,American,main,,97.52,21.4,145.98,,all_diets
1693,Slow Cooker Red-Cooked Chicken,Chinese,main,,257.78,119.4,274.45,,all_diets
1694,Easy Garlic And Rosemary Roast Beef Recipes,Mediterranean,main,,316.98,3.68,246.05,,all_diets
1695,Paleo Chocolate,American,main,,8.66,77.46,114.72,,all_diets
1696,Honey Garlic Ribs,American,main,,410.45,209.84,349.93,,all_diets
1697,Paleo And Vegan Pumpkin And Fig Bread Pudding. Plus Why We Might Need Carbs During Fall Season Recipes,British,main,,15.17,104.57,12.73,,all_diets
1698,Cauliflower Potato Salad,American,main,,39.1,51.14,65.66,,all_diets
1699,Spiralized Sweet Potato Fries Recipes,South American,main,,3.35,37.48,131.84,,all_diets
1700,Healthy Chocolate Truffles Recipes,French,main,,19.39,113.88,103.46,,all_diets
1701,Chocolate-Nut Fudge Recipes,American,main,,42.37,280.53,224.06,,all_diets
1702,Healthy Vegan Green Bean Casserole Recipes,American,main,,20.36,104.02,17.13,,all_diets
1703,Vegan Ranch Dressing,American,main,,17.1,26.49,77.37,,all_diets
1704,"Chicken Sausage, Mashed Potatoes, And Baby Broccoli Recipes",American,main,,63.18,146.69,32.84,,all_diets
1705,Oven-Baked Sloppy Joes,American,main,,405.14,202.29,455.75,,all_diets
1706,Oven-Baked Parmesan Green Bean Fries,Italian,main,,67.07,37.59,43.58,,all_diets
1707,Paleo Spaghetti,Italian,main,,113.5,84.51,32.34,,all_diets
1708,Chocolate Drizzled Pumpkin Donuts,American,main,,22.76,128.52,30.38,,all_diets
1709,Chinese Beef And Broccoli Recipes,Chinese,main,,120.87,99.95,62.06,,all_diets
1710,Pumpkin Pie Chia Seed Pudding Recipes,British,main,,5.44,33.63,7.98,,all_diets
1711,Easy Primal Mini Tortilla Pizzas Recipes,Italian,main,,56.6,119.61,63.87,,all_diets
1712,Easy Chicken Salad Recipes,American,main,,238.58,46.12,164.79,,all_diets
1713,Cottage Pie,American,main,,231.51,92.06,376.33,,all_diets
1714,Sweet Potato Salad,South American,main,,11.35,83.85,73.27,,all_diets
1715,Paleo Potatoes,Italian,main,,9.41,66.8,1.0,,all_diets
1716,No-Bake Chocolate Almond Butter Truffles,American,main,,50.47,168.54,206.65,,all_diets
1717,Paleo Coleslaw,Mediterranean,main,,1.67,7.27,13.2,,all_diets
1718,Paleo Grits,American,main,,51.81,70.43,65.92,,all_diets
1719,Grilled Vegetables With Lemon Thyme Butter Recipes,American,main,,4.51,15.99,147.84,,all_diets
1720,Paleo Hummus,Mediterranean,main,,12.42,150.94,168.87,,all_diets
1721,Garlic Butter Rainbow Trout In Foil,American,main,,91.25,3.47,53.62,,all_diets
1722,Paleo Jello,Mediterranean,main,,13.93,33.12,0.96,,all_diets
1723,Chocolate Covered Stuffed Dates Recipes,American,main,,32.88,429.73,154.5,,all_diets
1724,Paleo Pest,French,main,,2.88,5.79,218.98,,all_diets
1725,I Can'T Believe It'S Not Processed! Caramel Fondant Recipes,Mediterranean,main,,36.25,169.58,127.08,,all_diets
1726,Sweet And Spicy Asian-Style Eggplant Recipes,South East Asian,main,,28.05,135.94,33.77,,all_diets
1727,"Aunt Rocky’S Onion Pie In Biscuit Crust (Low Carb, Gluten Free)",American,main,,72.94,95.74,162.6,,all_diets
1728,What Mom Never Told You About Ambrosia Salad Recipes,American,main,,21.27,131.23,47.57,,all_diets
1729,"Bacon, Grape And Broccoli Salad",American,main,,97.12,171.09,379.33,,all_diets
1730,Tropical Chicken Burger,American,main,,130.68,53.89,75.11,,all_diets
1731,Paleo Wraps,American,main,,11.53,43.67,9.96,,all_diets
1732,Paleo Hash,French,main,,113.32,65.91,136.92,,all_diets
1733,Carolina Bbq Meatballs (Low Carb & Glu,American,main,,92.06,28.05,117.08,,all_diets
1734,Paleo Gingersnaps,British,main,,58.26,120.44,143.2,,all_diets
1735,"Aunt Rocky’S Keto Hot Cocoa Mix (Sugar Free, Dairy Free, Low Carb)",American,main,,37.91,165.84,34.48,,all_diets
1736,Paleo Chili,American,main,,198.76,170.02,202.56,,all_diets
1737,Creamy Cauliflower And Ground Beef Skillet,British,main,,123.76,54.27,293.3,,all_diets
1738,Flaky Sriracha Cod Over Parsnip Carrot Mas,American,main,,9.26,42.6,176.28,,all_diets
1739,"Addicting Paleo Cashew Hummus (Paleo, Low",Mediterranean,main,,112.95,191.68,494.13,,all_diets
1740,One Pot Bacon Braised Lamb Stew {Grain Free} Recipes,French,main,,147.55,133.02,214.67,,all_diets
1741,Paleo Pastelon,Italian,main,,127.96,257.63,103.37,,all_diets
1742,Paleo Crumble,Eastern Europe,main,,42.08,149.03,122.62,,all_diets
1743,Delectable Spinach Zucchini Bites For An Easy Party Snack Recipes,Italian,main,,38.14,65.53,18.64,,all_diets
1744,Paleo Frittata,Italian,main,,173.78,134.07,268.58,,all_diets
1745,Paleo Pita,Mediterranean,main,,5.69,101.64,31.13,,all_diets
1746,Paleo Pesto,Italian,main,,17.38,19.31,139.44,,all_diets
1747,Paleo Stew,American,main,,114.49,53.93,116.2,,all_diets
1748,Easy Oven Barbecue Chicken Recipes,American,main,,55.0,342.7,63.1,,all_diets
1749,Paleo Meatballs,American,main,,85.79,12.51,115.51,,all_diets
1750,Dinner: Chicken Avocado Burgers,Nordic,main,,92.88,31.09,92.32,,all_diets
1751,Paleo Shakshouka,American,main,,63.65,201.73,36.63,,all_diets
1752,Pan-Roasted Cashew Broccoli Recipes,British,main,,35.44,69.35,30.46,,all_diets
1753,"5-Ingredient Roasted Tomato Soup (Low Carb, Gluten-Free) Recipes",Eastern Europe,main,,7.68,30.35,36.87,,all_diets
1754,Mini Hasselback Potatoes With Roasted Garlic,American,main,,47.23,272.38,38.35,,all_diets
1755,Spanish Salad Dressing,Mediterranean,main,,1.87,61.46,162.33,,all_diets
1756,Quick And Creamy Chicken Stew Recipes,Italian,main,,263.77,112.8,309.92,,all_diets
1757,Roasted Cauliflower Chowder Recipes,American,main,,44.63,111.23,150.27,,all_diets
1758,Paleo Ketchup,Italian,main,,15.8,181.21,4.77,,all_diets
1759,Hearty Chicken Salad Recipes,American,main,,144.26,16.24,127.63,,all_diets
1760,Homemade Apple Cider,American,main,,6.37,400.39,3.96,,all_diets
1761,Paleo Dressing,American,main,,22.74,68.54,127.93,,all_diets
1762,Paleo Salsa,Mexican,main,,15.03,79.9,3.0,,all_diets
1763,Paleo Jerky,American,main,,251.76,38.75,139.7,,all_diets
1764,Paleo Blondies,American,main,,109.85,1343.97,1869.58,,all_diets
1765,Buffalo Chicken Casserole,American,main,,193.01,74.42,327.15,,all_diets
1766,Paleo Paella,Mediterranean,main,,228.68,66.4,163.41,,all_diets
1767,Citrus Basil Mojito Pops,Caribbean,main,,2.65,44.27,0.75,,all_diets
1768,Chili Lime Cream Grilled Chicken Recipes,American,main,,310.17,22.85,129.07,,all_diets
1769,Paleo Calamari,Italian,main,,37.6,30.65,877.4,,all_diets
1770,"Creamy Balsamic Salad Dressing - Easy, Creamy And Real Recipes",Mediterranean,main,,0.1,2.12,44.59,,all_diets
1771,Waldorf Salad Recipes,American,main,,46.42,75.17,187.33,,all_diets
1772,Orange Chocolate Pudding,British,main,,33.68,195.5,155.13,,all_diets
1773,Garlic Mashed Sweet Potatoes With Spinach Recipes,American,main,,25.05,200.19,30.7,,all_diets
1774,Fruit Salsa,Mexican,main,,7.67,124.25,2.88,,all_diets
1775,Thai Red Curry,South East Asian,main,,110.25,128.45,106.7,,all_diets
1776,Low Carb Cauliflower Potato Salad Recipes,American,main,,26.18,74.5,62.8,,all_diets
1777,Golden Paleo Muffins – Gluten-Free/Paleo/Vegetarian,American,main,,32.46,254.97,51.28,,all_diets
1778,Creamy Shaved Brussels Sprouts And Apple Salad Recipes,Italian,main,,27.78,119.44,158.77,,all_diets
1779,Whole30 Tuna Salad,American,main,,29.18,38.85,17.77,,all_diets
1780,Paleo Lasagna,Italian,main,,199.07,166.7,292.21,,all_diets
1781,Low Carb Cauliflower Potato Salad,American,main,,34.18,36.49,119.11,,all_diets
1782,Creamy Balsamic Dressing Recipe,Italian,main,,2.05,14.4,130.22,,all_diets
1783,Beef Stir-Fry With Snow Peas And Mushrooms Recipes,Chinese,main,,117.89,113.86,57.65,,all_diets
1784,Baked Sesame Ginger Chicken Recipes,Chinese,main,,356.6,31.62,198.75,,all_diets
1785,Genoise-Style Paleo Tiramisu ~ The Paleo Mom,Italian,main,,25.73,158.9,188.95,,all_diets
1786,Sweet Potato Tater Tots,American,main,,16.02,205.34,117.83,,all_diets
1787,Paleo Middle Eastern Meatballs (Paleo Kibbeh) Recipes,Middle Eastern,main,,102.17,18.57,49.56,,all_diets
1788,Orange Dressing/Vinaigrette,Mediterranean,main,,8.69,163.48,574.6,,all_diets
1789,"Low Carb Nut Free English Muffins (Grain Free, Gluten Free)",British,main,,33.89,22.3,121.33,,all_diets
1790,Beef Stir-Fry With Snow Peas And Mushrooms,British,main,,12.1,45.68,1.06,,all_diets
1791,Raw Vegan Collard Wraps,American,main,,22.88,56.46,107.24,,all_diets
1792,Chicken Avocado Burgers Recipes,Nordic,main,,93.27,33.54,92.44,,all_diets
1793,Creamy Whole30 Avocado Tuna Boats,Mediterranean,main,,41.82,57.75,94.29,,all_diets
1794,Sweet And Sticky Mango Chutney Chicken,Indian,main,,256.98,93.99,261.35,,all_diets
1795,Barbecue Chicken Pizza-Ii,Italian,main,,91.36,208.4,50.82,,all_diets
1796,The Paleo Pasty,Eastern Europe,main,,99.39,192.8,125.8,,all_diets
1797,Peanut Butter Chocolate Chunk Blondies Recipes,American,main,,68.82,231.05,229.81,,all_diets
1798,Green Goddess Turkey Burgers Recipes,American,main,,138.81,4.66,98.06,,all_diets
1799,Cassava Flour Chocolate Mayonnaise Cake,American,main,,11.04,422.58,237.46,,all_diets
1800,Paleo Pizza With A Paleo Pizza Crust Recipes,Italian,main,,105.31,114.29,180.78,,all_diets
1801,Shoyu Ahi Poke Recipes,Japanese,main,,111.82,11.58,6.85,,all_diets
1802,Dairy-Free Chunky Ice Cream,American,main,,18.19,175.0,123.11,,all_diets
1803,Honey Mustard Salmon,Nordic,main,,27.68,63.22,418.12,,all_diets
1804,Five C Spiced Salmon Recipes,Nordic,main,,324.33,4.57,270.7,,all_diets
1805,Dark & Stormy Date Caramels,French,main,,34.02,119.1,137.32,,all_diets
1806,Keto Fried Fish,South East Asian,main,,110.93,20.28,53.53,,all_diets
1807,Paleo Salmon Cakes,Nordic,main,,110.13,12.03,50.63,,all_diets
1808,Broccoli And Bacon Salad,American,main,,66.61,142.18,186.51,,all_diets
1809,Ground Beef Skillet With Pesto And Greens (Low-Fodmap),British,main,,89.94,10.84,58.45,,all_diets
1810,Sweet And Spicy Asian-Style Eggplant,South East Asian,main,,28.24,153.01,34.26,,all_diets
1811,French Onion Dip Recipes,American,main,,15.14,44.77,303.62,,all_diets
1812,Berry Chocolate (Antioxidant) Heaven,American,main,,29.87,352.58,92.19,,all_diets
1813,Chocolate Ice Cream - That'S Dairy And (Added) Sugar Free,American,main,,17.09,98.33,27.65,,all_diets
1814,Chocolate Tiramisu (Grain-Free) Recipes,Italian,main,,44.35,370.33,265.2,,all_diets
1815,"Strawberry (Heart Berry) Sponge Cake With Swiss Meringue And Coconut Cream (Grain Free, Dairy Free) Recipes",British,main,,73.61,215.65,194.58,,all_diets
1816,Chorizo Burger With Cucumber Slaw Recipes,Mediterranean,main,,146.06,23.64,205.89,,all_diets
1817,Paleo Steak And Kidney Pie ~ The Paleo Mom,American,main,,398.01,82.5,282.32,,all_diets
1818,Paleo Pizza Crust,Italian,main,,34.22,27.58,82.33,,all_diets
1819,Salisbury Steak Meatballs,British,main,,145.56,62.05,169.76,,all_diets
1820,Paleo Graham Crackers,American,main,,37.62,65.86,83.96,,all_diets
1821,Pecan And Apple Stuffed Acorn Squash Recipes,American,main,,14.02,89.14,100.92,,all_diets
1822,"Chicken Salad With Grapes, Apples And Cranberries Recipe Recipes",American,main,,101.36,118.91,252.23,,all_diets
1823,Paleo Persimmon Pie,American,main,,38.48,518.49,227.16,,all_diets
1824,Paleo Stir Fry,American,main,,24.43,22.43,8.06,,all_diets
1825,Keto Strawberry Ice Cream,American,main,,29.56,52.43,291.93,,all_diets
1826,Paleo Lemon Tarts,French,main,,38.77,126.1,64.78,,all_diets
1827,Chocolate Chia Seed Pudding,British,main,,13.65,68.33,92.25,,all_diets
1828,Braised Cube Steak With Onion Gravy (Aip) Recipes,American,main,,22.12,875.89,54.93,,all_diets
1829,No Bake Almond Butter Bars (Low Carb And Gluten Free) Recipes,American,main,,92.22,286.7,321.2,,all_diets
1830,Paleo Lunch “Buns,Italian,main,,5.04,227.0,1.45,,all_diets
1831,Parmesan Herb Chicken (Grain Free And Low Carb) Recipes,Italian,main,,166.91,3.84,72.13,,all_diets
1832,Blueberry Crumble (Gluten-Free & Sugar-Free) Recipes,American,main,,60.03,135.78,188.85,,all_diets
1833,Roasted Garlic Mashed Potatoes Recipes,American,main,,25.2,63.62,10.39,,all_diets
1834,Healthy Coconut Meringue Parfait Recipes,French,main,,63.04,161.99,13.34,,all_diets
1835,Keto Waldorf Salad,American,main,,6.74,27.28,63.62,,all_diets
1836,Grilled Asian Style Wild Alaskan Black Cod Recipes,Japanese,main,,44.95,39.22,6.89,,all_diets
1837,Korean Beef Cauliflower Rice Bowls,Mediterranean,main,,190.89,158.68,234.05,,all_diets
1838,Paleo Zucchini Spaghetti,Italian,main,,4.74,12.19,14.75,,all_diets
1839,Chicken Jicama Slaw,Mexican,main,,112.36,32.53,118.16,,all_diets
1840,Paleo Acorn Squash,French,main,,3.57,68.92,11.95,,all_diets
1841,Paleo Coffee Creamer,French,main,,19.37,14.12,98.57,,all_diets
1842,"Paleo Chocolate Barks, A.K.A. Paleo Turr&O",American,main,,23.75,84.18,191.43,,all_diets
1843,Paleo Flour Tortillas (Aip-Friendly!) ~ The Paleo Mom,Mexican,main,,0.0,150.22,81.0,,all_diets
1844,Paleo Carrot Cake,British,main,,130.64,371.78,327.27,,all_diets
1845,"Low Carb Red Cabbage, Mint, And Granny Smi",American,main,,9.8,75.41,56.01,,all_diets
1846,Bacon Burger Cauliflower Rice Casserole Recipes,American,main,,125.01,32.77,183.92,,all_diets
1847,Mediterranean Eggs Paleo,Mediterranean,main,,12.24,9.38,23.7,,all_diets
1848,Paleo Banana Bread,American,main,,54.23,233.84,97.63,,all_diets
1849,Paleo Coconut Crepes,French,main,,14.04,9.69,2.72,,all_diets
1850,Easy Paleo Meatballs,French,main,,78.6,2.96,90.8,,all_diets
1851,Paleo Apple Tart,French,main,,9.15,249.27,59.68,,all_diets
1852,Paleo Birthday Cake,American,main,,71.98,200.17,163.98,,all_diets
1853,Paleo Hash Browns,South American,main,,4.65,114.17,36.32,,all_diets
1854,Roasted Beet And Micro Kale Egg White Frittata,Italian,main,,38.18,20.35,40.72,,all_diets
1855,Chipotle Pulled Pork Stuffed Potatoes With Creamy Coleslaw Recipes,American,main,,32.47,235.85,91.26,,all_diets
1856,Paleo Hamburger Buns,American,main,,14.22,74.17,20.04,,all_diets
1857,Paleo Roasted Asparagus,Nordic,main,,9.98,17.6,13.32,,all_diets
1858,Paleo Peach Crumble,Eastern Europe,main,,44.9,261.29,181.17,,all_diets
1859,Paleo Pesto Recipes,Italian,main,,12.89,18.24,146.76,,all_diets
1860,Paleo Sausage Balls,American,main,,104.42,60.32,234.14,,all_diets
1861,Paleo Meat Loaf,American,main,,97.33,60.44,97.57,,all_diets
1862,Paleo Vanilla Custard,Italian,main,,27.29,65.95,103.42,,all_diets
1863,Parmesan Herb Chicken (Grain Free And Low Carb),Italian,main,,166.91,3.84,72.13,,all_diets
1864,Paleo Baked Tuna Cakes - Paleo And Gluten-Free,Mediterranean,main,,105.58,58.76,166.85,,all_diets
1865,Mango Banana Vanilla Cream Pops,American,main,,11.09,71.03,97.12,,all_diets
1866,Turkey Avocado Burgers,American,main,,203.1,149.26,333.28,,all_diets
1867,Paleo Roti Recipes,South East Asian,main,,16.54,72.39,70.77,,all_diets
1868,"Instant Pot Paleo Pumpkin Chili {Whole30, Paleo}",American,main,,92.49,93.22,123.26,,all_diets
1869,Strawberry Grapefruit Salad Recipes,American,main,,7.83,63.3,29.81,,all_diets
1870,Paleo Custard Bake,Mediterranean,main,,40.09,48.85,114.16,,all_diets
1871,Paleo Chicken Stew,American,main,,131.55,66.3,25.08,,all_diets
1872,Paleo Eggplant Hummus,Mediterranean,main,,9.79,47.87,9.76,,all_diets
1873,Paleo Margaritas Recipes,World,main,,0.16,14.07,0.02,,all_diets
1874,Paleo Beef Jerkey,American,main,,206.94,104.79,47.42,,all_diets
1875,Paleo Caramel Frappuccino,Mediterranean,main,,4.83,10.41,8.02,,all_diets
1876,Mango Salsa (Paleo),Mexican,main,,13.16,144.64,32.84,,all_diets
1877,Paleo Butterfingers Recipes,French,main,,4.35,247.32,139.99,,all_diets
1878,Paleo Carrot Hummus,Mediterranean,main,,8.4,38.01,232.91,,all_diets
1879,Paleo Shamrock Shake,American,main,,7.82,43.51,58.32,,all_diets
1880,Summer Squash Noodles With Skinny Garlic Butter Recipes,Asian,main,,9.62,19.66,26.36,,all_diets
1881,Summer Squash Tomato Bake,American,main,,22.49,72.05,38.26,,all_diets
1882,Paleo Zuppa Toscana,Italian,main,,57.87,253.19,103.32,,all_diets
1883,Paleo Chocolate Mousse,French,main,,40.91,139.35,285.15,,all_diets
1884,"Paleo ""Parmesan"" Cheese",Italian,main,,39.27,40.29,71.93,,all_diets
1885,Healthy Fettuccine Alfredo Recipes,Italian,main,,14.78,65.85,29.75,,all_diets
1886,Paleo Tortilla Chips,American,main,,17.17,67.44,76.21,,all_diets
1887,Paleo Strawberry Icecream,Italian,main,,26.36,168.28,195.15,,all_diets
1888,Paleo Cheese Recipes,French,main,,66.76,64.6,63.44,,all_diets
1889,Perfect Paleo Burger,American,main,,7.33,47.38,55.47,,all_diets
1890,Killer Paleo Horseradish,American,main,,2.83,27.14,1.66,,all_diets
1891,Paleo Peppermint Macaroons,French,main,,11.77,64.05,54.94,,all_diets
1892,Sesame Orange Vinaigrette,Chinese,main,,5.61,46.24,58.25,,all_diets
1893,Paleo Chicken Marsala,Italian,main,,149.53,27.82,148.35,,all_diets
1894,Weight Watchers Beef Stew,French,main,,275.18,230.52,62.63,,all_diets
1895,Paleo Grilled Salmon,Nordic,main,,197.13,7.3,57.9,,all_diets
1896,Paleo Chocolate Pudding,British,main,,11.97,127.01,58.87,,all_diets
1897,Paleo Gnocchi Recipes,Italian,main,,6.22,102.72,3.7,,all_diets
1898,Tropical Paleo Popsicles,American,main,,7.29,80.99,2.69,,all_diets
1899,"Paleo Steak Marinade (Paleo, Gf + Sugar Free) Recipes",American,main,,2.9,27.16,27.62,,all_diets
1900,Paleo Kale Salmon,Nordic,main,,6.58,10.28,63.92,,all_diets
1901,Paleo Sandwich Thins,American,main,,31.76,91.98,24.72,,all_diets
1902,Paleo Waldorf Salad,American,main,,3.37,64.06,91.21,,all_diets
1903,Paleo Shrimp Scampi,Chinese,main,,298.21,35.88,30.01,,all_diets
1904,Apricot Bites Paleo,French,main,,6.74,59.88,50.54,,all_diets
1905,Paleo Spinach Crepes,Italian,main,,32.03,90.8,30.21,,all_diets
1906,Moroccan Spice Blend,Middle Eastern,main,,1.03,6.36,1.02,,all_diets
1907,Paleo Pumpkin Butter,American,main,,2.84,55.05,9.82,,all_diets
1908,Paleo Tempura Asparagus,Japanese,main,,40.84,30.73,146.81,,all_diets
1909,Paleo Taco Soup,Mexican,main,,187.46,30.42,23.91,,all_diets
1910,Easy Chicken Marsala,Italian,main,,107.08,36.05,48.9,,all_diets
1911,Easy Paleo Ketchup,Italian,main,,7.52,47.99,0.81,,all_diets
1912,Paleo Hummus Recipes,Mediterranean,main,,28.06,49.03,93.44,,all_diets
1913,Paleo Pumpkin Gnocchi,Mediterranean,main,,28.38,154.13,79.81,,all_diets
1914,Paleo Cauli Couscous,Middle Eastern,main,,21.26,71.22,24.81,,all_diets
1915,Hawaiian Barbecue-Style Chicken Salad Recipes,American,main,,84.54,210.42,89.07,,all_diets
1916,Paleo Chocolate Milk,British,main,,26.79,128.02,165.51,,all_diets
1917,"Roasted Acorn Squash With Dates, Pumpkin Seeds And Goat Cheese",Mediterranean,main,,26.37,221.01,51.73,,all_diets
1918,Gluten Free Chocolate Zucchini Muffins Recipes,Mediterranean,main,,69.91,125.55,157.81,,all_diets
1919,Easy Paleo Falafel,Mediterranean,main,,21.62,32.57,64.66,,all_diets
1920,Paleo Blueberry Mousse,French,main,,53.13,323.37,439.18,,all_diets
1921,"Roasted Italian Sausages With Potatoes, Peppers, And Onions Recipes",Italian,main,,46.3,138.96,31.67,,all_diets
1922,Green Sorbet (Paleo),Mediterranean,main,,7.16,119.64,1.93,,all_diets
1923,Paleo Carrot Souffle,American,main,,32.67,119.89,137.81,,all_diets
1924,Paleo Chicken Tenders,American,main,,85.12,81.13,103.53,,all_diets
1925,Loco Coco (Paleo),American,main,,32.1,84.86,183.44,,all_diets
1926,Paleo Mini Quiche,French,main,,88.06,14.19,45.71,,all_diets
1927,Apple Cider Poppyseed Salad Recipes,Mediterranean,main,,22.75,175.37,133.44,,all_diets
1928,'Paleo' Pizza Base,Italian,main,,28.69,131.07,105.15,,all_diets
1929,Paleo Friendly Meatballs,Nordic,main,,114.89,46.78,169.8,,all_diets
1930,Paleo Fettuccine Alfredo,Italian,main,,36.18,46.25,21.54,,all_diets
1931,Paleo Mushroom Soup,French,main,,11.95,28.45,2.59,,all_diets
1932,Paleo Thanksgiving Stuffing,American,main,,27.7,119.89,77.25,,all_diets
1933,Pistachio Crusted Salmon With Green Curry Recipes,Nordic,main,,261.59,29.86,239.02,,all_diets
1934,Paleo Sausage Meatballs,Eastern Europe,main,,73.38,51.45,142.07,,all_diets
1935,Paleo Greek 'Rice',Mediterranean,main,,13.09,44.48,56.22,,all_diets
1936,Company Pot Roast Recipes,French,main,,350.05,176.53,240.25,,all_diets
1937,Paleo Flatbread Recipe,American,main,,31.91,120.79,25.97,,all_diets
1938,Paleo Chex Recipes,American,main,,26.86,101.27,108.62,,all_diets
1939,Paleo Breakfast Sandwich,American,main,,20.23,14.22,49.8,,all_diets
1940,Paleo Toffee & A Review Of Paleo Indulgences Cookbook Recipes,British,main,,24.4,231.54,88.47,,all_diets
1941,Paleo Squash Pesto,Italian,main,,33.19,10.65,186.65,,all_diets
1942,Paleo Hungarian Goulash,Central Europe,main,,105.01,36.89,38.16,,all_diets
1943,Paleo Curry Meatballs,Indian,main,,16.42,34.1,89.05,,all_diets
1944,Paleo Spinach Latkes,French,main,,44.1,215.12,100.34,,all_diets
1945,Paleo Pesto Recipe,Italian,main,,20.91,19.71,119.3,,all_diets
1946,Paleo Chicken Fingers,Eastern Europe,main,,163.02,148.03,236.07,,all_diets
1947,Paleo Primal Fudge,American,main,,34.66,101.48,184.31,,all_diets
1948,Paleo Cod Burgers,Nordic,main,,92.92,30.26,8.57,,all_diets
1949,Paleo Zucchini Hummus,Mediterranean,main,,25.15,43.41,79.87,,all_diets
1950,Homemade Paleo Ketchup,Italian,main,,10.13,56.96,1.49,,all_diets
1951,Paleo Cassava Tortillas,Mediterranean,main,,0.06,75.16,27.0,,all_diets
1952,Paleo Tandoori Chicken,Indian,main,,308.98,21.54,323.35,,all_diets
1953,Glazed Paleo Éclairs,American,main,,11.94,115.46,16.76,,all_diets
1954,Paleo Tortillas Recipes,Mediterranean,main,,36.75,41.01,34.25,,all_diets
1955,Paleo Chicken Parmesan,Italian,main,,153.87,119.21,171.95,,all_diets
1956,Paleo Potato Salad,Mediterranean,main,,41.57,430.55,555.11,,all_diets
1957,Slow Cooker Stewed Rosemary Garlic Chicken,American,main,,134.21,25.83,144.46,,all_diets
1958,Rice With Mushroom And Asparagus,French,main,,23.57,101.25,25.44,,all_diets
1959,Paleo Dirty Rice,French,main,,26.68,80.75,35.37,,all_diets
1960,Paleo Ranch Seasoning,American,main,,4.29,20.24,0.82,,all_diets
1961,Paleo Sangria Recipes,World,main,,2.87,110.03,0.69,,all_diets
1962,Paleo Fried Rice,Chinese,main,,17.07,23.74,36.07,,all_diets
1963,Primal Pizza Pie Layer Casserole,Italian,main,,131.33,34.99,159.19,,all_diets
1964,Paleo Lemon Curd,French,main,,24.82,161.28,132.63,,all_diets
1965,Easy Make Ahead Paleo Gravy {Paleo + Vegan Option},American,main,,6.16,23.93,33.74,,all_diets
1966,"Aunt Rocky’S Chorizo And Spaghetti Squash Casserole (Low Carb, Keto)",Italian,main,,126.73,77.95,197.8,,all_diets
1967,Smoked Salmon Deviled Eggs,Nordic,main,,72.44,9.31,228.93,,all_diets
1968,Paleo Cauliflower Puree,Mediterranean,main,,14.68,49.71,47.87,,all_diets
1969,Paleo Caesar Dressing,Mediterranean,main,,20.16,9.07,497.18,,all_diets
1970,Paleo Ginger??Snaps,Italian,main,,95.94,152.11,226.9,,all_diets
1971,Paleo Turkey Meatballs,American,main,,195.62,33.54,79.05,,all_diets
1972,Paleo Banana Muffins,American,main,,85.78,200.52,260.37,,all_diets
1973,Jamerican Paleo Burger,Nordic,main,,98.81,32.99,64.72,,all_diets
1974,Paleo Zucchini Burger,American,main,,25.16,49.41,20.0,,all_diets
1975,Paleo Meatballs Recipes,French,main,,170.29,21.84,190.17,,all_diets
1976,Low Carb Broiled Asian Chicken Thighs Recipes,Chinese,main,,149.89,13.87,49.44,,all_diets
1977,Clafoutis Paleo Gf,French,main,,62.38,171.71,143.8,,all_diets
1978,Whole30 Potato Salad Recipes,Mediterranean,main,,10.4,86.61,60.05,,all_diets
1979,Paleo Greek Chicken,Mediterranean,main,,103.21,8.28,120.13,,all_diets
1980,Spicy Avocado Shrimp Tower Recipes,South American,main,,7.46,24.73,87.84,,all_diets
1981,Barilla Turkey Sausage Meatball Hero Subs + Giveaway,American,main,,149.37,161.26,67.43,,all_diets
1982,Paleo Berry Cobbler,French,main,,70.95,495.23,258.21,,all_diets
1983,Paleo Cheesecake Recipes,Mediterranean,main,,46.61,112.79,239.75,,all_diets
1984,Paleo Eggplant Meatballs,Eastern Europe,main,,34.86,81.96,71.02,,all_diets
1985,Paleo Chicken Strips,American,main,,120.01,13.19,115.84,,all_diets
1986,Easy Pot Roast Crock Pot Recipes,Chinese,main,,323.19,230.68,74.72,,all_diets
1987,Paleo Peppermint Patties,American,main,,26.8,227.58,233.46,,all_diets
1988,Paleo Stuffed Peppers,Italian,main,,212.2,126.47,233.63,,all_diets
1989,Paleo Pita Chips,French,main,,55.69,45.56,112.34,,all_diets
1990,Paleo Pulled Pork,American,main,,363.86,41.0,258.48,,all_diets
1991,Paleo Sesame Pasta,Italian,main,,35.12,70.83,237.2,,all_diets
1992,Paleo White Christmas,Mediterranean,main,,34.52,80.74,102.14,,all_diets
1993,Paleo Salisbury Steak,British,main,,200.74,47.0,170.27,,all_diets
1994,Paleo Taco Bowl,Mexican,main,,21.47,11.82,26.3,,all_diets
1995,Crockpot Drumsticks | Paleo,American,main,,125.17,37.02,62.51,,all_diets
1996,Blueberry Cobbler {Paleo},American,main,,34.41,144.65,130.08,,all_diets
1997,Yummy Paleo Flatbread,American,main,,7.16,5.48,11.53,,all_diets
1998,Paleo Baked Chicken,American,main,,293.67,43.68,141.43,,all_diets
1999,Paleo Guacamole Recipe,Mexican,main,,4.98,22.1,29.73,,all_diets
2000,Pumpkin Dutch Baby,Central Europe,main,,51.94,78.05,132.72,,all_diets
2001,Salmon Cobb Salad,Nordic,main,,86.32,52.34,193.65,,all_diets
2002,Paleo Coleslaw Recipes,Mediterranean,main,,8.05,49.05,89.95,,all_diets
2003,Paleo Braised Cabbage,French,main,,21.85,113.36,69.95,,all_diets
2004,Paleo Cauliflower Tabouli,Middle Eastern,main,,9.04,30.15,28.7,,all_diets
2005,Paleo Gyros Recipes,Mediterranean,main,,156.23,22.07,197.86,,all_diets
2006,Paleo Sandwich Bread,Nordic,main,,82.9,96.1,203.88,,all_diets
2007,Everyday Paleo Meatloaf,American,main,,222.77,73.67,180.94,,all_diets
2008,Paleo Chicken Tacos,Mexican,main,,88.54,25.39,90.34,,all_diets
2009,Paleo Whole30 Meatballs,Italian,main,,49.65,25.33,31.86,,all_diets
2010,Grilled Cilantro Lime Chicken Recipes,Mediterranean,main,,137.17,20.55,43.28,,all_diets
2011,"5-Min Microwave Paleo Chocolate Cake Recipe [Paleo, Gf]",American,main,,14.34,43.94,44.76,,all_diets
2012,Broiled Paleo Burger,American,main,,147.0,98.03,245.1,,all_diets
2013,Paleo Cabbage Hash,French,main,,94.84,47.81,54.27,,all_diets
2014,Paleo Vanilla Wafers,American,main,,54.39,171.17,173.06,,all_diets
2015,Paleo Strawberry Sundae,American,main,,78.6,428.36,388.56,,all_diets
2016,Paleo Lamingtons Recipes,French,main,,57.82,215.83,226.98,,all_diets
2017,Paleo Fudgy Brownies,French,main,,82.58,181.14,215.9,,all_diets
2018,Crock Pot Chile Verde,Mexican,main,,201.78,29.12,81.49,,all_diets
2019,Paleo Venison Burgers,French,main,,108.33,30.05,39.3,,all_diets
2020,Paleo Pumpkin Scones,British,main,,99.59,336.0,235.0,,all_diets
2021,Paleo Orange Chicken,French,main,,110.54,52.28,39.95,,all_diets
2022,Paleo Hamburger Soup,Nordic,main,,140.81,255.09,63.29,,all_diets
2023,Paleo Fried Chicken,American,main,,208.66,32.76,375.11,,all_diets
2024,Tasty Paleo Borscht,Nordic,main,,15.58,86.02,25.4,,all_diets
2025,Delicious Paleo Meatballs,American,main,,196.24,26.33,247.65,,all_diets
2026,Gluten-Free Buckwheat Blinis With All The Fixings,Eastern Europe,main,,38.05,140.05,129.25,,all_diets
2027,Paleo Asian Meatballs,Indian,main,,155.39,13.86,206.43,,all_diets
2028,Paleo Cantaloupe Custard,French,main,,18.09,77.28,73.54,,all_diets
2029,Paleo Bunny Bites,American,main,,39.14,114.78,142.85,,all_diets
2030,Paleo Pie Crust,American,main,,49.41,83.14,129.24,,all_diets
2031,Paleo Paella Recipes,Mediterranean,main,,114.28,67.22,23.74,,all_diets
2032,Paleo Pita Crisps,Mediterranean,main,,52.77,543.93,1094.53,,all_diets
2033,"Paleo Baked Apples With Pecan Crumble (Paleo, Primal, Gaps)",American,main,,17.04,196.36,153.33,,all_diets
2034,Paleo Pizza Quiches,Italian,main,,68.7,16.57,86.7,,all_diets
2035,Gluten Free Caramelized Onion Gravy,Eastern Europe,main,,2.91,52.72,54.94,,all_diets
2036,Pineapple Muffins (Paleo),British,main,,78.26,90.12,180.1,,all_diets
2037,“Pho” Slow Cooker Pulled Pork Sandwiches Recipes,American,main,,284.71,240.0,268.1,,all_diets
2038,Paleo Beef Jerky,American,main,,259.42,103.71,96.66,,all_diets
2039,Paleo Venison Stroganoff,Eastern Europe,main,,171.5,59.19,132.4,,all_diets
2040,Paleo Mushroom Risotto,Italian,main,,27.18,92.53,59.88,,all_diets
2041,Paleo Skillet Frittata,Italian,main,,95.19,51.98,103.55,,all_diets
2042,Paleo Pig Burger,French,main,,215.41,54.5,248.86,,all_diets
2043,Paleo Salmon Slaw,Nordic,main,,165.67,25.68,200.27,,all_diets
2044,Paleo Chocolate Chippers,French,main,,286.58,822.4,979.01,,all_diets
2045,Paleo Cashews Fudge,French,main,,50.26,225.6,141.56,,all_diets
2046,Paleo Gingersnaps Recipes,British,main,,43.14,289.83,136.28,,all_diets
2047,Paleo Pepperoni Pizza,Italian,main,,66.53,212.2,71.37,,all_diets
2048,Paleo-Ish Sangria,World,main,,7.08,110.19,1.18,,all_diets
2049,Paleo Strawberry Crumble,British,main,,14.7,154.05,64.63,,all_diets
2050,Paleo Lemon Bars,American,main,,33.65,272.71,143.06,,all_diets
2051,Paleo Banana Loaf,British,main,,65.05,169.97,121.5,,all_diets
2052,Paleo Energy Bites,French,main,,40.56,182.5,183.14,,all_diets
2053,Paleo Cake – Recipes,American,main,,54.06,199.51,244.21,,all_diets
2054,Paleo Chocolate Cake,American,main,,59.12,213.93,153.54,,all_diets
2055,Beef Curry (Paleo),South East Asian,main,,112.87,76.07,111.59,,all_diets
2056,Paleo Chicken Nuggets,American,main,,175.8,40.7,158.93,,all_diets
2057,Salmon With Lemon And Ginger Marinade Recipes,Nordic,main,,95.45,20.67,88.85,,all_diets
2058,Paleo Coffee Cake,American,main,,67.02,311.15,242.85,,all_diets
2059,Paleo/Keto Pizza,Italian,main,,78.8,24.95,119.75,,all_diets
2060,Paleo Chicken Parma,Italian,main,,178.18,285.14,271.06,,all_diets
2061,Creamy Paleo Fudge,American,main,,16.83,232.82,253.79,,all_diets
2062,Paleo Steak Diane,American,main,,63.68,8.04,82.25,,all_diets
2063,"Slow Cooker Chicken Pot Pie (Gluten-Free, Dairy-Free) Recipes",American,main,,245.93,128.16,72.98,,all_diets
2064,Chicken Creole,American,main,,83.36,39.13,45.01,,all_diets
2065,Paleo Lemon Cake,Italian,main,,14.61,187.9,38.98,,all_diets
2066,Strawberry Paleo Galette,French,main,,5.97,13.82,5.75,,all_diets
2067,Val'S Paleo Ketchup,Italian,main,,10.16,83.67,1.52,,all_diets
2068,Deviled Eggs With Garlic And Parsley | Healthy Natural,French,main,,40.66,7.92,76.44,,all_diets
2069,Paleo Spaghetti Carbonara,Italian,main,,80.93,46.8,198.95,,all_diets
2070,Paleo Chicken Veloute,American,main,,258.98,696.3,234.84,,all_diets
2071,Paleo Chili Recipes,American,main,,292.46,96.19,138.73,,all_diets
2072,Paleo Zucchini Fritters,South East Asian,main,,18.02,39.43,10.15,,all_diets
2073,Paleo Taco Salad,Mexican,main,,96.83,93.25,232.5,,all_diets
2074,"Paleo Shrimp Linguini (Gluten Free, Grain Free, Paleo)",Italian,main,,43.06,33.92,55.64,,all_diets
2075,Paleo Salmon Croquette,Nordic,main,,41.97,40.54,51.19,,all_diets
2076,Paleo Berry Crumble,French,main,,86.07,236.88,212.25,,all_diets
2077,Gluten-Free Buckwheat Blinis With All The Fixings Recipes,Eastern Europe,main,,38.05,140.05,129.25,,all_diets
2078,Paleo Antipasto Salad,Italian,main,,24.91,44.96,95.18,,all_diets
2079,Paleo Cowboy Chili,American,main,,161.78,90.59,208.39,,all_diets
2080,Paleo Elk Chili,American,main,,286.03,110.86,231.19,,all_diets
2081,Paleo Christmas Pudding,British,main,,68.83,427.12,256.43,,all_diets
2082,Paleo Stuffed Cabbage,Middle Eastern,main,,229.77,232.27,217.06,,all_diets
2083,{Paleo} Broccoli Salad,American,main,,23.77,43.62,96.87,,all_diets
2084,Paleo Gingerbread Cake,American,main,,87.36,174.46,247.75,,all_diets
2085,Gluten Free Easy Herbed Chicken And Biscui,French,main,,78.65,58.36,94.28,,all_diets
2086,Paleo Blueberry Bars,American,main,,92.97,1628.09,195.87,,all_diets
2087,Onion Bacon Rosemary Dip (With Dairy Free Option) Recipes,American,main,,22.71,47.18,208.94,,all_diets
2088,Paleo Watercress Soup,French,main,,43.8,86.63,107.0,,all_diets
2089,Harvest Stuffed Sweet Potatoes,American,main,,12.23,186.71,24.24,,all_diets
2090,Paleo Seafood Chili,American,main,,111.9,73.58,24.01,,all_diets
2091,Paleo Empanadas Recipes,South American,main,,100.52,258.19,107.18,,all_diets
2092,Paleo Blueberry Muffins,British,main,,156.8,770.8,251.17,,all_diets
2093,Blueberry Almond Chicken Salad,American,main,,99.12,36.69,135.75,,all_diets
2094,Paleo Lettuce Wraps,American,main,,108.99,45.41,90.71,,all_diets
2095,Paleo Popcorn Chicken,American,main,,109.81,264.74,208.88,,all_diets
2096,Paleo Seafood Chowder,American,main,,233.41,204.85,214.69,,all_diets
2097,Paleo Spicy Chili,American,main,,194.54,99.84,119.95,,all_diets
2098,Paleo Ketchup Recipes,Italian,main,,11.34,225.53,1.71,,all_diets
2099,Paleo Chicken Soup,American,main,,240.89,79.86,89.39,,all_diets
2100,Paleo Fajita Meatza,Mexican,main,,284.13,139.22,256.16,,all_diets
2101,Paleo Pumpkin Blondies,American,main,,64.63,236.43,169.61,,all_diets
2102,Paleo Cashew Chicken,Mediterranean,main,,108.97,137.78,144.37,,all_diets
2103,Paleo Pizza Soup,Italian,main,,99.14,770.63,116.36,,all_diets
2104,Sweet Potato Salad Recipes,South American,main,,41.38,110.47,169.99,,all_diets
2105,Paleo Spaghetti Bake,Italian,main,,102.94,90.53,142.52,,all_diets
2106,Paleo Plantain Falafel,South American,main,,14.12,87.17,14.09,,all_diets
2107,Paleo Tuna Burgers,American,main,,120.05,17.93,85.49,,all_diets
2108,Paleo Chilli Bowl,Italian,main,,20.04,81.07,10.95,,all_diets
2109,Paleo Spaghetti Recipes,Italian,main,,102.38,62.87,111.67,,all_diets
2110,No-Fail Paleo Mayo,Mediterranean,main,,5.47,1.61,220.1,,all_diets
2111,Paleo Moroccan Chicken,Middle Eastern,main,,238.78,80.5,216.52,,all_diets
2112,Paleo Dump Soup,American,main,,192.42,107.77,55.62,,all_diets
2113,Paleo Artichoke Bruschetta,Mediterranean,main,,14.74,50.52,54.99,,all_diets
2114,Paleo Pizza Recipes,Italian,main,,95.14,122.74,168.95,,all_diets
2115,Paleo Seafood Gumbo,American,main,,211.09,117.5,66.52,,all_diets
2116,Zesty Paleo Meatloaf,American,main,,255.56,60.15,128.16,,all_diets
2117,Paleo Southwest Meatloaf,American,main,,146.75,48.65,198.36,,all_diets
2118,5-Ingredient Low Carb Clam Chowder (Gluten-Free) Recipes,American,main,,114.23,68.24,103.49,,all_diets
2119,Ropa Vieja Paleo,Caribbean,main,,165.47,187.81,89.37,,all_diets
2120,Paleo Pasta Bolognese,Italian,main,,162.8,223.06,125.13,,all_diets
2121,Cuban Vaca Frita Recipes,Caribbean,main,,196.62,28.07,103.81,,all_diets
2122,"Paleo Salmon Meal Prep Bowls (Paleo, Aip, Whole30)",Nordic,main,,266.24,71.73,204.75,,all_diets
2123,Honey Garlic Glazed Pork Chops Recipes,American,main,,113.13,126.15,46.69,,all_diets
2124,Paleo Profiteroles Recipes,French,main,,33.0,201.88,241.51,,all_diets
2125,Paleo Meatloaf With Apples,American,main,,95.89,31.49,39.27,,all_diets
2126,Paleo Vegetable Curry,South East Asian,main,,34.06,129.1,103.3,,all_diets
2127,Paleo Broccoli Slaw,Italian,main,,32.48,57.74,155.95,,all_diets
2128,Paleo Tuna Patties,American,main,,121.47,55.66,73.88,,all_diets
2129,Bacon-Ranch Meatloaf Recipes,American,main,,188.15,36.64,270.76,,all_diets
2130,Paleo Caesar Salad,American,main,,54.23,296.63,184.04,,all_diets
2131,Paleo Lasagna Soup,Italian,main,,213.64,480.19,167.62,,all_diets
2132,"Instant Pot Paleo Beef And Broccoli {Whole30, Paleo, Gf}",Nordic,main,,192.22,71.34,126.24,,all_diets
2133,Lemon Herb Garlic Chicken,Mediterranean,main,,229.75,32.4,304.84,,all_diets
2134,Paleo Picadillo Recipes,Mediterranean,main,,167.32,112.61,221.8,,all_diets
2135,"Tayste Of Paleo, Paleo Brussel Sprout, Kale & Peach Salad",Mediterranean,main,,68.84,47.85,21.84,,all_diets
2136,Farmhouse Paleo Meatloaf,American,main,,172.13,31.99,190.52,,all_diets
2137,Chicken Salad With Apples And Almonds Recipes,American,main,,240.46,40.33,201.22,,all_diets
2138,Creamy Pumpkin Sausage & Kale Soup Recipes,American,main,,107.08,92.09,76.81,,all_diets
2139,Paleo Chicken Casserole,Italian,main,,69.22,63.43,112.03,,all_diets
2140,100 Calorie Paleo Crepes,French,main,,15.86,103.19,13.94,,all_diets
2141,Thai Green Curry Guacamole Recipes,South East Asian,main,,14.23,100.98,68.13,,all_diets
2142,Paleo Enchiladas Recipes,Mexican,main,,147.34,107.16,233.4,,all_diets
2143,Gluten-Free “Pho” Slow Cooker Pulled Pork Sandwiches,South East Asian,main,,360.56,239.96,323.42,,all_diets
2144,5 Minute Paleo Sorbet,Italian,main,,5.57,53.23,36.58,,all_diets
2145,Paleo Lamb Stew,Mediterranean,main,,160.18,61.01,224.54,,all_diets
2146,Paleo Pumpkin Chili,American,main,,95.99,127.2,111.62,,all_diets
2147,April’S Spicy Pumpkin Soup,American,main,,15.46,181.09,63.21,,all_diets
2148,Chicken Marbella Recipes,Mediterranean,main,,185.47,111.73,130.32,,all_diets
2149,4 Ingredient Paleo Crêpes,French,main,,15.37,56.89,83.58,,all_diets
2150,Hearty Paleo Chili,American,main,,107.05,97.55,65.79,,all_diets
2151,Chocolate Paleo Chili,American,main,,183.19,98.27,215.87,,all_diets
2152,Paleo Samosa Recipes,Mediterranean,main,,50.45,292.24,104.86,,all_diets
2153,Spicy Salmon Cakes,Nordic,main,,111.33,1.41,90.55,,all_diets
2154,Paleo Cherry Ripe,French,main,,68.86,567.7,328.48,,all_diets
2155,Paleo Italian Meatballs,Italian,main,,285.68,142.68,253.66,,all_diets
2156,Paleo Chipotle Chili,American,main,,180.36,96.73,204.05,,all_diets
2157,Bbq Chicken Sweet Potato Skins Recipes,American,main,,119.62,218.24,135.41,,all_diets
2158,Paleo Vindaloo Recipes,Indian,main,,321.93,336.61,105.04,,all_diets
2159,Paleo Chicken Mole,Italian,main,,97.24,71.3,142.43,,all_diets
2160,Dreamy Hasselback Apples Recipes,American,main,,11.22,80.87,53.86,,all_diets
2161,Paleo Jambalaya Recipes,American,main,,127.08,67.44,41.11,,all_diets
2162,Paleo Pad Thai,South East Asian,main,,66.62,69.34,59.48,,all_diets
2163,Paleo Orange Beef,Mediterranean,main,,219.95,316.31,165.19,,all_diets
2164,Paleo Mini Meatloaves,Middle Eastern,main,,231.55,43.61,295.86,,all_diets
2165,Paleo Donuts Recipes,American,main,,56.41,169.52,179.66,,all_diets
2166,Paleo Cauliflower Crunch,Nordic,main,,58.01,44.33,67.81,,all_diets
2167,Paleo Coconut Walnut Squash,American,main,,5.98,54.41,30.59,,all_diets
2168,Paleo Rolls Recipes,French,main,,50.08,227.02,94.75,,all_diets
2169,Paleo Hamburg And Squash,Mediterranean,main,,83.33,27.42,105.06,,all_diets
2170,Day 3 - Paleo Restart,American,main,,18.67,124.0,91.33,,all_diets
2171,Instant Pot Sweet Potato Casserole,South American,main,,39.73,349.82,167.44,,all_diets
2172,"Seared Scallops With Sweet Corn Purée, Crumbled Bacon, And Tomato Chive Salsa",South American,main,,48.76,94.38,52.89,,all_diets
2173,Thai Mango Sweet Potato Salad,South East Asian,main,,7.93,75.25,27.61,,all_diets
2174,Pork Steaks Recipes,French,main,,464.85,89.22,445.73,,all_diets
2175,Oven Pork Steaks,Mediterranean,main,,464.85,89.22,445.73,,all_diets
2176,{Paleo} Beef Rendang,American,main,,225.77,131.53,157.67,,all_diets
2177,Paleo Steak And Veggies,American,main,,24.48,13.2,13.09,,all_diets
2178,Creamy Whole30 Potato Salad Recipes,Italian,main,,68.76,203.71,207.16,,all_diets
2179,Paleo Beef Chili,American,main,,115.08,137.47,81.33,,all_diets
2180,Sesame Pineapple Sausage Bites,Chinese,main,,5.68,124.15,18.27,,all_diets
2181,Whole 30 Zucchini Noodle Bake,Asian,main,,60.53,42.02,75.73,,all_diets
2182,The Best Paleo Buckeyes,American,main,,13.78,186.0,111.81,,all_diets
2183,Gluten Free Chicken Marsala Recipes,Italian,main,,265.87,68.02,60.11,,all_diets
2184,Creole Apple Turkey Burgers,American,main,,119.33,32.54,45.24,,all_diets
2185,Smoky And Sweet Broccoli Chicken Salad Recipes,American,main,,85.42,84.28,124.61,,all_diets
2186,Slow-Cooked Pork Roast Recipes,American,main,,298.94,44.15,117.59,,all_diets
2187,Creamy Cashew Thai Chicken With Cilantro Lime Cauliflower Rice,South East Asian,main,,151.09,115.62,95.11,,all_diets
2188,Paleo Meat Pockets From The Paleo Kids Cookbook Recipes,American,main,,88.91,182.92,186.11,,all_diets
2189,Paleo Eggrolls Recipes,French,main,,29.26,76.21,188.09,,all_diets
2190,Italian Primal Pizza With Free-Range Chicken,Italian,main,,62.29,93.97,67.14,,all_diets
2191,Paleo Swedish Meatballs,Nordic,main,,123.49,48.93,150.26,,all_diets
2192,Slow Cooker Red Pepper Paprika Chicken Recipes,Mediterranean,main,,195.64,60.83,39.2,,all_diets
2193,Paleo Apple Meatloaf,American,main,,175.03,199.06,191.3,,all_diets
2194,Instant Pot Chicken Soup With Mushrooms And Kale,French,main,,271.76,95.75,240.31,,all_diets
2195,Paleo Cassava Flour Tortillas,Mexican,main,,0.0,124.8,51.1,,all_diets
2196,Paleo Shepherd'S Pie,American,main,,103.98,191.55,131.64,,all_diets
2197,Healthy Turkey Meatloaf,American,main,,105.48,55.14,41.85,,all_diets
2198,Grass-Fed Bison Stuffed Peppers,American,main,,170.1,79.27,107.66,,all_diets
2199,Easy Salmon Tacos Recipes,Nordic,main,,118.62,105.19,115.07,,all_diets
2200,"Paleo Shrimp Creole (Paleo, Gluten-Free Roux) Recipes",American,main,,198.22,83.15,113.4,,all_diets
2201,Beef Stroganoff Recipes,Eastern Europe,main,,109.57,33.41,183.38,,all_diets
2202,The Perfect Paleo Meatballs,French,main,,91.01,61.2,101.35,,all_diets
2203,"Roasted Garlic Turnip Puree With Chorizo - Low Carb, Gluten Free",French,main,,124.04,80.89,326.42,,all_diets
2204,Brussels Sprout & Kale Slaw Recipes,Central Europe,main,,38.53,163.13,124.5,,all_diets
2205,Spaghetti Carbonara-Paleo Style,Italian,main,,45.08,47.92,167.43,,all_diets
2206,Paleo Chocolate Protein Truffles,American,main,,29.5,12.09,17.69,,all_diets
2207,Paleo Pizza Crust #1,Italian,main,,31.08,121.36,58.78,,all_diets
2208,Avocado Cucumber Salad Recipes,Mediterranean,main,,15.8,81.26,74.48,,all_diets
2209,Slow Cooker Pumpkin Salsa Shredded Beef,Mexican,main,,199.83,31.93,57.61,,all_diets
2210,Najib'S Special Lebanese Cauliflower Recipes,Mediterranean,main,,17.38,56.94,27.53,,all_diets
2211,Paleo Hash Browns Recipes,South American,main,,4.78,114.92,36.36,,all_diets
2212,Gluten Free Beef Bourguignon (Beef Burgundy) Recipes,French,main,,331.01,124.34,96.36,,all_diets
2213,Tomato Avocado Burgers (Low Carb And Gluten-Free) Recipes,American,main,,90.67,45.15,135.0,,all_diets
2214,Stuffed Pork Tenderloin Recipes,American,main,,197.23,51.76,48.64,,all_diets
2215,Easy Paleo Chicken Fajitas,Mexican,main,,55.21,41.5,49.55,,all_diets
2216,Paleo Prawn Cocktail Recipes,American,main,,69.5,10.88,82.21,,all_diets
2217,Easy Lemon Curd (Paleo),French,main,,15.41,94.7,15.33,,all_diets
2218,Grain Free Double Chocolate Banana Bread,American,main,,73.61,224.75,186.62,,all_diets
2219,Clafoutis ~ The Paleo Mom,French,main,,23.78,170.14,105.78,,all_diets
2220,Hawaiian Chicken Recipe,South East Asian,main,,153.03,132.16,79.17,,all_diets
2221,Creamy Artichoke Chicken Recipes,Mediterranean,main,,294.34,167.48,152.06,,all_diets
2222,Fluffy Paleo Cauliflower Mash,American,main,,16.37,41.77,25.39,,all_diets
2223,Paleo Shepard'S Pie,American,main,,187.09,160.46,263.51,,all_diets
2224,Paleo Coconut Lemon Cake,American,main,,29.46,120.26,73.21,,all_diets
2225,"Best Keto & Paleo Tortillas, Taco Shells & Nachos Recipes",Mexican,main,,57.32,98.71,161.51,,all_diets
2226,Paleo Spaghetti Squash Primavera,Italian,main,,16.53,88.52,32.47,,all_diets
2227,"Easiest Paleo ""Ice Cream""",American,main,,6.07,82.98,25.25,,all_diets
2228,Paleo Chocolate Chip Scones,American,main,,37.98,145.35,114.58,,all_diets
2229,Sriracha Ranch Cobb Salad Recipes,American,main,,117.7,21.91,154.52,,all_diets
2230,Paleo Garlic Mashed Cauliflower,Mediterranean,main,,11.29,29.24,47.61,,all_diets
2231,Spiced Vanilla Pumpkin Milk Steamer,American,main,,21.95,105.25,20.23,,all_diets
2232,Delicious Paleo Chocolate Muffins,American,main,,30.08,120.13,124.29,,all_diets
2233,Paleo Plantain Fries Recipes,South American,main,,4.65,114.17,29.32,,all_diets
2234,10 Paleo Lunch Ideas,Italian,main,,17.11,89.38,32.11,,all_diets
2235,Blueberry And Macadamia Yoghurt Bark,French,main,,24.89,74.19,67.42,,all_diets
2236,Baked Vanilla Paleo Donuts,American,main,,40.41,91.57,140.95,,all_diets
2237,Paleo Cauliflower Rice Recipes,Mediterranean,main,,16.4,43.41,29.44,,all_diets
2238,Homemade Paleo Chocolates Recipes,French,main,,12.69,108.27,172.4,,all_diets
2239,Chocolate Paleo Snack Cake,American,main,,38.57,266.83,135.99,,all_diets
2240,Baked Keto Chicken Wings - Sweet & Spicy,South American,main,,241.71,22.98,252.73,,all_diets
2241,The Best Paleo Ketchup,Italian,main,,18.58,96.02,16.04,,all_diets
2242,Paleo Power Baked Cauliflower,American,main,,20.54,52.74,73.87,,all_diets
2243,Paleo Chicken Fingers Recipes,Italian,main,,70.92,198.74,61.64,,all_diets
2244,Zucchini Noodles With Shrimp,Asian,main,,103.79,39.61,46.35,,all_diets
2245,Paleo Plantain Fries (Whole30),South American,main,,4.65,114.17,29.32,,all_diets
2246,Paleo Peach Cobbler Recipes,British,main,,18.73,161.9,29.61,,all_diets
2247,Paleo Chick-Fil-A,American,main,,102.57,17.37,139.06,,all_diets
2248,Bean-Free Paleo Chili,American,main,,168.33,61.1,198.81,,all_diets
2249,Paleo Fried Plantains Recipes,South American,main,,4.76,116.26,14.96,,all_diets
2250,Paleo Strawberry Creamsicles Recipes,French,main,,8.94,36.01,90.47,,all_diets
2251,Easy Paleo Cauliflower Rice,Mediterranean,main,,10.69,28.78,15.58,,all_diets
2252,Pupusas - Taco Style Paleo,Mexican,main,,4.58,16.68,4.1,,all_diets
2253,The Best Paleo Snickerdoodles,French,main,,45.91,155.32,113.15,,all_diets
2254,One Pan Lemon Garlic Chicken And Asparagus Recipes,British,main,,100.0,121.41,109.85,,all_diets
2255,Paleo Banana Egg Rolls,American,main,,43.42,352.63,38.01,,all_diets
2256,Garlic Shrimp With Zucchini Noodles,Asian,main,,128.54,498.9,42.12,,all_diets
2257,Paleo Bbq Chicken Recipes,American,main,,149.29,40.41,145.3,,all_diets
2258,Paleo Chicken Taco Burger,Mexican,main,,294.48,74.04,212.66,,all_diets
2259,Perfect Paleo Ice Cream,Italian,main,,24.81,74.45,123.19,,all_diets
2260,Paleo Mushroom Leek Frittata,Italian,main,,87.05,26.49,73.66,,all_diets
2261,Paleo Sweet Potato Mousse,French,main,,9.45,123.59,22.28,,all_diets
2262,Paleo Apple Pie Nachos,Nordic,main,,14.47,124.98,69.95,,all_diets
2263,Paleo Mini Egg Cakes,American,main,,43.83,13.43,72.69,,all_diets
2264,Quick Shrimp Scampi With Squash Noodles Recipes,Asian,main,,108.12,51.58,79.72,,all_diets
2265,Crab Stuffed Mushrooms Recipes,American,main,,32.53,14.87,64.25,,all_diets
2266,Crab-Stuffed Avocados (Paleo),Mediterranean,main,,39.34,38.27,74.0,,all_diets
2267,Paleo Banana & Blueberry Muffins,American,main,,60.55,303.43,137.4,,all_diets
2268,Paleo Blueberry Bread Pudding,British,main,,57.43,176.46,103.41,,all_diets
2269,Paleo Pumpkin Caramels Recipes,American,main,,4.22,115.7,116.49,,all_diets
2270,Spiced Paleo Apple Dip,American,main,,24.53,175.16,109.81,,all_diets
2271,Paleo Salted Caramel Dip,American,main,,0.67,35.58,26.24,,all_diets
2272,Paleo Peppermint Ice Cream,Italian,main,,6.9,36.42,72.59,,all_diets
2273,Greek Orange Salad With Fresh Mint Recipes,Mediterranean,main,,5.97,96.51,59.3,,all_diets
2274,Vegan Paleo Chocolate Mousse,American,main,,16.72,192.81,79.34,,all_diets
2275,Crispy Paleo Plantain Chips,South American,main,,2.55,58.61,55.34,,all_diets
2276,Paleo Sweet Potato Waffles,American,main,,23.49,39.24,18.88,,all_diets
2277,Honey Roasted Carrots (Paleo),American,main,,4.44,61.71,21.39,,all_diets
2278,Paleo Gingerbread Mini Donuts,American,main,,8.57,298.18,74.54,,all_diets
2279,Homemade Paleo Nutella Recipes,French,main,,30.36,148.62,175.53,,all_diets
2280,'Croodité' Paleo Basil Dip,American,main,,6.35,7.27,127.41,,all_diets
2281,Paleo Cumin Cauliflower Rice,Indian,main,,24.31,99.2,26.28,,all_diets
2282,Cherry Garcia Paleo Milkshake With Diy Paleo Magic Hardshell Recipes,American,main,,5.57,59.44,21.59,,all_diets
2283,German Tomato Salad (Tomatensalat) Recipes,Central Europe,main,,7.25,38.69,42.06,,all_diets
2284,Low Carb Paleo Biscuits,American,main,,61.56,45.53,181.46,,all_diets
2285,Paleo Pineapple & Beef Tacos,Mexican,main,,90.52,119.93,96.46,,all_diets
2286,Paleo Bison Burger Recipes,American,main,,92.2,35.47,102.26,,all_diets
2287,(Nut-Free) Basil Pesto Recipes,Italian,main,,30.12,22.06,103.28,,all_diets
2288,Crockpot Paleo Apple Butter,American,main,,6.53,347.37,4.66,,all_diets
2289,Gluten Free Easy Herbed Chicken And Biscuit Bake Recipes,Eastern Europe,main,,110.29,58.36,119.9,,all_diets
2290,Apricot Jalapeno Paleo Jam,British,main,,18.08,213.75,5.09,,all_diets
2291,Paleo Egg Drop Soup,Chinese,main,,56.95,69.25,60.75,,all_diets
2292,Paleo Chocolate Almond Bark,French,main,,34.16,153.55,57.23,,all_diets
2293,Paleo Berry Compote Or Cobbler,French,main,,17.31,63.01,53.15,,all_diets
2294,Paleo Lemon Curd Recipes,French,main,,19.67,103.25,96.17,,all_diets
2295,Paleo Candy Apple Wedges,French,main,,7.85,80.52,52.89,,all_diets
2296,Paleo Cashew Cream Cheese,American,main,,32.86,55.49,78.97,,all_diets
2297,Paleo 7-Layer Dip,Mexican,main,,133.18,76.45,179.73,,all_diets
2298,Paleo Spaghetti Squash Noodles,Asian,main,,8.45,64.39,59.9,,all_diets
2299,Paleo Pureed Cauliflower Recipes,American,main,,12.05,31.38,45.55,,all_diets
2300,Paleo Caramel Date Slice,French,main,,83.93,245.88,331.29,,all_diets
2301,Paleo Baked Fries Recipes,American,main,,13.74,118.86,28.61,,all_diets
2302,Sweet Potato Hash Recipes,American,main,,27.89,64.1,66.82,,all_diets
2303,Paleo Greek Roasted Lamb,Mediterranean,main,,115.42,15.53,1305.07,,all_diets
2304,Paleo Curry Leeks Recipes,Indian,main,,5.61,47.41,12.98,,all_diets
2305,Paleo Ginger Snaps Recipes,Italian,main,,50.38,109.88,112.1,,all_diets
2306,Coconut-Crusted Tilapia - Paleo,Mediterranean,main,,118.32,42.58,75.47,,all_diets
2307,"Amazing Paleo Pizza Crust - Vegan, Autoimmune Paleo & Cauliflower Free Recipes",Italian,main,,8.28,167.87,33.64,,all_diets
2308,"Paleo Slow Cooker Apple Honey Chicken Drumsticks Recipe [Paleo, Aip]",American,main,,181.88,94.85,92.71,,all_diets
2309,Paleo Coconut Shrimp Recipes,Mediterranean,main,,159.33,41.29,134.16,,all_diets
2310,"Paleo Apple Crisp (Paleo, Gf, Vegan + Refined Sugar-Free) Recipes",American,main,,31.89,298.07,109.02,,all_diets
2311,Paleo Peach Frangipane Muffins,French,main,,60.35,140.67,201.48,,all_diets
2312,Paleo Green Bean Recipe,American,main,,15.37,18.31,35.08,,all_diets
2313,Paleo Mango Cake Recipes,American,main,,64.28,108.36,46.38,,all_diets
2314,Paleo Sweet Potato Soup,American,main,,27.29,156.45,7.57,,all_diets
2315,Paleo Crispy Noodles Recipes,Asian,main,,2.7,33.62,40.93,,all_diets
2316,Herb Paleo Cauliflower Mash,French,main,,29.89,99.19,552.98,,all_diets
2317,Decadent Paleo Custard Recipes,American,main,,30.45,51.96,106.8,,all_diets
2318,Paleo Berry Crumble Bars,French,main,,3.4,206.17,1.6,,all_diets
2319,Paleo + Vegan Chocolate Frosting,American,main,,24.97,280.27,162.7,,all_diets
2320,Sunday Slow Cooker: Thai Curry Ground Beef Recipes,South East Asian,main,,104.82,34.94,32.89,,all_diets
2321,Paleo Chicken Nuggets Recipes,American,main,,211.64,47.69,100.54,,all_diets
2322,Paleo Bacon-Wrapped Cauliflower,American,main,,70.23,224.84,424.27,,all_diets
2323,Green Eggs And Bacon,American,main,,28.37,13.96,101.73,,all_diets
2324,Kitchen Sink Paleo Lunch,American,main,,94.21,25.93,36.16,,all_diets
2325,Spiked Vegan Eggnog,American,main,,46.36,84.52,42.61,,all_diets
2326,Vegan Cucumber Tea Sandwiches,American,main,,41.73,143.91,73.88,,all_diets
2327,Vegan Broccoli Soup Recipe,American,main,,103.83,82.54,139.3,,all_diets
2328,Baked Vegan Mac And Cheese Recipe,American,main,,140.19,524.38,221.29,,all_diets
2329,Vegan Nachos,American,main,,73.05,266.38,166.64,,all_diets
2330,The Best Vegan Breakfast Sandwich,American,main,,143.13,208.42,189.86,,all_diets
2331,{Vegan} Peanut Butter & Honey Muffins Recipes,American,main,,29.53,168.46,59.83,,all_diets
2332,Vegan Pots De Crème,American,main,,45.25,106.45,98.01,,all_diets
2333,Vegan Tiffin,American,main,,60.38,272.18,287.22,,all_diets
2334,Vegan Stovetop Lasagna,American,main,,124.77,512.21,147.15,,all_diets
2335,Vegan Italian Cold Cut Sandwich,American,main,,54.22,143.1,81.73,,all_diets
2336,Vegan Chocolate Pie,American,main,,71.19,428.01,248.98,,all_diets
2337,Vegan Mushroom Tea Sandwiches,American,main,,36.74,127.18,60.04,,all_diets
2338,Vegan Chicken Nuggets,American,main,,119.69,80.59,33.4,,all_diets
2339,Creamy Vegan Butternut Squash Mac And Cheese,American,main,,132.14,453.36,72.61,,all_diets
2340,Vegan Candied Almonds,American,main,,120.98,530.66,289.27,,all_diets
2341,Vegan Cinnamon Rolls Recipe,American,main,,62.84,884.18,321.47,,all_diets
2342,"Classic American Fare, Now In Vegan! Recipes",American,main,,103.83,82.54,139.3,,all_diets
2343,Simple Vegan Tofu Lasagna,Asian,main,,129.45,317.99,86.68,,all_diets
2344,Vegan Stroganoff Recipes,American,main,,52.69,40.66,37.09,,all_diets
2345,Vegan Meatballs,American,main,,61.47,269.97,68.85,,all_diets
2346,Vegan Pie Crust,American,main,,14.53,107.31,78.16,,all_diets
2347,Vegan Sesame Strugglaire’S Shortbread,American,main,,55.94,468.46,400.53,,all_diets
2348,Vegan Chocolate Frosting Recipes,American,main,,33.03,663.3,541.54,,all_diets
2349,Vegan Lasagna,American,main,,144.17,284.74,54.78,,all_diets
2350,"The Best ""Beefy"" Vegan Burgers",American,main,,86.16,548.23,129.69,,all_diets
2351,Vegan Chocolate Peanut Butter Cups Recipes,American,main,,66.4,239.64,284.24,,all_diets
2352,Vegan Pumpkin Pie,American,main,,42.83,344.63,121.93,,all_diets
2353,Vegan Scallops,American,main,,31.9,66.68,13.49,,all_diets
2354,Vegan Caesar Salad Dressing,American,main,,28.01,37.29,67.87,,all_diets
2355,Vegan (Or Not) Peach Creamsicle Sherbet,American,main,,55.03,439.96,52.51,,all_diets
2356,Vegan Pizza Margherita,Italian,main,,113.8,391.09,97.24,,all_diets
2357,Vegan Classic Cheesecake,American,main,,105.08,635.06,243.29,,all_diets
2358,Vegan Chocolate-Dipped Frozen Banana Bites,American,main,,29.04,178.5,73.99,,all_diets
2359,Vegan Brownies,French,main,,56.1,486.28,195.65,,all_diets
2360,Vegan Spinach And Mushroom Lasagna,American,main,,161.61,304.45,175.45,,all_diets
2361,Vegan Pumpkin Pull-Apart Loaf,American,main,,55.62,662.7,93.64,,all_diets
2362,Vegan Potato Salad,American,main,,20.77,129.36,26.85,,all_diets
2363,Vegan White Pizza,American,main,,74.83,374.84,36.75,,all_diets
2364,Vegan Macaroni Salad,American,main,,42.07,170.89,42.08,,all_diets
2365,Asparagus And Arugula Pizza With Vegan Pesto,Italian,main,,24.25,80.63,40.53,,all_diets
2366,Vegan Eton Mess,American,main,,46.27,297.82,26.19,,all_diets
2367,Vegan Cornbread Stuffing,American,main,,64.42,421.16,91.7,,all_diets
2368,Vegan French Onion Dip,American,main,,57.38,134.68,188.77,,all_diets
2369,Vegan Jambalaya,American,main,,49.54,220.02,59.7,,all_diets
2370,Vegan Meyer Lemon Poppyseed Shortbread,American,main,,37.78,425.18,271.62,,all_diets
2371,Vegan Bolognese,American,main,,80.8,335.2,27.94,,all_diets
2372,Vegan Creamy Coleslaw,American,main,,6.76,40.99,68.13,,all_diets
2373,Vegan Chocolate Ice Cream,American,main,,34.96,284.85,220.65,,all_diets
2374,Vegan Ginger Sticky Date Pudding & Cardamom Toffee,British,main,,43.95,859.11,287.58,,all_diets
2375,‘Cheesy’ Vegan Scones,American,main,,68.49,279.16,49.72,,all_diets
2376,Vegan Mushroom Stroganoff,American,main,,50.67,221.8,68.92,,all_diets
2377,Vegan Fig Galette,American,main,,52.72,880.99,346.35,,all_diets
2378,Vegan Fry-Up,American,main,,100.27,167.06,279.46,,all_diets
2379,Traditional Vegan Caesar Salad,American,main,,46.34,126.68,66.66,,all_diets
2380,Vegan Mushroom Bolognese,American,main,,57.26,229.43,36.96,,all_diets
2381,Vegan White Peach Mug Cobbler With Cardamom,American,main,,5.51,70.81,16.13,,all_diets
2382,Easy Vegan Tacos,American,main,,26.13,153.72,15.67,,all_diets
2383,Gluten-Free Walnut & Portobello Mushroom Vegan Burgers,American,main,,34.55,97.14,30.74,,all_diets
2384,Vegan Cauliflower Alfredo Bake,American,main,,114.36,389.31,28.11,,all_diets
2385,Zesty Italian Vegan Meatballs,American,main,,55.19,100.02,66.46,,all_diets
2386,Vegan Lasagne,American,main,,169.83,604.54,100.68,,all_diets
2387,Carrot Cake With Vegan Cream Cheese Frosting,American,main,,74.47,1032.32,465.91,,all_diets
2388,Vegan Pizza,American,main,,35.92,223.73,71.83,,all_diets
2389,Vegan Moussaka,American,main,,129.49,548.31,119.91,,all_diets
2390,Vegan Sushi Burger,Japanese,main,,24.23,198.01,32.0,,all_diets
2391,Vegan Brownies Recipes,French,main,,35.2,405.49,129.47,,all_diets
2392,Beefless Vegan Tacos,American,main,,57.67,132.69,72.92,,all_diets
2393,Vegan Chocolate And Raspberry Panna Cotta,American,main,,33.99,158.29,73.24,,all_diets
2394,Vegan Pav-Bhaji,American,main,,17.71,99.41,32.22,,all_diets
2395,Vegan Toffee Apple Upside-Down Cake,American,main,,33.97,422.06,151.76,,all_diets
2396,Vegan Blats (Blts With Avocado),American,main,,41.62,119.38,71.62,,all_diets
2397,Vegan Rhubarb & Custard Bake,American,main,,39.49,531.36,211.22,,all_diets
2398,Vegan Pasta Pie,American,main,,71.56,310.5,39.6,,all_diets
2399,Vegan Eggplant Parmesan,American,main,,53.02,221.99,68.26,,all_diets
2400,Vegan Creme Brulee Buttermilk Cupcakes,American,main,,41.75,1133.7,415.07,,all_diets
2401,Bean And Potato Vegan Enchiladas Recipes,American,main,,65.85,324.88,152.74,,all_diets
2402,Vegan Blueberry Pie,American,main,,27.46,448.09,131.15,,all_diets
2403,Cinnamon Sugar Vegan Donuts,American,main,,14.41,411.22,64.83,,all_diets
2404,Vegan Pie,American,main,,102.33,552.11,240.21,,all_diets
2405,The Best Gluten-Free Vegan Pesto Pasta,American,main,,227.6,502.31,462.82,,all_diets
2406,Spicy Thai Vegan Burger,South East Asian,main,,80.51,190.71,52.97,,all_diets
2407,Vegan Kale And Leek Bake Recipes,American,main,,40.32,217.22,141.53,,all_diets
2408,Vegan Quinoa Lentil Curry Burger,American,main,,40.15,136.6,18.22,,all_diets
2409,Vegan Chocolate Cheesecake,American,main,,107.55,859.49,382.54,,all_diets
2410,Vegan Cauliflower Buffalo Wings,American,main,,52.39,263.63,47.66,,all_diets
2411,Vegan Mac And Cheese Recipes,American,main,,166.81,444.38,25.66,,all_diets
2412,Vegan Shepherd'S Pie,American,main,,106.76,425.81,101.91,,all_diets
2413,Vegan Lemon Vanilla Cupcakes With Lemon Buttercream Frosting,American,main,,27.77,619.26,207.28,,all_diets
2414,Vegan Sweet Potato Biscuits,American,main,,54.63,448.19,138.11,,all_diets
2415,Vegan Banana Chocolate Chip Muffins,American,main,,36.93,418.54,106.0,,all_diets
2416,Vegan Thai Green Curry,South East Asian,main,,43.56,247.53,57.67,,all_diets
2417,Vegan Black Bean Burgers,American,main,,70.79,256.3,113.3,,all_diets
2418,Vegan Cream Of Broccoli Soup,American,main,,75.06,161.94,111.21,,all_diets
2419,Vegan Lentil Burgers,American,main,,84.93,331.31,43.1,,all_diets
2420,Vegan Sweet Potato & Pear Soup,American,main,,11.66,164.77,28.96,,all_diets
2421,Classic Vegan Date Bars,American,main,,70.29,1101.77,331.04,,all_diets
2422,Gluten-Free Vegan Creole Jalapeno Hush Puppies,American,main,,37.11,384.44,135.66,,all_diets
2423,Vegan Cream Of Mushroom Soup With Not So Vegan Herb Bread,American,main,,71.33,222.41,121.53,,all_diets
2424,Ian'S Vegan Chili,American,main,,155.27,571.66,106.53,,all_diets
2425,Easy Vegan Coconut Curry Noodle Bowls,Asian,main,,24.54,181.37,107.56,,all_diets
2426,"Vegan ""B.L.A.T.""S: Lettuce, Tomato, Avocado, And Crispy Smoked Mushroom Sandwiches Recipe",American,main,,20.82,77.06,45.26,,all_diets
2427,Vegan Chickpea Crab Cakes,American,main,,81.59,304.48,221.1,,all_diets
2428,No-Churn Vegan Peanut Butter Chocolate Chip Ice Cream Recipes,American,main,,95.88,416.83,477.74,,all_diets
2429,Fully Loaded Vegan Baked Potato Soup Recipe,American,main,,59.15,222.48,150.25,,all_diets
2430,"Vegan Sausage, Kale And Cauliflower Potpie",American,main,,149.81,395.9,150.42,,all_diets
2431,Vegan Misir Wot Pierogi,Central Europe,main,,168.87,870.67,50.77,,all_diets
2432,You Won'T Believe It'S Vegan Pumpkin Pie,American,main,,36.0,304.6,92.59,,all_diets
2433,Vegan Lasagna Alla Bolognese Recipe,Italian,main,,72.92,373.65,54.98,,all_diets
2434,Vegan And Gluten-Free Fruit And Almond Shortbread Bars,American,main,,31.11,463.9,275.34,,all_diets
2435,Vegan Spiced Pumpkin Pie Glo Bites,American,main,,38.34,243.38,68.53,,all_diets
2436,Black-Bottom Peanut Butter Freezer Pie,American,main,,94.34,522.29,354.72,,all_diets
2437,Vegan Italian Roasted Eggplant Bisque,American,main,,22.05,79.91,36.02,,all_diets
2438,"Bacon Ranch Salad, Now In Vegan Form!",American,main,,37.9,51.12,156.63,,all_diets
2439,Chef Chloe'S Best-Ever Vegan Baked Macaroni And Cheese,American,main,,133.22,511.08,63.01,,all_diets
2440,Grain Free + Vegan Lime Pie Bars,American,main,,24.81,143.11,186.7,,all_diets
2441,Vegan Cream Of Mushroom Soup With Crispy Shiitake Chips Recipe,American,main,,38.03,122.84,130.18,,all_diets
2442,Chocolate Chip Cake With Buttercream Icing (Vegan),American,main,,50.97,1002.35,676.53,,all_diets
2443,Mushroom And Pea Tart (Vegan Friendly),American,main,,73.9,378.91,130.61,,all_diets
2444,Can'T-Believe-It'S-Vegan Chili,American,main,,214.61,484.66,105.34,,all_diets
2445,This Ain’T Grandma’S Sweet Potato Casserole (Vegan) Recipes,American,main,,26.46,323.89,132.46,,all_diets
2446,Tomato And Basil Bruschetta (For Vegans And Non Vegans Alike),American,main,,25.17,97.93,57.09,,all_diets
2447,Heirloom Tomato Blts Recipes,American,main,,259.09,789.39,168.65,,all_diets
2448,Itty Bitty Herbed Garlic Pumpkin Knots With Vegan Parmesan Cheese,American,main,,23.25,124.6,45.81,,all_diets
2449,Vegan Chocolate-Covered Digestive Biscuits Recipe,American,main,,37.68,313.69,226.63,,all_diets
2450,Vegan Slow-Cooker Sweet Potato Chili,American,main,,65.82,224.74,32.78,,all_diets
2451,Vegan Chickpea Cakes With Mashed Avocado Recipe,American,main,,74.62,351.32,160.23,,all_diets
2452,Classic Vegan Gumbo,American,main,,122.54,442.68,229.02,,all_diets
2453,Vegan Spinach And Artichoke Dip Recipe,Mediterranean,main,,66.61,157.17,89.84,,all_diets
2454,Vegan Black Bean And Squash Chili Recipe,American,main,,97.48,229.27,101.69,,all_diets
2455,Gluten Free Vegan Fudgy Black Bean Brownies Recipe,French,main,,40.59,314.63,95.06,,all_diets
2456,"Easy Cucumber Noodles With A Vegan Basil Cream, Tomatoes And Pine Nuts Recipes",American,main,,46.69,165.17,170.8,,all_diets
2457,Vegan Chocolate Cake And Frosting Recipes,American,main,,76.8,1295.31,756.82,,all_diets
2458,Vegan Katsu Curry,American,main,,79.46,265.89,116.58,,all_diets
2459,"Super Healthy, But Doesn’T Taste It Vegan Banana Bread",American,main,,38.31,441.56,109.48,,all_diets
2460,Mexican Hot Chocolate Cupcakes With Whipped Cream (Vegan),American,main,,38.34,330.17,174.65,,all_diets
2461,Vegan Egg Salad Sandwich Recipes,American,main,,74.95,102.31,85.59,,all_diets
2462,Vegan Chocolate Tart With Salted Oat Crust,American,main,,61.46,529.8,330.19,,all_diets
2463,Smoky Tomato & Garlic Spelt Risotto With Crumbled Vegan Feta,Mediterranean,main,,66.35,290.35,116.51,,all_diets
2464,Vegan Chocolate Tart With Salted Oat Crust Recipes,American,main,,61.46,529.8,330.19,,all_diets
2465,Wholegrain Pitta With Tomatoes And Pesto,Italian,main,,6.98,31.38,12.07,,all_diets
2466,The Best Vegan Baked Mac & Cheese Recipe,American,main,,83.66,441.39,81.04,,all_diets
2467,Try This Vegan Recipe For Stuffed Mushroom Burgers Recipes,American,main,,99.49,616.7,137.2,,all_diets
2468,Grits Cheesecake,American,main,,65.26,514.5,240.49,,all_diets
2469,"Vegan, Gluten-Free Double Chocolate Muffins",American,main,,44.62,454.71,320.21,,all_diets
2470,Gluten-Free Sweet Potato Cardamom Macadamia Brownies,French,main,,22.67,234.49,171.88,,all_diets
2471,Lime Cheesecake,American,main,,56.74,279.19,145.24,,all_diets
2472,Crowd-Pleasing Vegan Caesar Salad Recipes,American,main,,87.84,199.83,121.3,,all_diets
2473,Vegan Frosting,American,main,,1.45,0.1,301.59,,all_diets
2474,Beluga Lentil Caviar On Blini,Eastern Europe,main,,49.59,180.15,91.1,,all_diets
2475,Chocolate-Covered Matzo Bark,French,main,,30.6,270.36,103.89,,all_diets
2476,Vegan Pesto,American,main,,25.51,22.8,172.61,,all_diets
2477,Hadley’S Vegan Apple Spice Muffins With Oatmeal Streusel Topping,American,main,,43.71,505.55,89.84,,all_diets
2478,Matcha Green Tea Ice Cream Sandwich With Vegan Ginger Molasses Cookies Recipe,American,main,,92.89,1079.21,330.99,,all_diets
2479,Carrot & Caraway Crackers,American,main,,19.35,185.39,46.89,,all_diets
2480,Chocolate Walnut Bites Recipe,American,main,,70.47,524.05,165.8,,all_diets
2481,Vegan Queso,American,main,,43.24,61.71,62.75,,all_diets
2482,Vegan Root Beer Coconut Ice Cream,American,main,,12.15,177.57,91.47,,all_diets
2483,Vegan Meringues,American,main,,29.98,240.24,11.78,,all_diets
2484,Vegan Burritos,American,main,,135.16,595.7,98.97,,all_diets
2485,Vegan Masa,American,main,,99.13,891.96,223.08,,all_diets
2486,Vegan Fajitas,American,main,,42.5,182.74,52.72,,all_diets
2487,Vegan Nuggets,American,main,,91.67,262.84,45.06,,all_diets
2488,Vegan Dumplings,American,main,,8.71,102.45,18.76,,all_diets
2489,Barbecue Pulled Jackfruit Sandwiches,American,main,,27.91,406.7,94.66,,all_diets
2490,Vegan Sushi,Japanese,main,,31.81,295.6,11.96,,all_diets
2491,Vegan Kimchi,American,main,,104.24,539.25,14.78,,all_diets
2492,Classic Cinnamon Rolls Recipes,Nordic,main,,81.33,788.44,176.4,,all_diets
2493,Vegan Gyoza,American,main,,198.89,851.59,80.86,,all_diets
2494,Fancy Green Beans,American,main,,9.51,33.92,11.36,,all_diets
2495,Raw Chocolate Mousse Recipes,American,main,,55.3,385.05,192.81,,all_diets
2496,Vegan Gravy,American,main,,16.42,50.17,27.99,,all_diets
2497,Hummus Tartine With Sprouts Recipes,Mediterranean,main,,8.37,34.76,18.01,,all_diets
2498,Vegan Mayonnaise,American,main,,22.97,25.13,106.85,,all_diets
2499,Vegan Eggnog,American,main,,28.72,151.67,136.98,,all_diets
2500,Gluten-Free Sweet Potato Pie,American,main,,22.83,226.55,165.84,,all_diets
2501,Vegan Vichysoisse,American,main,,34.11,254.47,41.28,,all_diets
2502,Heirloom Tomato Blt,American,main,,67.86,133.37,114.89,,all_diets
2503,Toasted Coconut And Almond Butter,American,main,,66.39,96.28,197.65,,all_diets
2504,Summer Baked Beans Recipes,American,main,,12.72,3204.43,53.92,,all_diets
2505,Sweet Potato Turnovers With Sweet Kraut,French,main,,18.53,340.31,95.89,,all_diets
2506,Vegan Chili,American,main,,77.37,290.62,53.2,,all_diets
2507,Vegan Cassoulet,American,main,,32.89,192.7,911.66,,all_diets
2508,Chocolate Chip Pumpkin Bread,American,main,,41.34,466.58,154.67,,all_diets
2509,Cherry Tomato Zucchini Noodles,Asian,main,,11.46,39.76,14.13,,all_diets
2510,"Pb, J & Chocolate Love Pie",American,main,,62.69,275.49,262.8,,all_diets
2511,Red Lentil & Sweet Potato Pâté,French,main,,37.67,118.32,15.72,,all_diets
2512,Double-Chocolate Glazed Doughnuts,American,main,,26.65,316.79,119.73,,all_diets
2513,Vegan Cashew Parmesan,American,main,,59.46,65.69,67.7,,all_diets
2514,Vegan Mayonnaise Recipe,American,main,,9.89,4.19,341.1,,all_diets
2515,Rustic Garlic And Asparagus Tofu Quiche Is A Slice Of Sunshine,French,main,,16.32,119.85,87.04,,all_diets
2516,Vegan Corn Soup,American,main,,29.92,164.72,38.37,,all_diets
2517,Chocolate Sunflower Butter Spread Recipes,American,main,,9.19,136.89,228.0,,all_diets
2518,Vegan Cauliflower Soup,American,main,,26.33,36.65,29.47,,all_diets
2519,Vegan Yorkshire Puddings,British,main,,28.33,194.44,41.45,,all_diets
2520,"Vegan ""Ice Cream""",American,main,,3.15,28.35,4.84,,all_diets
2521,Vegan Christmas Pudding,American,main,,60.68,1131.87,113.81,,all_diets
2522,Grilled Avocado Sandwich,American,main,,7.0,31.62,8.68,,all_diets
2523,Vegan Asparagus Risotto,American,main,,30.84,247.0,16.36,,all_diets
2524,Vegan Lemon Cheesecake,American,main,,80.07,223.02,266.4,,all_diets
2525,Vegan Mushroom Gravy,American,main,,10.93,37.1,41.71,,all_diets
2526,Vegan Blueberry Crisp,American,main,,30.9,196.29,153.5,,all_diets
2527,Vegan Lemon Cake,American,main,,29.37,568.68,97.64,,all_diets
2528,Chocolate-Covered Banana Ice Cream Bars,American,main,,43.88,239.08,154.42,,all_diets
2529,"Oat Milk Tres ""Leches"" Cake",South American,main,,118.03,713.21,278.89,,all_diets
2530,"Steamed Buns With Simmered Daikon And Shiitake, Pickled Bean Sprouts, And Spicy Mayonnaise (Vegan) Recipe",American,main,,78.57,442.46,59.91,,all_diets
2531,Easy Vegan Pho,American,main,,18.65,106.31,15.27,,all_diets
2532,Vegan Chocolate Sorbet,American,main,,7.27,173.78,51.9,,all_diets
2533,Vegan Black Beans,American,main,,104.19,316.86,49.68,,all_diets
2534,Easy Vegan Burgers,American,main,,49.36,466.88,24.18,,all_diets
2535,Vegan Chocolate Cake,American,main,,50.01,722.29,229.58,,all_diets
2536,Vegan Sourdough Stuffing,American,main,,64.61,290.67,54.0,,all_diets
2537,Vegan Sweet Potato And 2-Bean Chili With Hominy Recipe,American,main,,135.92,583.76,59.5,,all_diets
2538,Vegan Chickpea Curry,American,main,,71.67,244.33,64.8,,all_diets
2539,Vegan Baked Beans,American,main,,98.26,403.51,48.14,,all_diets
2540,Vegan Mapo Tofu,American,main,,52.07,60.56,56.37,,all_diets
2541,Vegan Chili Mac,American,main,,74.67,242.04,66.9,,all_diets
2542,Vegan Scalloped Potatoes,American,main,,37.1,298.65,73.61,,all_diets
2543,Vegan Christmas Cake,American,main,,101.45,1210.44,371.51,,all_diets
2544,Vegan Rice Pudding,British,main,,27.49,328.04,84.0,,all_diets
2545,Vegan Spring Risotto,Italian,main,,25.13,212.46,16.39,,all_diets
2546,Vegan Mince Pies,American,main,,71.56,727.39,268.62,,all_diets
2547,Vegan Eggplant Lasagna,Italian,main,,130.69,183.5,96.88,,all_diets
2548,Simple Vegan Pesto,American,main,,35.18,28.08,155.98,,all_diets
2549,Vegan Mayonnaise Recipes,American,main,,2.4,16.16,82.56,,all_diets
2550,Vegan Hoppin' John,American,main,,45.97,391.64,27.27,,all_diets
2551,Vegan Chocolate Ganache Cupcakes With Salted Caramel And Dark Chocolate Buttercream,American,main,,120.61,1486.52,685.22,,all_diets
2552,Vegan Thai Curry,South East Asian,main,,81.25,376.16,143.38,,all_diets
2553,Vegan Miso Pesto,American,main,,10.76,16.9,79.51,,all_diets
2554,Roasted Veggie Mason Jar Salad,Asian,main,,30.27,24.73,22.72,,all_diets
2555,Vegan Mac & Cheese,American,main,,85.38,300.79,83.5,,all_diets
2556,Vegan Chocolate Mousse,American,main,,41.81,212.07,100.09,,all_diets
2557,Korean Shrimp Cocktail,American,main,,185.31,22.83,93.78,,all_diets
2558,Vegan Anytime Risotto,American,main,,67.37,327.18,59.52,,all_diets
2559,Vegan Salad Nicoise,American,main,,74.16,120.17,380.98,,all_diets
2560,Vegan Mashed Potatoes,American,main,,11.66,96.4,54.73,,all_diets
2561,Low-Key Iridofu Or Scrambled Tofu With Vegetables Recipes,Asian,main,,74.74,32.31,40.2,,all_diets
2562,Vegan Sesame Grill,American,main,,12.67,77.56,12.17,,all_diets
2563,Vegan Jackfruit Tacos,American,main,,63.86,303.01,67.49,,all_diets
2564,Tofu Salad,Asian,main,,18.76,32.32,17.91,,all_diets
2565,Deviled Potatoes,Mediterranean,main,,120.85,767.12,18.23,,all_diets
2566,Vegan Potato Soup,American,main,,79.69,262.1,130.71,,all_diets
2567,Vegan Caesar Dressing,American,main,,22.05,31.41,44.91,,all_diets
2568,Vegan Summer Succotash,American,main,,28.19,112.52,25.87,,all_diets
2569,Vegan Tikka Masala,American,main,,106.33,309.79,144.92,,all_diets
2570,Vegan Enchilada Casserole,American,main,,151.55,654.47,56.44,,all_diets
2571,Vegan Chocolate Milkshake,American,main,,21.17,120.27,41.1,,all_diets
2572,Jalapeño Pesto Potato Tamales,South American,main,,43.71,343.61,198.67,,all_diets
2573,Vegan Basil Pesto,American,main,,20.29,25.97,96.69,,all_diets
2574,Vegan Banana Muffins,American,main,,22.36,316.56,118.11,,all_diets
2575,Massaged Kale Salad Recipes,Mediterranean,main,,37.56,101.22,88.18,,all_diets
2576,Vegan Basil “Chicken”,American,main,,70.45,43.51,63.81,,all_diets
2577,Vegan Lentil Soup,American,main,,62.9,181.19,31.82,,all_diets
2578,Vegan Pumpkin Bread,American,main,,43.54,417.73,112.34,,all_diets
2579,Gena Hamshaw'S (Vegan) Deli Bowls With Smashed Chickpea Salad,American,main,,121.33,340.49,177.38,,all_diets
2580,Decadent Vegan Brownies,French,main,,23.33,339.8,113.64,,all_diets
2581,Vegan Pear Tart,American,main,,28.5,296.05,112.24,,all_diets
2582,Vegan Blueberry Muffins,American,main,,33.07,422.0,94.49,,all_diets
2583,Vegan Penne Vodka,American,main,,86.64,434.2,76.53,,all_diets
2584,Beet Jerky Recipes,American,main,,15.59,69.3,0.97,,all_diets
2585,Vegan Chickpea Alfredo,American,main,,142.21,512.07,75.14,,all_diets
2586,Vegan Buddha Bowl,American,main,,57.85,227.15,105.16,,all_diets
2587,7 Layer Mexican Dip,Mexican,main,,102.31,337.22,197.22,,all_diets
2588,Vegan Coconut Bars,World,main,,14.76,330.45,79.45,,all_diets
2589,Vegan Zucchini Kofta,American,main,,37.62,152.18,196.5,,all_diets
2590,Vegan Portobello Muffuletta,American,main,,47.7,190.91,70.41,,all_diets
2591,Vegan Chocolate Babka,American,main,,38.94,333.75,88.42,,all_diets
2592,Seitan,Asian,main,,186.43,70.93,30.6,,all_diets
2593,Vegan Tarka Dal,American,main,,116.89,316.1,45.52,,all_diets
2594,Southeast Asian Inspired Vegan Apple Blackberry Pie With Coconut Crumb Topping And Coconut Scented Crust,American,main,,55.31,770.24,267.22,,all_diets
2595,"Dark Chocolate, Chia, And Cherry Pecan Bar",American,main,,10.48,94.15,67.01,,all_diets
2596,Vegan Pumpkin Chili,American,main,,61.67,276.87,37.83,,all_diets
2597,Vegan Chocolate Dipped Strawberries,American,main,,8.66,83.05,46.09,,all_diets
2598,Plain Cake Donut,American,main,,14.71,558.56,76.65,,all_diets
2599,Vegan Pad Thai,South East Asian,main,,123.43,287.59,133.03,,all_diets
2600,Vegan Peach Cobbler,American,main,,75.12,622.73,68.91,,all_diets
2601,Couscous With Pine Nuts And Currants,American,main,,18.2,105.12,32.85,,all_diets
2602,Baby Bok Choy Salad With Mama O'S Kimchi Paste,Chinese,main,,6.02,21.02,0.95,,all_diets
2603,Vegan Cashew Cream Cheese,American,main,,62.25,90.89,110.77,,all_diets
2604,Easy Vegan Chocolate Truffles,American,main,,50.68,309.97,200.92,,all_diets
2605,Vegan Chocolate & Pumpkin Pudding,British,main,,4.65,77.96,4.75,,all_diets
2606,Easiest Ever Vegan Gravy,American,main,,3.12,9.71,5.39,,all_diets
2607,Cranberry-Carrot Cake Recipe,American,main,,63.64,457.67,101.36,,all_diets
2608,Massaged Kale Salad Recipe,American,main,,37.56,101.22,80.74,,all_diets
2609,Vegan Saffron Risotto,American,main,,72.96,427.95,33.85,,all_diets
2610,Vegan Lasagna Recipes,American,main,,141.85,361.97,150.89,,all_diets
2611,Vegan French-Fried Onions,American,main,,7.01,45.29,7.68,,all_diets
2612,Vegan Double Caramel Flan,American,main,,23.14,313.45,51.01,,all_diets
2613,Vegan Mocha Mousse Recipe,American,main,,75.54,201.64,83.46,,all_diets
2614,Purple Carrot'S Jalapeño Popper Potato Skins,American,main,,83.47,343.82,132.41,,all_diets
2615,Vegan Palak Paneer,Indian,main,,69.07,87.68,64.8,,all_diets
2616,Vegan Kale Pesto Pasta,American,main,,85.33,299.08,87.91,,all_diets
2617,Vegan Vanilla Ice Cream,American,main,,17.39,209.12,171.18,,all_diets
2618,Chunky Peanut Butter Fudge Squares,American,main,,57.88,212.55,153.01,,all_diets
2619,Vegan Spaghetti Alla Puttanesca,American,main,,67.2,375.92,56.82,,all_diets
2620,Vegan Bistro Lunch Box,American,main,,8.25,28.23,8.52,,all_diets
2621,Vegan Avocado Ice Cream,American,main,,14.45,190.05,130.85,,all_diets
2622,Vanilla Torte With Raspberry Filling And Chocolate Frosting,American,main,,114.32,908.43,238.33,,all_diets
2623,Vegan Asparagus Avocado Soup,American,main,,40.99,112.72,125.04,,all_diets
2624,Kale Slaw Recipes,American,main,,12.4,57.01,20.99,,all_diets
2625,Inclusive Vegan Sour Cream,American,main,,8.61,15.68,36.19,,all_diets
2626,Vegan Chocolate-Ganache Frosting,American,main,,19.52,191.74,165.39,,all_diets
2627,Smoky Spiced Veggie Rice,American,main,,72.5,477.82,76.99,,all_diets
2628,Vegan Mac 'N' Cheese,American,main,,120.58,520.01,162.1,,all_diets
2629,Easy Vegan Bacon Bits,American,main,,59.11,49.68,0.38,,all_diets
2630,Healthy Vegan Snacking Recipes,American,main,,6.02,127.9,1.98,,all_diets
2631,Vegan Bbq Teriyaki Tofu,Asian,main,,71.0,62.88,53.38,,all_diets
2632,Vegan Lentil Soup Recipe,American,main,,117.97,329.04,33.72,,all_diets
2633,Vegan Carbonara Pasta Recipe,American,main,,114.96,383.39,128.65,,all_diets
2634,Vegan Coconut Chickpea Curry,American,main,,86.87,501.32,53.58,,all_diets
2635,Vegan Sweet Potato Casserole,American,main,,36.04,307.12,110.7,,all_diets
2636,Vegan Basil Cashew Pesto,American,main,,28.42,30.95,99.52,,all_diets
2637,Vegan Lemon Meringue Pie,American,main,,26.72,385.51,193.03,,all_diets
2638,Vegan Grape Jelly Recipes,American,main,,1.09,99.98,0.24,,all_diets
2639,Vegan Chickpea Coconut Curry,American,main,,19.93,100.18,134.96,,all_diets
2640,Chargrilled Artichokes Hummus [Vegan],Mediterranean,main,,35.61,115.73,43.49,,all_diets
2641,Easy Brown Rice & Veggie Wrap,Chinese,main,,11.03,52.26,19.43,,all_diets
2642,Vegan Olive Oil Cake,American,main,,36.09,492.72,221.5,,all_diets
2643,Vegan Kaju Matar Masala | Vegan Cashew And Green Peas Curry,Indian,main,,39.11,104.85,97.12,,all_diets
2644,Vegan Fettuccine Alfredo Recipe,American,main,,125.93,357.2,139.6,,all_diets
2645,Asparagus Garlic Scape Pesto Spaghetti Recipes,Italian,main,,16.02,42.41,54.27,,all_diets
2646,The Best Vegan Tacos,American,main,,73.62,221.55,34.38,,all_diets
2647,Vegan Superfood Buddha Bowls,American,main,,74.84,234.13,70.8,,all_diets
2648,Whole Spelt Vegan Pasta,American,main,,17.2,98.28,15.52,,all_diets
2649,Root Vegetables Jazzed Up!,American,main,,8.66,99.05,14.91,,all_diets
2650,Vegan Cashew Caesar Salad,American,main,,38.86,89.46,101.6,,all_diets
2651,Raw Vegan Coconut Macaroons,American,main,,31.57,95.83,112.34,,all_diets
2652,Vegan Strawberry Ice Cream,American,main,,5.79,222.43,5.76,,all_diets
2653,Simplest Chocolate Mousse,British,main,,46.49,138.98,128.96,,all_diets
2654,Vegan Peach Ice Scream,American,main,,13.42,177.68,9.47,,all_diets
2655,Roasted Veggie Brown Rice Buddha Bowl,Asian,main,,29.38,45.68,19.5,,all_diets
2656,Simple Vegan Pesto Zoodles,American,main,,29.84,63.91,92.41,,all_diets
2657,Vegan Mango Lassi Recipes,World,main,,5.81,155.67,10.77,,all_diets
2658,Vegan Nectarine Ice Cream,American,main,,12.36,151.54,97.35,,all_diets
2659,Grilled Corn With Sriracha Mayo,Mediterranean,main,,21.18,84.51,72.18,,all_diets
2660,Saweet! Potato Casserole With A Crunchy Nut Crumble Recipes,American,main,,66.71,586.67,225.24,,all_diets
2661,Recent Stonesoup Vegan Recipes,American,main,,7.62,17.64,9.59,,all_diets
2662,"Vegan ""Cheesy"" Pumpkin Seeds",American,main,,83.58,32.84,153.89,,all_diets
2663,Vegan Butternut Squash Soup,American,main,,17.34,91.39,115.59,,all_diets
2664,Vegan Lemon Asparagus Risotto,American,main,,54.8,225.11,31.22,,all_diets
2665,Satoimo (Taro Root) Cooked In Miso With Tofu Recipes,Asian,main,,41.19,114.26,19.73,,all_diets
2666,Cold Avocado Soup With Sweet Corn And Bacon,South American,main,,28.33,85.11,94.31,,all_diets
2667,Cranberry-Topped Sourdough Coffee Cake,American,main,,43.4,518.9,141.93,,all_diets
2668,No-Bake Strawberry Pie,American,main,,18.95,373.66,70.16,,all_diets
2669,Vegan Baked Banana Donuts,American,main,,6.02,308.57,4.73,,all_diets
2670,Jerseylicious Vegan Peach Pie,American,main,,32.45,368.31,113.84,,all_diets
2671,Vegan Caprese Salad Recipes,American,main,,61.81,46.18,75.54,,all_diets
2672,Vegan Raw Plantain Salad,American,main,,8.8,139.47,2.19,,all_diets
2673,Vegan Fresh Pasta Dough.,American,main,,35.58,262.82,7.89,,all_diets
2674,Hearts Of Baltimore Crab Cakes,Mediterranean,main,,30.74,84.99,104.24,,all_diets
2675,Garlicky Baked Butternut Squash Recipes,American,main,,32.14,190.38,39.93,,all_diets
2676,Green Tea Ice Cream,American,main,,11.9,143.33,92.97,,all_diets
2677,Asparagus Recipes,Chinese,main,,11.74,10.23,32.11,,all_diets
2678,Ultimate Vegan Thanksgiving Gravy,American,main,,27.2,102.17,42.17,,all_diets
2679,Perfect Vegan Pie Crust,American,main,,29.06,223.51,111.76,,all_diets
2680,Thyme Roasted Vegetables,American,main,,8.56,146.03,42.54,,all_diets
2681,Vegan Banana Cashew Yogurt,American,main,,29.25,102.35,62.48,,all_diets
2682,Homemade Vegan Kimchi Recipe,American,main,,33.83,108.25,14.19,,all_diets
2683,Easy Vegan Pad Thai,South East Asian,main,,69.47,523.83,45.24,,all_diets
2684,Tomato Tart,French,main,,17.48,100.57,44.06,,all_diets
2685,Vegan Chocolate Orange Muffins,American,main,,34.66,266.45,64.99,,all_diets
2686,Pecan Butter,American,main,,18.36,47.61,162.93,,all_diets
2687,Vegan Seafood Spelt Pasta,American,main,,54.91,264.71,49.65,,all_diets
2688,Raw Vegan Spag Bol,American,main,,78.97,245.02,44.98,,all_diets
2689,Maple Frosted Pumpkin Cake Recipe,American,main,,66.83,938.29,252.26,,all_diets
2690,Vegan Vanilla Cashew Cream,American,main,,18.23,31.25,43.86,,all_diets
2691,Vegan Mediterranean Pita Pockets,American,main,,120.28,197.28,115.53,,all_diets
2692,Vegan Green-Goddess Dip,American,main,,3.6,13.98,71.09,,all_diets
2693,Easy Green Chile Quesadilla Recipe With Sprouted Corn Tortillas,Mexican,main,,34.34,48.42,50.87,,all_diets
2694,"Beetroot, Hummus & Crispy Chickpea Sub Sandwich",Mediterranean,main,,59.07,262.48,42.64,,all_diets
2695,Vegan Mushroom Gravy Recipes,American,main,,17.32,106.32,57.73,,all_diets
2696,Simple Vegan Chocolate Cake,American,main,,38.71,545.64,135.55,,all_diets
2697,Vegan Banana Ice Cream,American,main,,11.88,169.1,97.21,,all_diets
2698,Vegan Spiced Cashew Rice,American,main,,45.72,211.44,86.92,,all_diets
2699,Vegan Carrot Jalapeño Soup,American,main,,20.77,90.18,59.76,,all_diets
2700,Vegan Sweet Squash Soup,American,main,,6.77,102.28,23.03,,all_diets
2701,Vegan Avocado Ceviche Recipes,American,main,,9.15,39.7,43.86,,all_diets
2702,5-Minute Vegan Breakfast Burritos,American,main,,76.01,132.07,50.95,,all_diets
2703,Veggie Veggie Vegan Soup,American,main,,20.35,123.04,29.02,,all_diets
2704,Best-Ever Vegan Meatballs,American,main,,35.95,114.25,28.96,,all_diets
2705,Vegan Lemon Fettuccine Alfredo,American,main,,85.42,292.08,91.47,,all_diets
2706,No-Oil Balsamic Dressing,American,main,,33.28,101.9,2.99,,all_diets
2707,Vegan Bean Chilli Fries,American,main,,50.83,249.54,90.69,,all_diets
2708,All The 'Melon Ceviche (Vegan),American,main,,14.32,122.56,31.66,,all_diets
2709,Vegan Moroccan Harira Recipes,Middle Eastern,main,,127.16,430.33,43.33,,all_diets
2710,Vegan Caesar Salad Recipes,American,main,,55.62,193.4,143.75,,all_diets
2711,Vegan And Gluten-Free Gravy,American,main,,29.69,49.33,16.42,,all_diets
2712,Miso-Agave Mayonnaise (Vegan) Recipe,Japanese,main,,18.36,51.95,84.05,,all_diets
2713,Vegan Sweet Potato Chili,American,main,,44.2,231.63,39.97,,all_diets
2714,Orange-Walnut Biscotti,Italian,main,,82.16,393.23,137.8,,all_diets
2715,Vegan Kale Caesar Salad,American,main,,44.65,114.84,53.56,,all_diets
2716,Vegan “Cheese” Spread Recipes,American,main,,70.39,99.61,130.81,,all_diets
2717,Smoky Black Bean Enchiladas,Mexican,main,,99.51,308.46,48.72,,all_diets
2718,Raw Vegan Zoodles With Romesco,American,main,,52.57,234.71,59.35,,all_diets
2719,Vegan Chorizo For Omnivores Recipe,American,main,,170.52,351.7,94.17,,all_diets
2720,15 Minute Cauliflower Fried Rice Recipes,Chinese,main,,40.74,57.84,43.11,,all_diets
2721,Spicy Vegan Sloppy Joes,American,main,,52.1,233.65,50.05,,all_diets
2722,Vegan Thai Cucumber Salad,South East Asian,main,,16.75,48.12,47.06,,all_diets
2723,Eggless Molten Lava Cake (In The Microwave),American,main,,4.73,38.99,18.82,,all_diets
2724,Vegan Cauliflower Fried Rice,Chinese,main,,42.07,84.73,76.58,,all_diets
2725,Vegetable Stock From 'Afro-Vegan',American,main,,0.56,3.29,0.06,,all_diets
2726,Pecan-Stuffed Dates,American,main,,23.83,282.81,103.33,,all_diets
2727,Reeses Pie Recipes,American,main,,119.7,385.64,191.84,,all_diets
2728,Vegan Dal Makhni Recipes,American,main,,68.31,177.32,70.78,,all_diets
2729,Vegan White Bean Chili,American,main,,89.72,304.98,67.7,,all_diets
2730,Raw Walnut Brownies (Vegan + Gf),American,main,,8.87,112.76,41.16,,all_diets
2731,Vegan: Breakfast Garlic Toast Recipe,American,main,,33.25,115.8,63.11,,all_diets
2732,Vegan Pad Thai With Tofu,Asian,main,,66.38,195.01,63.49,,all_diets
2733,Vegan Black Sesame Milkshakes,American,main,,18.8,76.81,117.06,,all_diets
2734,Delicious Vegan Chili Recipes,American,main,,42.13,167.98,24.93,,all_diets
2735,Vegan Pinto Bean Chili,American,main,,381.55,1264.46,37.23,,all_diets
2736,Vegan Chili And Cornbread Casserole,American,main,,319.54,1159.0,291.7,,all_diets
2737,Healthy Vegan Yoga Bowl,American,main,,60.73,188.21,18.76,,all_diets
2738,Vegan Portobello Muffuletta Recipes,American,main,,47.45,189.36,70.33,,all_diets
2739,Baked Vegan Doughnuts Recipes,American,main,,15.23,304.34,67.71,,all_diets
2740,Vegan Chipotle Lentil Tacos,American,main,,136.34,428.83,53.51,,all_diets
2741,Purple Carrot’S Loaded Nachos,Mexican,main,,126.73,425.71,338.92,,all_diets
2742,Chocolate Mocha Pie,American,main,,39.03,348.34,75.65,,all_diets
2743,Vegan Crispy Roasted Cauliflower,American,main,,33.34,42.56,46.01,,all_diets
2744,Vegan Mixed Berry Panna Cotta,American,main,,14.9,111.97,50.97,,all_diets
2745,Vegan Butter Chicken Recipes,American,main,,52.94,121.02,76.27,,all_diets
2746,Hearty Vegetable Stock (Vegan) Recipe,American,main,,0.46,2.66,0.12,,all_diets
2747,Beetroot & Red Onion Tarte Tatin,French,main,,47.43,319.17,232.71,,all_diets
2748,Raspberry Lemon Cake,American,main,,26.36,279.82,58.73,,all_diets
2749,Vegan Pulled Mushroom Bbq Sandwiches,American,main,,50.04,300.89,48.65,,all_diets
2750,Vegan Bakery-Style Blueberry Muffins,American,main,,60.67,558.45,19.72,,all_diets
2751,Carnitas Tenderloin Tacos,Mexican,main,,71.06,54.84,66.08,,all_diets
2752,Canadian Apple Butter,American,main,,2.49,135.45,25.78,,all_diets
2753,"Pantry Bacon (Vegan, Gluten Free)",American,main,,0.92,79.66,27.61,,all_diets
2754,Raw Vegan Coconut Almond Macaroons,American,main,,36.09,114.15,126.25,,all_diets
2755,Burgers With Chunky Grilled Vegetables,American,main,,52.87,100.71,28.39,,all_diets
2756,Vegan Broccoli Cream Soup Recipe,American,main,,23.5,92.68,28.95,,all_diets
2757,Vegan Chocolate Banana Ice Cream,American,main,,1.61,27.46,0.63,,all_diets
2758,Patatas Bravas,Mediterranean,main,,25.85,207.13,64.9,,all_diets
2759,"Big Quesadillas With Refried Beans, Spinach, And Avocado",Mexican,main,,51.06,204.95,54.93,,all_diets
2760,"Charred Cauliflower, Lemon & Caper Orzo",Italian,main,,19.38,93.24,11.53,,all_diets
2761,Mango-Raspberry Vegan Shake Recipes,American,main,,4.2,164.16,14.87,,all_diets
2762,Healthy Vegan German Potato Salad,American,main,,28.42,244.78,1.47,,all_diets
2763,Red Cabbage With Coriander Seed,American,main,,4.48,111.57,15.81,,all_diets
2764,Chickpeas With Spring Greens (Vegan),American,main,,39.1,139.69,22.25,,all_diets
2765,Fully Loaded Vegan Burritos,American,main,,67.39,364.68,36.02,,all_diets
2766,Spicy Vegan Refried Beans Recipe,American,main,,100.45,309.31,61.96,,all_diets
2767,Cheesy Vegan Brussels Sprout Chips,American,main,,12.37,27.62,14.54,,all_diets
2768,Trinidad Pholourie (Gluten Free & Vegan),American,main,,52.36,390.02,84.29,,all_diets
2769,Vegan Whipped Coconut Sweet Potatoes,American,main,,7.42,82.5,24.29,,all_diets
2770,Olive-Artichoke Eggplant Rolls,Mediterranean,main,,21.24,79.57,92.14,,all_diets
2771,Vegan Jelly-Filled Muffins Recipe,American,main,,20.55,440.45,79.32,,all_diets
2772,Raw Vegan Bloody Mary Recipes,American,main,,5.99,29.77,1.48,,all_diets
2773,Hungarian Apple Crumb Kugel,French,main,,17.65,504.27,94.97,,all_diets
2774,Zucchini Verde Vegan Enchiladas,American,main,,91.98,243.48,112.79,,all_diets
2775,Asian-Style Lettuce Wraps,Japanese,main,,50.77,54.64,18.12,,all_diets
2776,Vegan Chickpea Curry Jacket Potatoes,American,main,,76.95,355.52,41.04,,all_diets
2777,Vegan Fluffy Buttercream Frosting Recipes,American,main,,1.19,424.99,193.24,,all_diets
2778,Vegan Thai Summer Squash Vichyssoise,South East Asian,main,,44.26,154.44,61.48,,all_diets
2779,Vegan Vanilla Ice Cream Recipes,American,main,,25.52,107.14,61.4,,all_diets
2780,Raw Vegan Fig-Vanilla Jam,American,main,,3.26,61.03,3.23,,all_diets
2781,Vegan Bakery-Style Banana Muffins,American,main,,54.07,584.1,8.27,,all_diets
2782,Banana Cake With Peanut Butter Frosting Recipes,American,main,,33.4,355.7,147.51,,all_diets
2783,Banana Bread For One,American,main,,2.58,40.25,14.28,,all_diets
2784,Vegan Spinach And Artichoke Dip,American,main,,51.29,101.78,127.63,,all_diets
2785,Vegan Stuffing With Mushrooms And Leeks,American,main,,66.77,281.85,107.09,,all_diets
2786,Vegan Tofu And Spinach Scramble,American,main,,70.95,39.43,62.98,,all_diets
2787,Spicy Cabbage Slaw (Vegan) Recipe,American,main,,5.78,84.31,0.89,,all_diets
2788,Vegan Penne With Vodka Sauce,American,main,,107.55,480.93,253.29,,all_diets
2789,Vegan Pumpkin Pie Ice Cream,American,main,,16.63,173.09,43.5,,all_diets
2790,Vegan Mint Chip Ice Cream,American,main,,39.05,157.15,134.2,,all_diets
2791,Grilled Portobello Mushroom Burgers,World,main,,43.5,164.35,27.76,,all_diets
2792,Raspberry Mousse Recipes,French,main,,39.86,167.6,36.62,,all_diets
2793,Cajun Portobello Sandwich With Avocado And Rémoulade,American,main,,57.79,210.99,172.74,,all_diets
2794,Vegan Macaroni And Cheese Recipes,American,main,,193.15,523.06,199.57,,all_diets
2795,Vegan Tofu Green Goddess Dressing,American,main,,6.27,18.38,77.51,,all_diets
2796,Vegan Sweet Potato Malai Kofta,American,main,,36.9,128.0,128.65,,all_diets
2797,Gluten-Free Balsamic Zucchini Scones,American,main,,20.83,236.24,117.68,,all_diets
2798,Vegan Lasagna With Roasted Vegetables,American,main,,163.88,380.69,90.7,,all_diets
2799,Raw Vegan Chocolate Cake Recipes,American,main,,64.58,545.79,182.41,,all_diets
2800,Creamy Vegan Butternut Squash Carbonara,American,main,,109.29,444.43,60.41,,all_diets
2801,Raw Vegan Donut Holes Recipes,American,main,,27.04,203.88,72.04,,all_diets
2802,Spring Has Sprung Salad Recipes,American,main,,17.79,61.94,14.16,,all_diets
2803,Vegan Roasted Sweet Potato Quesadillas,Mexican,main,,77.95,361.1,76.6,,all_diets
2804,Homemade 'Reese'S Cups' Recipe,American,main,,95.7,445.64,398.74,,all_diets
2805,Vegan Green Bean Casserole Recipe,American,main,,41.54,127.28,418.85,,all_diets
2806,Chilled Avocado Soup,American,main,,11.34,45.35,81.6,,all_diets
2807,Creamy Vegan Herb Salad Dressing,American,main,,14.5,6.77,34.26,,all_diets
2808,Super Healthy Vegan Hummus Wrap,American,main,,22.54,64.48,36.5,,all_diets
2809,Vegan Portobello And Peach Burger,American,main,,79.96,381.1,254.75,,all_diets
2810,Creamy Vegan Avocado Potato Salad,American,main,,26.81,185.65,60.99,,all_diets
2811,Vegan Cauliflower Steaks With Mushroom Gravy,American,main,,37.21,111.41,69.17,,all_diets
2812,"The Happy Herbivore'S Easy, Mock Tuna Salad Recipe",American,main,,102.57,315.32,37.81,,all_diets
2813,Vegan Cauliflower Fettuccine Alfredo With Kale,American,main,,75.91,290.12,71.3,,all_diets
2814,Smokin' Hot Vegan Vaquero Chili,American,main,,57.35,191.42,17.06,,all_diets
2815,Soy-Free Vegan Mayonnaise Recipes,American,main,,2.47,12.91,173.68,,all_diets
2816,"Homemade Vegan ""Kit Kat"" Bars",American,main,,54.69,511.03,283.58,,all_diets
2817,Spinach & Dill Pasta Salad,American,main,,17.4,70.76,24.13,,all_diets
2818,Vegan Cream Of Broccoli Soup Recipes,American,main,,41.97,142.86,18.91,,all_diets
2819,Indian Cauliflower With Black Mustard Seeds,Mediterranean,main,,14.68,48.25,45.34,,all_diets
2820,5 Minute Vegan Kale Pesto Recipes,American,main,,13.62,20.92,135.28,,all_diets
2821,Mexican Quinoa Bake,Middle Eastern,main,,146.79,496.75,81.22,,all_diets
2822,Pantry Thai Vegan Chickpea Pasta,South East Asian,main,,119.07,530.39,176.66,,all_diets
2823,Raw Mini Key Lime Pies,American,main,,8.55,164.25,92.62,,all_diets
2824,Vegan Italian Garbanzo Bean Soup,American,main,,29.6,113.87,21.94,,all_diets
2825,Recipe: Vegan Sweet Potato Chowder,American,main,,17.31,201.34,28.75,,all_diets
2826,Italian Wedding Soup,Italian,main,,125.25,163.89,50.35,,all_diets
2827,Vegan Carrot Ginger Coconut Soup,American,main,,29.08,129.28,68.93,,all_diets
2828,Raw Vegan Special Brownies Recipes,American,main,,33.59,250.48,358.36,,all_diets
2829,Vegan Burrito Bowls With Cauliflower Rice,Mexican,main,,25.61,50.07,58.11,,all_diets
2830,Soy-Free Vegan Mac And Cheese,American,main,,74.62,161.63,11.77,,all_diets
2831,Vegan Dan Dan Noodles Recipe,Asian,main,,45.41,189.76,105.4,,all_diets
2832,Eggless Tofu Salad,Asian,main,,54.39,29.82,38.61,,all_diets
2833,The Best Vegan Tacos Ever,American,main,,66.84,319.94,135.48,,all_diets
2834,Vegan Lemon-Dill Cashew Dip,American,main,,57.76,99.83,193.27,,all_diets
2835,Summer Baked Beans,American,main,,10.34,402.59,7.31,,all_diets
2836,Green Goddess Dressing (Vegan) Recipes,American,main,,6.86,26.61,84.01,,all_diets
2837,Carrot Mustard Soup,American,main,,69.1,147.26,30.53,,all_diets
2838,Vegan Creamy Curried Pumpkin Soup,American,main,,63.88,290.85,179.29,,all_diets
2839,Vegan Banana Coconut Ice Cream Recipe,American,main,,12.53,369.55,105.65,,all_diets
2840,Crabless Cakes With Hearts Of Palm And Corn,Mediterranean,main,,30.54,144.93,42.23,,all_diets
2841,"Chana Saag (Vegan, Gluten Free)",American,main,,60.24,155.38,44.87,,all_diets
2842,Tofu Burger,Asian,main,,122.37,445.66,80.26,,all_diets
2843,Mushroom Sun Burger,American,main,,45.55,85.84,81.32,,all_diets
2844,Mushroom Chia Risotto,Italian,main,,42.76,409.11,63.48,,all_diets
2845,Tangy Vegan Potato Salad Recipe,American,main,,57.93,304.53,130.47,,all_diets
2846,Spicy Pumpkin Soup,British,main,,23.85,148.88,17.78,,all_diets
2847,Creamy Vegan Fingerling Potato Salad Recipe,American,main,,20.82,185.35,55.76,,all_diets
2848,Pumpkin Spice Whoopie Pies (Vegan),American,main,,44.86,408.68,110.29,,all_diets
2849,Petite Quiches Three Ways,French,main,,115.56,354.44,204.12,,all_diets
2850,"Vegan ""Pancit Bihon"" With Spaghetti Squash",American,main,,14.17,90.83,32.26,,all_diets
2851,Vegan Garlic Scrape And Mushroom Rice,American,main,,29.91,145.23,15.92,,all_diets
2852,Baked Eggplant Fries Recipe,French,main,,61.99,238.33,30.15,,all_diets
2853,Toasted Hazelnut And Fig Cake (Vegan),American,main,,63.19,453.89,357.0,,all_diets
2854,Naughty & Nice Vegan Enchilada Casserole,American,main,,84.97,339.36,32.59,,all_diets
2855,Vegan Harvest Vegetable Tart Recipes,American,main,,92.46,214.57,116.61,,all_diets
2856,Peanut-Tamarind Dipping Sauce For Spring Rolls Or Satay Recipe,South East Asian,main,,24.35,36.34,66.36,,all_diets
2857,Vegan Pumpkin Pecan Pie Recipes,American,main,,87.99,496.82,335.19,,all_diets
2858,Gluten-Free Vegan Stuffed Potatoes,American,main,,98.63,691.07,33.85,,all_diets
2859,Miso-Marinated Portobello Carpaccio (Vegan) Recipe,Japanese,main,,11.93,38.64,69.78,,all_diets
2860,Vegan Avocado Lime Ice Cream Recipe,American,main,,12.58,259.48,88.12,,all_diets
2861,Oatmeal Banana Chocolate Chip Cake {Vegan},American,main,,46.97,639.42,212.42,,all_diets
2862,Vegan Peach Crumble Coffee Cake,American,main,,34.97,392.01,164.88,,all_diets
2863,Recipe: 6-Ingredient Vegan Enchilada Casserole,American,main,,51.99,239.48,95.83,,all_diets
2864,Best-Ever Vegan Mac & Cheese,American,main,,134.86,514.32,144.12,,all_diets
2865,Wholesome Holiday Cookies (Vegan + Gluten-Free),American,main,,36.43,157.33,208.54,,all_diets
2866,Vegan Mint Chip Ice Cream Recipe,American,main,,28.89,288.27,249.93,,all_diets
2867,"Tofu ""Egg"" Salad",Asian,main,,68.9,30.83,70.95,,all_diets
2868,"Strawberry Kiwi Daiquiri Cupcakes With Kiwi Curd, Strawberry Rum Frosting, And Strawberry Rum Shooter Garnish",American,main,,92.28,2314.02,665.2,,all_diets
2869,Loaded Organic Baked Potato With Broccoli And Cheese,Italian,main,,59.69,179.9,109.31,,all_diets
2870,Vegan Soft Serve Ice Cream Recipes,American,main,,7.04,90.76,3.39,,all_diets
2871,Zucchini Za’Atar Vegan Scones Recipes,American,main,,37.77,213.68,129.79,,all_diets
2872,Vietnamese Rice Noodle Soup (Vegan Pho),South East Asian,main,,31.1,207.84,18.92,,all_diets
2873,Deep Dish Chocolate Peanut Butter Ice Cream Cake Recipes,American,main,,112.35,575.76,249.51,,all_diets
2874,Japanese Pancakes (Okonomiyaki) Recipes,American,main,,27.62,110.94,35.07,,all_diets
2875,Spiced Coconut Lentil Soup Recipes,South American,main,,56.77,157.3,68.75,,all_diets
2876,Veggie Kebabs With Vegan Pesto Sauce,American,main,,107.45,103.38,222.45,,all_diets
2877,Aromatic Coconut Rice Recipes,Indian,main,,35.06,342.77,69.42,,all_diets
2878,Fruit & Nut Butternut Squash Quinoa,South American,main,,79.26,308.07,131.58,,all_diets
2879,Slow-Cooker Vegan Lentil Curry,American,main,,112.09,408.52,18.4,,all_diets
2880,Instant-Pot Vegan Cauliflower Queso,American,main,,27.68,59.25,18.02,,all_diets
2881,Vegan Carrot Spice Muffins Recipes,American,main,,52.3,443.44,47.22,,all_diets
2882,5 Minute Vegan Pumpkin Soup Recipes,American,main,,30.87,168.45,44.04,,all_diets
2883,Date Parcels Stuffed With Frangipane And Pomegranate,American,main,,45.98,511.58,285.24,,all_diets
2884,Vegan Coconut Banana Ice Cream Recipes,American,main,,12.71,127.44,84.77,,all_diets
2885,Vegan Lentil Bolognese With Cashew Parmesan,American,main,,113.48,482.33,37.83,,all_diets
2886,Grilled Broccoli And Bread Salad With Pickled Shallots,American,main,,42.75,263.75,130.8,,all_diets
2887,"Celeriac, Hazelnut & Truffle Soup",French,main,,52.69,168.76,110.68,,all_diets
2888,Rice Spaghetti With Green Vegan Basil Pesto,American,main,,19.28,141.13,67.74,,all_diets
2889,Easy Vegan Garlic Scape Pesto Recipes,American,main,,84.75,33.82,112.08,,all_diets
2890,Vegan Saffron-Almond Rice Pudding Recipe,British,main,,42.64,336.11,40.95,,all_diets
2891,The Best Vegan Mapo Tofu Recipe,Asian,main,,75.35,69.27,136.84,,all_diets
2892,15-Minute Creamy Tomato Soup (Vegan) Recipe,American,main,,27.5,129.28,116.19,,all_diets
2893,Eggless Salad,French,main,,42.76,30.02,25.53,,all_diets
2894,"Mushroom, Zucchini, And Black Bean Enchiladas",South American,main,,69.31,322.33,106.83,,all_diets
2895,The Trifecta Burger,American,main,,105.55,94.95,227.09,,all_diets
2896,"King Oyster Mushroom ""Blt"" With Basil Mayonnaise Recipes",American,main,,25.16,78.74,51.15,,all_diets
2897,Callaloo - Trinidadian (Vegan) Cream Of Spinach,American,main,,23.33,58.48,125.79,,all_diets
2898,Crispy Fish 'N' Rainbow Chips,American,main,,203.23,155.01,146.44,,all_diets
2899,Naan,Indian,main,,72.17,442.77,69.4,,all_diets
2900,"Chocolate-Covered Potato Chips With Coconut, Chile Powder, & Toasted Almonds",American,main,,65.69,379.93,327.43,,all_diets
2901,Vegan Coconut Zucchini Chocolate Chip Bread,American,main,,45.07,364.82,232.78,,all_diets
2902,Roasted Cauliflower And Almond Risotto,Italian,main,,71.43,255.83,115.68,,all_diets
2903,Vegan Kale And White Bean Korma,American,main,,110.61,344.48,46.11,,all_diets
2904,Vegan Stovetop-Style Macaroni And Cheese Recipe,American,main,,57.7,264.11,151.45,,all_diets
2905,Vegan Shiitake Miso Cleansing Soup Recipes,American,main,,39.68,202.63,9.48,,all_diets
2906,Salmon With Stone Fruit And Parmesan Salad,Nordic,main,,87.02,43.49,122.55,,all_diets
2907,Vegan Caesar Salad With Polenta Croutons,American,main,,75.65,219.09,54.16,,all_diets
2908,Mango Rice With Mustard,Indian,main,,18.61,178.66,51.56,,all_diets
2909,Satay Sweet Potato Curry,South East Asian,main,,30.05,156.04,107.5,,all_diets
2910,Bean & Halloumi Stew,French,main,,54.94,133.87,72.08,,all_diets
2911,Yellow Split-Pea Soup,French,main,,113.42,313.22,12.41,,all_diets
2912,Lamington Babka - Chocolate And Coconut Vegan Brioche,American,main,,67.84,520.26,136.02,,all_diets
2913,(Absolutely Not A Falafel) Vegan Lentil Falafel,American,main,,46.33,133.73,2.36,,all_diets
2914,Spinach Fettuccine With Tangy Grilled Summer Squash,American,main,,79.87,404.91,132.08,,all_diets
2915,Spicy Vegan Dragon Noodle Salad Recipe,American,main,,57.2,255.09,90.89,,all_diets
2916,Meal-Prep Vegan Moroccan Lettuce Wraps,American,main,,181.37,572.53,54.59,,all_diets
2917,Savory Vegan Chickpea Crêpes With Vegetable Ragout,American,main,,47.23,162.33,31.12,,all_diets
2918,Fudgy Brownies Recipes,French,main,,61.79,603.55,215.47,,all_diets
2919,Papadums With Whipped Dal,Indian,main,,55.86,135.98,58.81,,all_diets
2920,Oil-Free Vegan Pesto Pasta Salad,American,main,,31.33,303.87,42.21,,all_diets
2921,Vegan Pasta Alfredo With Two Stroganoff Variations,American,main,,70.53,254.29,34.09,,all_diets
2922,Repair And Recover Vegan Chia Pudding Recipes,British,main,,8.47,26.41,9.87,,all_diets
2923,Kimchi Udon Noodle Soup,Asian,main,,55.59,161.65,24.36,,all_diets
2924,Orange Chocolate Vegan Cheese Cake Recipes,American,main,,79.19,398.7,470.33,,all_diets
2925,Vegan Chocolate-Peanut Butter Pudding Cups,British,main,,65.49,340.58,271.16,,all_diets
2926,Creamy Vegan Linguine With Wild Mushrooms Recipes,American,main,,102.78,374.81,91.03,,all_diets
2927,Shiny Happy Poppers,French,main,,32.06,200.02,115.51,,all_diets
2928,Spinach Dip,American,main,,30.78,43.04,132.01,,all_diets
2929,Vegan Salty Peanut Butter Ice Cream Recipe,American,main,,79.44,310.67,351.96,,all_diets
2930,Vegan Sweet Potato And Pumpkin Pudding Cups,British,main,,17.94,154.04,73.94,,all_diets
2931,Sticky Toffee Pear Pudding,British,main,,38.94,975.75,206.75,,all_diets
2932,Foolproof Vegan Vanilla Coconut Ice Cream Recipe,American,main,,22.14,253.66,219.45,,all_diets
2933,Kale + Edamame Dumplings W/ Simple Dipping Sauce Recipes,Chinese,main,,74.92,368.27,22.84,,all_diets
2934,Vegan Quinoa-Stuffed Grilled Zucchini Recipes,American,main,,36.15,107.22,72.8,,all_diets
2935,"Vegan, Gluten Free Butternut Squash Gratin",American,main,,104.45,273.06,62.21,,all_diets
2936,Vegan Toasted Coconut And Pistachio Ice Cream,American,main,,15.14,143.93,108.29,,all_diets
2937,Vegan Dark Chocolate-Avocado Cake Recipes,American,main,,70.04,956.9,298.71,,all_diets
2938,Chana Masala Pockets With Tofu And Arugula,Asian,main,,212.76,609.53,108.18,,all_diets
2939,Vegan Chocolate Cake With Creamy Chocolate Filling,American,main,,82.81,942.6,262.43,,all_diets
2940,Vegan Quinoa-Cranberry Stuffed Acorn Squash,American,main,,45.69,339.78,67.84,,all_diets
2941,Karina'S Gluten-Free Pumpkin Pie With Praline And Coconut-Pecan Crust,American,main,,43.53,604.47,340.12,,all_diets
2942,Vegan Vanilla Bean Coconut Milk Ice Cream,American,main,,17.2,154.45,180.78,,all_diets
2943,Strawberries With Pomegranate Molasses And Vegan Whip Cream,American,main,,16.29,206.68,134.38,,all_diets
2944,Vegan Wild-Rice-Stuffed Butternut Squash,American,main,,37.1,306.15,77.66,,all_diets
2945,Vegan Seitan And Mushroom Ragù Bolognese Recipe,American,main,,132.82,110.63,99.64,,all_diets
2946,Mini Vegan Key Lime Icebox Pies,American,main,,34.73,315.21,801.39,,all_diets
2947,Foolproof Vegan Chocolate Coconut Ice Cream Recipe,American,main,,28.47,271.83,223.87,,all_diets
2948,Vegan Shepherd’S Pie With Gravy Recipes,American,main,,42.83,360.03,54.61,,all_diets
2949,Recipe: Vegan Creamy Curried Cauliflower Soup,American,main,,32.73,97.53,95.5,,all_diets
2950,Creamy Vegan Saag Paneer (With Tofu) Recipe,Asian,main,,50.62,81.39,62.87,,all_diets
2951,Spiced Butternut Squash Lentil Soup (Vegan),American,main,,64.65,236.09,33.82,,all_diets
2952,"Gluten-Free, Vegan Cranberry-Almond Tartlets",American,main,,71.0,418.03,177.94,,all_diets
2953,Flying Tofu Wedges,Asian,main,,56.97,25.88,37.72,,all_diets
2954,"Vegan Quinoa, Broccoli, And Kale Curry Recipe",American,main,,42.54,161.71,55.0,,all_diets
2955,"Vegan Coconut, Lime, And Rum Ice Cream Recipe",American,main,,22.2,253.22,219.46,,all_diets
2956,Easy Vegan Pressure-Cooker Miso Risotto Recipe,Japanese,main,,37.37,347.3,87.9,,all_diets
2957,Mak Kimchi,South East Asian,main,,16.34,36.04,1.92,,all_diets
2958,Amaretto-Spiked Chocolate Mousse Recipes,Italian,main,,51.89,188.64,99.61,,all_diets
2959,"Easy Flaked Almond ""Tuna"" Salad Recipes",American,main,,36.59,50.97,86.5,,all_diets
2960,Southern Skillet Black-Eyed Peas With Quick Buttery Biscuits,Mediterranean,main,,83.85,497.26,304.42,,all_diets
2961,"Butternut, Chestnut & Lentil Cake",South East Asian,main,,123.25,624.69,113.28,,all_diets
2962,Pink Pasta - With A Creamy Vegan Vegetable Sauce,American,main,,63.96,356.1,16.77,,all_diets
2963,Garlic Potato Kale Cakes,Central Europe,main,,39.38,301.21,42.49,,all_diets
2964,Ultimate Vegan Lentil Walnut Loaf Recipes,American,main,,76.55,333.74,32.63,,all_diets
2965,"Homemade Baileys Irish Cream, Made Vegan. Recipes",World,main,,8.86,93.2,117.82,,all_diets
2966,"Vegan Potato, Pepper And Olive Phyllo Cups",Mediterranean,main,,65.91,373.92,94.34,,all_diets
2967,Barbecued Tofu Burger,Asian,main,,66.13,259.53,41.51,,all_diets
2968,5 Ingredient No Bake Vegan Date Squares Recipes,American,main,,100.09,831.04,179.01,,all_diets
2969,Colin Quinn'S Irish Lamb Stew Recipes,British,main,,282.7,351.37,349.13,,all_diets
2970,Sweet Potato-Black Bean Burgers,American,main,,78.61,299.8,66.66,,all_diets
2971,Gluten- And Dairy-Free Pie Crust,American,main,,19.84,146.62,117.59,,all_diets
2972,Homemade Vegan Burgers That Don'T Suck Recipe,American,main,,116.52,408.38,173.73,,all_diets
2973,Baked Mini Gluten Free Vegan Vanilla Donuts,American,main,,6.74,206.28,51.41,,all_diets
2974,Dark Chocolate Cherry Walnut Truffles Recipes,French,main,,29.78,210.49,152.54,,all_diets
2975,Vegan Beet Burgers With Sweet Chili Slaw,American,main,,55.2,303.88,59.95,,all_diets
2976,Appetizer Recipe: Miso Sweet Potato Bites,Japanese,main,,29.62,206.76,42.3,,all_diets
2977,Vegan Snack Recipe: Toast With Hummus & Veggies,American,main,,8.85,33.92,4.8,,all_diets
2978,Vegan Dal | Hidden Veg Red Lentil Dal,American,main,,80.1,235.31,7.74,,all_diets
2979,Vegan Olive Oil Cake W/Candied Rosemary,American,main,,39.73,686.82,352.54,,all_diets
2980,Red Lentil Soup With Lime,French,main,,53.51,161.56,19.46,,all_diets
2981,Our Favorite Chocolate Cake,American,main,,25.32,408.54,105.86,,all_diets
2982,Who Cares Vegan Mac And Cheese Recipes,American,main,,303.66,681.96,245.27,,all_diets
2983,"Sexy Caramel Slice (Raw, Vegan, Xo) Recipes",American,main,,99.61,812.75,256.02,,all_diets
2984,The Saint Jamez Benedict,American,main,,67.18,126.42,168.33,,all_diets
2985,Mexican Mushroom And Spinach Sandwich (Vegan Torta) Recipe,American,main,,47.97,185.14,66.94,,all_diets
2986,"Vegan Mushroom ""Jerky"" (Slow-Roasted Mushroom Strips)",American,main,,6.67,32.45,14.0,,all_diets
2987,Roasted Vegan Cauliflower Soup With Parsley-Chive Swirl,American,main,,125.49,260.01,367.16,,all_diets
2988,Vegan “Cream” Of Broccoli Soup With Leeks And Scallions,American,main,,27.64,114.23,30.7,,all_diets
2989,Spaghetti And Soyballs,Italian,main,,129.78,282.3,84.87,,all_diets
2990,Vegan Pumpkin Pie With Rustic Spelt Crust,American,main,,50.19,470.24,154.08,,all_diets
2991,Raw Chili Recipes,American,main,,70.26,284.92,93.63,,all_diets
2992,Vegan Southern-Style Collard Greens With Mushrooms Recipe,American,main,,55.98,115.89,160.31,,all_diets
2993,Organic Lentil And Rice Stuffed Peppers,Mediterranean,main,,115.69,347.98,40.9,,all_diets
2994,Blender Sweet Potato Pie,South American,main,,20.34,253.96,98.65,,all_diets
2995,Vegan Hot And Sour Soup With Tofu Recipes,American,main,,81.76,53.77,82.74,,all_diets
2996,Jackfruit Sloppy Joes,American,main,,24.71,272.95,26.66,,all_diets
2997,"Vegan Farro Risotto With Fennel, Peas And Greens",Italian,main,,41.38,190.32,76.47,,all_diets
2998,Crisp Tofu And Thai Cucumber Raita,South East Asian,main,,26.96,34.41,40.89,,all_diets
2999,Crisspi Asian Tofu Sandwich,Asian,main,,150.3,464.12,119.07,,all_diets
3000,Vegan Coconut-Lime Panna Cotta With Mango Jam,American,main,,17.71,157.36,54.27,,all_diets
3001,Asian Asparagus Salad With Peanuts And Mint Dressing [Vegan],American,main,,35.41,104.48,84.24,,all_diets
3002,Vegan Kale And Black Sesame Sushi Bowl,Japanese,main,,33.12,258.51,45.52,,all_diets
3003,Roasted Sweet Potato Salad With Candied Walnuts Recipes,South American,main,,18.51,117.15,64.52,,all_diets
3004,Vegan Curry Butternut Squash Soup With Kale Recipe,American,main,,37.46,163.3,59.63,,all_diets
3005,Vegan Cream Of Mushroom And Wild Rice Soup,American,main,,47.23,183.97,66.42,,all_diets
3006,Vegetarian Pasta Puttanesca,Italian,main,,54.02,303.41,75.85,,all_diets
3007,Baked Yam Fries With Sriracha Hummus (Vegan + Gf),American,main,,33.02,169.41,42.68,,all_diets
3008,Corn Soup With Tofu Larb,Asian,main,,88.69,267.57,77.5,,all_diets
3009,"Tomato, Pepper & Bean One Pot",Mexican,main,,161.21,531.46,26.21,,all_diets
3010,The Best Vegan Corn Tacos With Bell Pepper And Cilantro,American,main,,19.99,144.88,41.58,,all_diets
3011,Basil Scalloped Tomatoes And Croutons Recipes,American,main,,40.71,83.13,49.37,,all_diets
3012,"Carrot, Pea, And Mint Salad Recipe",Mediterranean,main,,17.22,75.91,82.92,,all_diets
3013,Beet And Citrus Salad With Pine Nut Vinaigrette Recipe,American,main,,24.74,156.71,107.6,,all_diets
3014,Stir Fried Singapore Noodles With Garlic Ginger Sauce Recipes,Asian,main,,35.17,166.07,18.47,,all_diets
3015,Easy Vegan Soba Noodles With Peanut Sauce Recipe,Asian,main,,100.27,392.87,70.17,,all_diets
3016,"Eat Your Veggies, Risotto!",Italian,main,,57.83,172.85,39.19,,all_diets
3017,Tomato-Garlic Focaccia - My Vegan Italian Flatbread,American,main,,29.81,323.46,24.1,,all_diets
3018,Gluten-Free Low-Fat Vegan Oatmeal Muffins Recipe,American,main,,36.6,395.9,52.33,,all_diets
3019,Light Yakisoba Noodles,Asian,main,,26.81,120.31,35.64,,all_diets
3020,Barbecue Slawpy Jacks,American,main,,28.7,376.7,56.48,,all_diets
3021,Gigante Beans A La Zaytinya,American,main,,29.56,98.08,46.07,,all_diets
3022,Vegan Chickpea Chile Soup With Greens And Grains,American,main,,56.37,226.91,31.65,,all_diets
3023,Vegan Garden Pesto With Miso And Mixed Herbs Recipe,American,main,,10.74,18.94,124.83,,all_diets
3024,Fig Salad Inspired By Yotam Ottolenghi,American,main,,22.07,156.75,49.11,,all_diets
3025,Seared Maitake Mushrooms Recipes,French,main,,13.6,57.03,197.0,,all_diets
3026,Cheater’S Maple Baked Beans On Toast Recipes,American,main,,34.0,133.4,9.01,,all_diets
3027,Chickpea Salad Recipes,American,main,,35.34,109.62,26.9,,all_diets
3028,The Vegan Divas Cookbook: Smoky Tomato-Bean Soup,American,main,,70.3,187.93,32.62,,all_diets
3029,Mexican Fried Eggplant Sandwich (Vegan Tortas And Pambazos) Recipe,American,main,,61.37,316.97,274.04,,all_diets
3030,Summer Tomato Lazy Bruschetta,Italian,main,,37.03,180.61,44.77,,all_diets
3031,"""Refried"" Black Beans And Walnut Meat Tacos (Vegan)",American,main,,133.18,332.91,127.84,,all_diets
3032,Vegan Roasted Vegetable Quinoa Bowl With Creamy Green Sauce,American,main,,56.14,170.34,81.83,,all_diets
3033,Herb And Cheese Drop Biscuits Recipes,British,main,,36.3,205.92,94.25,,all_diets
3034,"Vegan Eggnog (Dairy Free, Egg Free, Gluten Free)",American,main,,91.05,155.31,215.85,,all_diets
3035,Butternut Squash Salad With Farro And Pepitas Recipes,Italian,main,,67.75,229.64,124.65,,all_diets
3036,"Vegan Raw Corn, Avocado And Black Bean Salad",American,main,,44.72,195.48,34.04,,all_diets
3037,Vegan Chocolate Layer Cake With Creamy Chocolate Filling,American,main,,82.81,942.6,262.43,,all_diets
3038,Seared Maitake Mushrooms,French,main,,13.34,55.4,196.91,,all_diets
3039,Chive Vegan Cheese Spread And Veggie Crackers Recipes,American,main,,138.65,214.34,302.54,,all_diets
3040,Zucchini Gratin,French,main,,48.89,133.58,108.22,,all_diets
3041,Salmon Burgers With Tartar Sauce,Nordic,main,,172.89,109.41,191.28,,all_diets
3042,Vegan Huevos Rancheros Are 10/10 Would Make Again,American,main,,93.69,284.36,66.49,,all_diets
3043,Whole Wheat Eggless Garlic Bread Rolls,American,main,,95.06,500.82,65.36,,all_diets
3044,French Apple Tart (Tarte Fine Aux Pommes) [Vegan],American,main,,5.76,154.65,42.27,,all_diets
3045,Toasted Coconut Chocolate Cream Pie,American,main,,96.57,276.56,234.17,,all_diets
3046,Vegan Pesto Spaghetti Squash With Mushrooms & Sun-Dried Tomatoes,American,main,,30.43,110.1,81.2,,all_diets
3047,Pasta E Fagioli,Italian,main,,100.0,327.59,46.54,,all_diets
3048,The Whole Wheat,American,main,,80.52,395.26,102.03,,all_diets
3049,"Eggplant, Mushroom & Pesto Pizza Recipes",Italian,main,,66.43,309.21,113.02,,all_diets
3050,Rotini Tomato Pasta With 3 Minute Vegan Parmesan Cheese Recipes,American,main,,28.77,26.8,36.72,,all_diets
3051,Portobello Sliders With Pepita Pesto,American,main,,67.2,211.29,116.76,,all_diets
3052,Savory Vegan Chickpea Crêpes With Spring Vegetable Ragout,American,main,,47.23,162.33,31.12,,all_diets
3053,Slow-Cooker Vegan Butternut Squash Soup With Apple,American,main,,49.4,225.93,112.78,,all_diets
3054,Vegan: Japanese Simmered Daikon With Bok Choy And Edamame Recipe,World,main,,22.13,75.04,6.6,,all_diets
3055,"Green Bean Casserole (The Vegan, Gluten Free Sequel)",American,main,,37.46,211.74,147.84,,all_diets
3056,Vegan Crispy Stir-Fried Tofu With Broccoli Recipe,Asian,main,,67.23,204.3,282.72,,all_diets
3057,Vegan Stuffed Squash With Brown Rice And Mushrooms Recipes,American,main,,70.59,564.75,78.83,,all_diets
3058,Quinoa Chilli With Avocado & Coriander,South American,main,,63.63,199.77,62.16,,all_diets
3059,Aloo Gobi,Indian,main,,26.33,176.83,12.93,,all_diets
3060,Apple-Cranberry Cobbler,American,main,,88.21,772.5,75.84,,all_diets
3061,"From The Pantry: Vegan Pear, Cranberry And Pecan Muffins",American,main,,31.57,444.44,162.63,,all_diets
3062,Springtime Strawberry Lime Mango Crisp (Vegan + Gf) Recipes,American,main,,48.9,300.82,142.18,,all_diets
3063,Gluten-Free Tuesday: Vegan Apple Doughnuts Recipe,American,main,,29.04,712.15,210.64,,all_diets
3064,The Most Delicious Vegan Pad Kee Mao Recipe,American,main,,86.42,497.8,386.06,,all_diets
3065,Vegan Seared Pepper Tacos With Pintos And Avocado Crema,American,main,,25.68,158.11,103.65,,all_diets
3066,Charred Aubergines With White Beans & Salsa Verde,Mexican,main,,100.96,337.54,186.26,,all_diets
3067,Yogurt Pancakes With Clementine Raspberry Compote,American,main,,26.62,228.04,54.43,,all_diets
3068,Curried Carrot Ginger Soup,Indian,main,,27.43,175.59,121.69,,all_diets
3069,Tomato Bisque With Cashew Cream,Mediterranean,main,,63.64,156.49,170.3,,all_diets
3070,"Apple, Pear, And Sage Pie With Maple Walnut Crunch And Salted Honey Yogurt",American,main,,77.2,673.23,194.71,,all_diets
3071,Crunchy Summer Salad With Creamy Vegan Avocado Dressing,American,main,,65.41,268.37,97.67,,all_diets
3072,Raw Vegan Tiramisu With Vanilla Cream & Coffee Ladyfingers Recipes,American,main,,102.51,578.68,263.97,,all_diets
3073,"Oatmeal, Fig, And Walnut Bars",American,main,,73.43,1059.84,223.88,,all_diets
3074,Chickpea Miso Gravy Bowl With Sweet And Tangy Portobello Mushrooms Recipes,Japanese,main,,32.73,191.92,39.61,,all_diets
3075,Vegan Spinach And Hominy Enchiladas With Spicy Cashew Cream Recipe,American,main,,95.94,460.5,120.71,,all_diets
3076,Crabless Cakes With Hearts Of Palm & Corn Recipes,American,main,,34.41,152.22,43.18,,all_diets
3077,"Braised Red Cabbage (Rotkraut) - (Vegan, Gluten Free, Low Fat)",American,main,,19.6,91.74,39.84,,all_diets
3078,High Protein Quinoa Almond Berry Salad (Vegan & Gf) Recipes,American,main,,39.67,220.91,45.97,,all_diets
3079,Nut Meat Tacos With Pickled Red Onions,American,main,,43.71,165.56,91.56,,all_diets
3080,"Zucchini Noodles With Roasted Tomato Sauce (Gluten-Free, Vegan)",American,main,,22.79,88.69,39.57,,all_diets
3081,End Of Summer Peach Apple Cobbler (Gluten-Free & Vegan),American,main,,25.99,293.33,56.32,,all_diets
3082,"Cranberry, Apricot And Pecan Wild Rice Pilaf (Gf + Vegan)",American,main,,36.91,263.46,75.99,,all_diets
3083,Fried Eggplant Sandwich With Eggplant Mayo Recipe,Mediterranean,main,,60.32,323.46,333.19,,all_diets
3084,Fernanda Capobianco’S Pissaladière With Vegetables And Olives,French,main,,43.32,292.33,229.46,,all_diets
3085,Vegan Lentil Shepherd’S Pie With Parsnip And And Potato Mash,American,main,,123.18,591.98,66.46,,all_diets
3086,Ruby And Emerald Jeweled Rice,American,main,,71.39,635.59,83.8,,all_diets
3087,Creamy Penne Pasta Bake With Zucchini,Italian,main,,72.39,391.05,92.19,,all_diets
3088,Quinoa Greek Salad Recipes,Mediterranean,main,,40.99,145.69,88.66,,all_diets
3089,Pumpkin Polenta Recipe With Tomatillo-Avocado Salsa,South American,main,,25.55,215.41,94.48,,all_diets
3090,Gluten-Free Black Bean Burgers,South East Asian,main,,167.98,551.67,21.39,,all_diets
3091,Creamy Polenta With Tempeh Sausage And Tomatoes,American,main,,149.12,256.35,113.0,,all_diets
3092,Pineapple And Shrimp Fried Quinoa Recipes,South East Asian,main,,88.52,225.53,98.9,,all_diets
3093,Strawberry + Chocolate Cheesecake Recipes,American,main,,90.62,426.23,303.42,,all_diets
3094,French Toast With Caramelized Bananas (Vegan And Gluten-Free) Recipes,American,main,,30.81,252.81,116.54,,all_diets
3095,Black Bean And Butternut Squash Burritos,Mexican,main,,80.91,322.43,60.9,,all_diets
3096,Jicama And Pomelo Salad With Spicy Thai Dressing (Vegan) Recipe,South East Asian,main,,20.97,83.67,19.59,,all_diets
3097,Recipe: Best-Ever Veggie Burger,American,main,,78.27,305.53,27.28,,all_diets
3098,Red Lentil Spaghetti With Vegan Cauliflower Rosa Sauce And Arugula,American,main,,68.96,372.57,26.63,,all_diets
3099,Dried Olive And Miso Shake (The Best Vegan Parmesan Substitute) Recipe,American,main,,12.55,40.94,74.64,,all_diets
3100,Vietnamese-Style Tofu Hero With Asian Slaw,South East Asian,main,,49.71,65.14,96.03,,all_diets
3101,"A Recipe For Long Grain Brown Rice Pilaf (Vegan, Gluten Free)",Mediterranean,main,,43.94,188.1,47.11,,all_diets
3102,Hazelnut Fig Crackers With Sage And Black Pepper,American,main,,167.2,358.87,455.11,,all_diets
3103,Crunchy Quinoa & Veggie Roaster,American,main,,47.61,172.48,94.06,,all_diets
3104,Chocolate Cake With Chocolate-Orange Frosting,American,main,,37.4,726.63,235.54,,all_diets
3105,Vegan Olive Oil Cake (Adapted From Maialino'S Olive Oil Cake),American,main,,59.98,595.67,315.33,,all_diets
3106,Cashew Cheesecake,American,main,,87.42,376.41,316.17,,all_diets
3107,Creamy Coconut & Roasted Beet Soup With Pistachios & Greek Yogurt,Mediterranean,main,,53.36,194.74,139.46,,all_diets
3108,"Pasta With Snap Peas, Garlic, Lemon Zest, And Black Pepper (Vegan) Recipe",American,main,,43.66,212.0,58.57,,all_diets
3109,Curried Chickpea Sandwich,Indian,main,,81.73,310.6,118.26,,all_diets
3110,"Gluten-Free, Vegan, And Oil-Free Walnut Chip Brownies Recipes",American,main,,48.32,425.34,81.89,,all_diets
3111,Gluten Free Green Bean Casserole,South East Asian,main,,101.87,445.89,688.94,,all_diets
3112,Cashew Cream Fettuccine Alfredo With Sauteed Spinach And Cheese Crisps (Gluten-Free),Italian,main,,134.51,486.89,259.0,,all_diets
3113,"Vegan Peanut, Sweet Potato, And Kale Soup With Coconut Recipe",American,main,,102.57,257.64,466.14,,all_diets
3114,Maple-Glazed Sweet Potatoes (Japanese Daigaku Imo Style) W/Vegan Option,American,main,,9.74,183.18,83.83,,all_diets
3115,Sweet Potato And Mushroom Cannelloni With Braised Escarole And Butter Beans (Vegan) Recipe,American,main,,98.62,443.0,40.15,,all_diets
3116,Creamy Zucchini Soup With Scallions And Brazil Nut Chili Oil (Vegan),American,main,,18.0,47.86,115.43,,all_diets
3117,20 Minute Apple Turnovers,French,main,,10.46,194.67,32.94,,all_diets
3118,"Fat Tommy’S Three-Bean, Gluten-Free, Vegan Chili Recipe",American,main,,171.0,580.93,51.33,,all_diets
3119,"Cumin Scented Kale With Onions, Tomatoes And Mushrooms (Vegan And Gluten Free)",American,main,,23.34,55.86,6.25,,all_diets
3120,Grilled Marinated Heart Of Palm Tacos With Spicy Cabbage Slaw (Vegan) Recipe,American,main,,37.49,199.1,58.73,,all_diets
3121,"Spicy, Smoky Bean Cakes With Lime Slaw And Charred Avocado Recipe",South American,main,,66.35,249.4,71.01,,all_diets
3122,Curried Lentils With Quick-Pickled Veggies,Indian,main,,225.55,590.44,50.12,,all_diets
3123,Whole-Grain Vegan Carrot Cake Loaf With Lemon Glaze Recipes,American,main,,49.39,381.92,102.7,,all_diets
3124,Chocolate Cake With Chocolate-Orange Frosting Recipes,American,main,,37.4,726.63,235.54,,all_diets
3125,Hearty Vegan Polenta And Kale Soup With Miso And Toasted Sesame Oil Recipe,Japanese,main,,23.03,167.07,101.79,,all_diets
3126,Mushroom And Eggplant Veggie Burgers,Nordic,main,,118.09,385.66,106.3,,all_diets
3127,Blissful Blueberry Banana Spelt Muffins (Vegan + Refined Sugar-Free) Recipes,American,main,,63.99,445.42,104.56,,all_diets
3128,Pesto Knots,American,main,,67.14,203.94,87.54,,all_diets
3129,J. Kenji López-Alt'S 15-Minute Creamy (Vegan) Tomato Soup,American,main,,27.5,129.28,116.19,,all_diets
3130,Southwestern Crispy Fish Taco Salad,American,main,,115.47,258.63,243.6,,all_diets
3131,Sinless Sticky Toffee Pecan Pudding Recipes,British,main,,26.85,625.68,137.41,,all_diets
3132,Kentucky Fried Seitan,Mediterranean,main,,317.43,703.99,534.41,,all_diets
3133,Quinoa Maki With Avocado And Cajun Portobello Fillets,American,main,,30.0,115.55,99.36,,all_diets
3134,Indian Stuffed Eggplant,Mediterranean,main,,66.39,327.51,151.81,,all_diets
3135,"Spicy Peanut Noodle Salad With Cucumbers, Red Peppers, And Basil (Vegan) Recipe",American,main,,97.38,284.55,128.74,,all_diets
3136,Vegan Pumpkin Pie Squares With Gluten-Free Graham Cracker Crust Recipes,American,main,,12.97,240.28,95.85,,all_diets
3137,Lemon Glazed Spice Cake With Whipped Cream,American,main,,29.85,482.83,78.11,,all_diets
3138,Cozy Yellow Curry Vegetable Soup,Indian,main,,46.9,136.01,90.04,,all_diets
3139,"Japanese Udon With Mushroom-Soy Broth, Stir-Fried Mushrooms, And Cabbage (Vegan) Recipe",American,main,,6.82,20.1,3.16,,all_diets
3140,"Tempeh, Pepper, And Spinach-Pesto Sandwich",Mediterranean,main,,88.15,164.82,78.16,,all_diets
3141,Sweet Potato & Black Bean Chilli With Zesty Quinoa,South American,main,,70.17,302.2,66.07,,all_diets
3142,"Ultimate Raw Vegan Pizza (Low-Fat, Oil-Free, Salt-Free) Recipes",Italian,main,,26.97,147.83,5.81,,all_diets
3143,"Oven Roasted Portobello Mushrooms Marinated In Balsamic (Vegan, Gluten Free) Vinegar, Shallots And Thyme",American,main,,10.23,86.04,1.3,,all_diets
3144,Yellow Split Pea Soup Recipes,French,main,,122.34,325.46,68.41,,all_diets
3145,Banana-Coconut Cake Recipe,Caribbean,main,,55.36,1063.72,621.42,,all_diets
3146,Party Vegan'S Porcini-Stuffed Seitan With Wild Mushroom Sauce Recipe,American,main,,273.14,433.03,89.55,,all_diets
3147,Steamed Buns With Tempura King Oyster Mushrooms And Agave-Miso Mayonnaise (Vegan) Recipe,Japanese,main,,75.31,498.92,898.55,,all_diets
3148,Mexican Chocolate Cake,Mexican,main,,37.67,460.63,87.47,,all_diets
3149,"All The Veggies In Your Fridge, Stir-Fry (Low Oil, Vegan, Gf)",American,main,,10.96,123.44,15.73,,all_diets
3150,Chipotle Jackfruit Tacos With Simple Guac And Lemon Orange Crema,Mexican,main,,35.85,463.12,106.43,,all_diets
3151,Crispy Bánh Mì Spring Rolls With Creamy Chili Mayo Recipe,American,main,,12.93,389.9,1831.34,,all_diets
3152,"Mediterranean White Beans With Sun Dried Tomatoes, Mushrooms, Garlic And Thyme (Vegan, Gluten Free)",American,main,,96.57,251.63,30.86,,all_diets
3153,The Ultimate Rich And Creamy Vegan Ramen With Roasted Vegetables And Miso Broth Recipe,Japanese,main,,3.4,15.57,9.12,,all_diets
3154,Jeweled Rice (Iranian / Persian Morausa Polo),Middle Eastern,main,,66.05,572.85,202.78,,all_diets
3155,Ginger-Apple Crumble Pie (Gluten And Dairy-Free),American,main,,43.69,447.5,213.05,,all_diets
3156,"Look Ma No Dairy! - Creamy Parnsnip Soup With Granny Smith Apples (Vegan, Gluten Free)",American,main,,125.36,322.67,170.22,,all_diets
3157,Sassy Springtime Rolls,South East Asian,main,,53.3,189.63,35.99,,all_diets
3158,"Spicy Sauteed Kale With Pan Roasted Garlic, Currants And Sun Flower Seeds (Vegan, Gluten Free)",American,main,,22.66,74.51,50.5,,all_diets
3159,"Don'T Die On Me Man - A Comforting And Healing Spicy Soup (Vegan, Gluten Free)",American,main,,55.94,109.29,19.87,,all_diets
3160,Maple Cinnamon Mashed Sweet Potatoes Recipes,American,main,,41.97,402.47,162.37,,all_diets
3161,"Sichuan Shirataki Sesame Noodle Salad With Cucumber, Sichuan Peppercorn, Chili Oil, And Peanuts (Vegan) Recipe",American,main,,54.67,207.71,111.88,,all_diets
3162,Basil Thai Noodles With Bison And Zucchini + Spicy Quick Pickled Cucumber,South East Asian,main,,130.67,270.48,126.89,,all_diets
3163,Beetroot Tart Tatin,French,main,,26.4,161.98,184.31,,all_diets
3164,Beetroot & Squash Wellingtons With Kale Pesto,British,main,,125.44,610.67,332.9,,all_diets
3165,Warm Couscous Salad W/ Olives + Pine Nuts,French,main,,46.78,201.6,85.61,,all_diets
3166,15 Minute No Bake Energy Bites,American,main,,25.38,166.43,34.64,,all_diets
3167,"Carrot ""Lox""",British,main,,2.53,16.67,0.7,,all_diets
3168,Coconut Mashed Sweet Potatoes,American,main,,23.13,253.62,48.98,,all_diets
3169,Buckwheat Tortillas,Mexican,main,,45.44,255.23,44.91,,all_diets
3170,Coconut Chutney,Indian,main,,11.96,48.23,47.49,,all_diets
3171,Rich Chocolate Ganache Topping Recipe,French,main,,5.78,103.65,34.42,,all_diets
3172,Stuffed Mediterranean Baked Potato,Mediterranean,main,,38.87,199.05,9.32,,all_diets
3173,Sweet Potato Crisps,South American,main,,0.38,4.9,6.76,,all_diets
3174,Tangerine Thyme Cooler,American,main,,13.56,282.89,5.09,,all_diets
3175,Cashew Cream Recipe,American,main,,51.27,112.82,123.1,,all_diets
3176,Raspberry Sorbet,French,main,,6.64,265.07,3.42,,all_diets
3177,Warm Shredded Carrot Salad With Carrot Greens,American,main,,4.78,37.16,14.42,,all_diets
3178,"Creamy, Zesty ""Cheese"" Dip",American,main,,70.88,81.86,64.78,,all_diets
3179,Coconut Whipped Cream,American,main,,14.41,34.64,137.64,,all_diets
3180,Fudgy Oat Milk Frappuccino Dream,American,main,,35.75,172.96,95.0,,all_diets
3181,Spinach & Chickpea Dhal,American,main,,39.86,108.47,68.16,,all_diets
3182,Apple Pie Overnight Oats Recipe,American,main,,74.41,185.78,142.31,,all_diets
3183,Georgian Spinach Walnut Dip- Ispanakhis Pkhali,American,main,,10.33,24.49,46.08,,all_diets
3184,Spicy Roast Chickpeas,American,main,,29.12,93.28,16.66,,all_diets
3185,Tuscan Tomato Soup,Italian,main,,53.19,174.27,38.44,,all_diets
3186,Sesame Stir-Fry Wrap,Chinese,main,,14.55,52.11,22.85,,all_diets
3187,Black Bean-Sweet Potato Burritos,Mexican,main,,173.91,779.52,60.98,,all_diets
3188,Tofu Scramble Fried Rice,Asian,main,,33.95,117.22,28.08,,all_diets
3189,Mint Chocolate Chip Nice Cream,American,main,,10.98,112.7,61.85,,all_diets
3190,Minted Green Bean Salad,American,main,,11.75,46.65,41.95,,all_diets
3191,Wilted Spinach Salad With Coconut Bacon,American,main,,1.02,3.37,6.74,,all_diets
3192,Cucumber-Jalapeño Popsicles,American,main,,6.27,72.05,1.17,,all_diets
3193,Spaghetti Carbonara,Italian,main,,89.88,234.58,104.78,,all_diets
3194,"Bean, Tomato & Watercress Salad",South American,main,,98.39,331.35,36.72,,all_diets
3195,Baked Almond Feta,Mediterranean,main,,47.14,46.8,154.91,,all_diets
3196,Raspberry Ripple Chia Pudding,British,main,,20.18,81.74,23.28,,all_diets
3197,Indian Spiced Lentil Soup,Indian,main,,146.81,474.58,40.73,,all_diets
3198,Classic Cashew Cheese,Mediterranean,main,,58.6,67.87,63.93,,all_diets
3199,Roasted Squash And Raw Carrot Soup Recipe,American,main,,36.24,277.34,126.3,,all_diets
3200,Keep It Green Sandwich,South East Asian,main,,14.92,53.41,32.27,,all_diets
3201,Smoky Charred Cauliflower And Potato Soup With Kale Recipe,American,main,,38.9,228.69,31.37,,all_diets
3202,Onigiri,South American,main,,28.7,312.65,29.67,,all_diets
3203,Chilli-Charred Brussels Sprouts,Mediterranean,main,,22.01,64.6,57.28,,all_diets
3204,"Colcannon Inspired, Spicy Asian Sweet Potato Salad",South American,main,,49.57,318.05,40.73,,all_diets
3205,Miso Aubergines,Japanese,main,,27.61,143.46,19.33,,all_diets
3206,Golden Beet Hummus,Eastern Europe,main,,40.89,119.51,112.69,,all_diets
3207,Eggplant Arrabbiata,French,main,,65.83,370.1,76.85,,all_diets
3208,Coconut Nice,American,main,,48.71,819.39,262.56,,all_diets
3209,Cashew “Hollandaise”,French,main,,6.59,13.61,42.48,,all_diets
3210,Orange Tarragon Fruit Leather,American,main,,10.5,71.22,25.36,,all_diets
3211,Roasted Pear With Walnut & Ginger Filling,American,main,,17.33,176.0,60.98,,all_diets
3212,Dairy Free Chocolate Coconut Ice Cream,American,main,,10.2,73.41,86.47,,all_diets
3213,Hearty Winter Vegetable Soup Recipe,Mediterranean,main,,34.01,168.55,21.55,,all_diets
3214,Spinach & Chickpea Curry,Indian,main,,70.74,222.0,26.18,,all_diets
3215,Roasted Cherry Tomato And Eggplant Pasta,Italian,main,,71.33,454.7,9.06,,all_diets
3216,Cassava Bacon,American,main,,11.08,186.49,22.83,,all_diets
3217,Crispy Fried Chickpea Cake And Slaw Sandwiches Recipe,American,main,,102.28,465.63,170.32,,all_diets
3218,"Linguine With Avocado, Tomato & Lime",Italian,main,,24.41,137.68,32.28,,all_diets
3219,Gluten Free Cauliflower Kale Pesto Pizza,Italian,main,,25.86,42.4,84.09,,all_diets
3220,Pumpkin Pie Tarts,American,main,,121.77,431.62,291.01,,all_diets
3221,Melon Milk Pops,American,main,,14.53,133.36,11.26,,all_diets
3222,Vegetarian Enchiladas,Mexican,main,,70.42,272.88,34.95,,all_diets
3223,"""Chorizo"" Tacos From 'The Vb6 Cookbook'",Asian,main,,92.83,143.99,76.85,,all_diets
3224,Parsnip And Chestnut Bisque,French,main,,14.41,225.76,55.78,,all_diets
3225,Barley & Broccoli Risotto With Lemon & Basil,Italian,main,,18.12,99.9,31.15,,all_diets
3226,Butter Bean & Tomato Salad,Middle Eastern,main,,38.38,123.71,46.77,,all_diets
3227,"Fried Plantains With Black Beans, Roasted Poblanos, Avocado, And Pickled Red Onion Recipe",South American,main,,45.04,349.94,318.04,,all_diets
3228,Avocado Hummus & Crudités,Mediterranean,main,,55.34,192.09,43.34,,all_diets
3229,Watermelon-Strawberry Popsicles,American,main,,4.81,76.54,1.69,,all_diets
3230,Dairy Free Tzatziki,Mediterranean,main,,33.82,88.14,62.31,,all_diets
3231,Cook The Book: Lasagna With Roasted Cauliflower Ricotta And Spinach,Italian,main,,96.05,125.05,37.69,,all_diets
3232,Mexican Chocolate Chickpea Brownie,French,main,,140.86,703.55,233.35,,all_diets
3233,Squash & Spinach Fusilli With Pecans,American,main,,26.33,128.24,19.96,,all_diets
3234,Guacamole & Mango Salad With Black Beans,Mexican,main,,32.88,143.89,25.03,,all_diets
3235,Leek Seeni Sambol,Japanese,main,,6.42,47.99,23.82,,all_diets
3236,Parsnip Gnocchi,French,main,,48.6,271.55,78.89,,all_diets
3237,Soondubu Jjigae (Korean Soft Tofu Stew) Recipe,Asian,main,,131.98,56.1,190.38,,all_diets
3238,Syrian Hummus,Mediterranean,main,,60.77,194.69,122.04,,all_diets
3239,Kohlrabi Fritters,South East Asian,main,,27.12,73.76,56.02,,all_diets
3240,Luxury Hummus,Mediterranean,main,,148.12,462.54,174.66,,all_diets
3241,Strawberry-Mango Nice Cream,American,main,,4.37,69.68,1.98,,all_diets
3242,Peanut And Coke Sorbet Recipe,American,main,,46.68,276.31,102.94,,all_diets
3243,Tofu Tacos,Asian,main,,74.68,180.41,66.77,,all_diets
3244,Fennel Pistachio Cauliflower Steaks,Mediterranean,main,,34.0,89.7,59.78,,all_diets
3245,Quinoa And Lentil Salad With Arugula,Middle Eastern,main,,77.4,272.33,67.77,,all_diets
3246,Cauliflower Steaks With Roasted Red Pepper & Olive Salsa,American,main,,16.25,39.91,39.3,,all_diets
3247,Asparagus & Lemon Spaghetti With Peas,Italian,main,,34.55,164.06,31.77,,all_diets
3248,Veggie Tahini Lentils,Mediterranean,main,,84.45,227.58,59.23,,all_diets
3249,Roasted Squash & Red Onion With Pistachios,American,main,,16.0,115.48,42.67,,all_diets
3250,Citrus Lime Tofu Salad,Asian,main,,27.09,20.25,31.08,,all_diets
3251,Burnt Leeks On Toast With Romesco,Mediterranean,main,,52.01,258.41,57.4,,all_diets
3252,Marinated Kale And Chickpea Salad With Sumac Onions Recipe,American,main,,50.3,135.85,33.68,,all_diets
3253,Beefless Ground Beef,American,main,,41.35,11.42,32.61,,all_diets
3254,Veggie-Loaded Flatbread,Mediterranean,main,,51.57,187.8,72.72,,all_diets
3255,Gluten-Free Apple And Walnut Pakoda/Fritters,American,main,,21.6,152.21,42.09,,all_diets
3256,Beet Tartare,French,main,,27.2,108.07,62.82,,all_diets
3257,Slow-Cooker Creamy Lentil Soup Freezer Pack,American,main,,71.2,184.75,16.0,,all_diets
3258,Egg-Free And Dairy-Free Pumpkin Pudding,British,main,,17.97,108.25,91.53,,all_diets
3259,Spaghetti With A Creamy Zucchini & Mint Sauce,French,main,,38.17,194.22,12.32,,all_diets
3260,Pesto Tortilla Pizza,Italian,main,,56.56,269.32,155.67,,all_diets
3261,Gluten-Free Apple Hand Pies Recipe,American,main,,23.5,425.1,101.1,,all_diets
3262,Veggie Sandwich,Indian,main,,9.87,48.35,10.98,,all_diets
3263,Toasted Paprika Chickpeas,Mediterranean,main,,30.39,99.03,28.82,,all_diets
3264,Healthy Broccoli And Cheese Soup,American,main,,67.06,97.78,8.01,,all_diets
3265,Garlic Mashed Cauliflower,Mediterranean,main,,17.51,49.52,43.95,,all_diets
3266,Butternut Squash And Quinoa Pilaf,Mediterranean,main,,28.77,160.17,42.8,,all_diets
3267,Crispy Sweet Potatoes With Chickpeas & Tahini Yogurt,Mediterranean,main,,55.06,246.11,100.18,,all_diets
3268,Sweet Potato Tex-Mex Salad,Mexican,main,,51.93,283.57,91.4,,all_diets
3269,Mushroom Beet Black Bean Burger,American,main,,60.14,138.46,27.25,,all_diets
3270,Cauliflower Steaks With Olive Salsa And Roasted Tomato Sauce,American,main,,23.27,96.18,29.35,,all_diets
3271,Veggie Olive Wraps With Mustard Vinaigrette,American,main,,6.84,34.45,13.26,,all_diets
3272,Smoky Potato And Caper Empanadas With Cilantro Sauce Recipe,South American,main,,48.15,374.31,1930.24,,all_diets
3273,Aubergine & Chickpea Bites,French,main,,60.56,259.79,59.97,,all_diets
3274,Shortbread Pecan Pie Crust,American,main,,30.42,129.38,155.44,,all_diets
3275,Zucchini Cannelloni With Cashew Sauce,Italian,main,,42.87,80.26,34.37,,all_diets
3276,Sweet Potato & Cauliflower Lentil Bowl,Indian,main,,66.52,222.82,47.41,,all_diets
3277,Summertime Lentil Salad With Mango,Indian,main,,15.05,51.05,17.71,,all_diets
3278,Curried Parsnip Soup Shots,American,main,,30.68,141.37,32.54,,all_diets
3279,Chilli & Avocado Salsa Sweet Potatoes,Mexican,main,,46.0,212.41,40.19,,all_diets
3280,Autumn Apple Pumpkin Soup,American,main,,16.38,140.73,50.33,,all_diets
3281,Cook The Book: Garlicky Mushrooms And Kale,American,main,,24.96,50.66,9.31,,all_diets
3282,Raspberry-Banana Sorbet,French,main,,10.18,107.83,4.89,,all_diets
3283,Miso Roasted Tofu With Sweet Potato,Asian,main,,80.17,115.44,75.36,,all_diets
3284,Citrus Collards With Raisins Redux,American,main,,6.65,92.0,14.69,,all_diets
3285,My Children Love Beet Salad!,American,main,,21.29,95.81,50.29,,all_diets
3286,Edamame & Veggie Rice Bowl,Japanese,main,,9.58,43.75,26.11,,all_diets
3287,Sautéed Spinach,French,main,,14.23,19.32,10.81,,all_diets
3288,Tuscan Hummus,Italian,main,,77.06,228.87,73.14,,all_diets
3289,Tangy Teriyaki Salmon,Nordic,main,,431.1,39.47,276.51,,all_diets
3290,Graham Cracker Cinnamon Rolls (The Best Ever!),American,main,,41.53,395.99,94.71,,all_diets
3291,"""Chocomole"" Pudding",British,main,,37.32,445.2,117.05,,all_diets
3292,Broccoli Slaw W/ Mustard Vinaigrette,American,main,,11.45,50.78,15.07,,all_diets
3293,Pesto Stuffed Mushrooms,Italian,main,,16.01,40.09,31.17,,all_diets
3294,Edamame Spread,Japanese,main,,1.65,4.08,18.65,,all_diets
3295,Escalivada (Smoky Slow-Roasted Vegetables),Mediterranean,main,,15.04,78.65,74.96,,all_diets
3296,Coconut Almond Chia Seed Pudding Recipe,British,main,,26.13,107.65,60.6,,all_diets
3297,Cucumber-Avocado Cauliflower Rice Sushi,Japanese,main,,18.14,60.4,149.24,,all_diets
3298,"Amaranth ""Risotto"" With Mushrooms",Italian,main,,87.04,417.85,126.84,,all_diets
3299,Garlicky Mushroom Penne,Mediterranean,main,,41.4,171.31,23.15,,all_diets
3300,West Indian Spiced Aubergine Curry,Indian,main,,11.25,69.45,15.4,,all_diets
3301,Roasted Aubergine & Tomato Curry,Indian,main,,20.68,90.56,125.12,,all_diets
3302,"Cauliflower, Squash, Coconut & Lentil Curry",Indian,main,,77.02,241.44,118.3,,all_diets
3303,Ripe'S Eggplant Romesco Rigatoni,Mediterranean,main,,64.71,293.29,70.69,,all_diets
3304,Date And Fennel Tofu Scramble,Asian,main,,78.01,165.29,65.14,,all_diets
3305,Caramelized Onion Hummus,Mediterranean,main,,73.91,236.99,191.25,,all_diets
3306,Asian Bulgur Wheat Salad,Chinese,main,,20.18,99.19,29.31,,all_diets
3307,Roast Asparagus Bowls With Tahini Lemon Dressing,Mediterranean,main,,38.85,152.63,26.53,,all_diets
3308,"Tomato, Fennel, And Crab Soup",French,main,,76.04,175.31,101.06,,all_diets
3309,Pasta With Broccoli And Cauliflower,Italian,main,,71.61,273.57,34.28,,all_diets
3310,Tuscan Black Cabbage Bruschetta - (Crostoni Di Cavolo Nero),Italian,main,,15.29,69.67,4.0,,all_diets
3311,Black-Eyed Pea And Tempeh Beanballs,Italian,main,,89.8,120.96,41.04,,all_diets
3312,"Spanish Rice With Chorizo, Beans And Peas",Mediterranean,main,,176.64,432.46,209.06,,all_diets
3313,Cauliflower Cilantro Salad Recipe,Mediterranean,main,,11.07,41.95,42.2,,all_diets
3314,"Spicy, Peanutty Udon With Kale",American,main,,32.54,85.66,35.11,,all_diets
3315,Satay Noodle Soup,Asian,main,,13.54,53.94,39.2,,all_diets
3316,Raw Chocolate Ganache Cake,French,main,,42.13,240.67,153.62,,all_diets
3317,"#Spinach #Lasagna My #Caribbean Favourite, #Delicious #Nutritious #Vegetarian",Italian,main,,165.9,333.74,548.55,,all_diets
3318,"Tempeh ""Chicken"" Salad",American,main,,26.8,23.75,24.2,,all_diets
3319,Easy Chickpea Curry,Indian,main,,201.31,843.44,267.99,,all_diets
3320,Mint & Basil Griddled Peach Salad,Mediterranean,main,,23.36,118.14,42.51,,all_diets
3321,Seasoned Black-Eyed Peas,South American,main,,16.32,101.48,30.38,,all_diets
3322,Southwest Sweet Potato Salad,American,main,,52.07,266.82,62.04,,all_diets
3323,Braised Green Beans With Tomatoes,Mediterranean,main,,17.49,77.86,70.2,,all_diets
3324,Curried Cauliflower Soup With Roasted Tomatoes,American,main,,22.49,77.48,52.77,,all_diets
3325,Gluten-Free Banana Flapjacks,Eastern Europe,main,,21.33,185.77,33.69,,all_diets
3326,Baked Potato Soup With Crunchy Potato Skins,American,main,,36.82,279.22,56.47,,all_diets
3327,Baked Sweet Potatoes With Spiced Lentil Salad & Lemon Tahini Dressing,Mediterranean,main,,98.97,347.21,116.32,,all_diets
3328,Pistachio Gelato,Italian,main,,0.48,75.19,155.03,,all_diets
3329,Japanese Tabbouleh With Cilantro & Tofu,Asian,main,,57.81,24.75,42.47,,all_diets
3330,Dairy-Free Spinach Stuffed Shells,American,main,,156.82,426.75,85.12,,all_diets
3331,Greek Potato Salad,Mediterranean,main,,49.15,416.81,110.81,,all_diets
3332,West Coast Avocado Toast,American,main,,15.07,42.1,21.11,,all_diets
3333,Cook The Book: Brussels Sprout-Potato Hash,French,main,,18.46,110.8,10.42,,all_diets
3334,Red Lentil Dhal,Indian,main,,93.79,232.77,13.92,,all_diets
3335,Chilled Spicy Tahini Noodle Bowl,Asian,main,,147.05,367.86,120.65,,all_diets
3336,Stuffed Pumpkin,American,main,,45.99,241.59,104.45,,all_diets
3337,Chickpea & Roasted Parsnip Curry,South East Asian,main,,80.48,352.46,142.46,,all_diets
3338,Charred Green Beans With Mustard Vinaigrette & Hazelnuts,American,main,,13.8,38.34,62.36,,all_diets
3339,Summer Vegetable Tian,Italian,main,,11.57,52.41,74.19,,all_diets
3340,Maple Walnut Banana Bread,American,main,,19.51,192.39,49.08,,all_diets
3341,Mushroom Quinoa Soup,Mediterranean,main,,32.24,133.05,34.29,,all_diets
3342,Egyptian Courgettes With Dukkah Sprinkle,French,main,,61.46,188.94,43.4,,all_diets
3343,Cream Of Cashew Pea Soup,Mediterranean,main,,84.33,232.63,196.13,,all_diets
3344,Banana “Ice Cream”,American,main,,5.11,106.25,1.93,,all_diets
3345,Peach Pie Ice Cream,American,main,,14.16,188.15,45.56,,all_diets
3346,Cider & Honey Kohlrabi Slaw With Radicchio,Chinese,main,,11.24,94.37,47.86,,all_diets
3347,Pumpkin Seed Dip,American,main,,222.79,307.84,1042.73,,all_diets
3348,Lentil Ragu With Courgetti,French,main,,147.6,431.43,42.09,,all_diets
3349,Eggplant Pide (Or Eggplant Boats),Mediterranean,main,,87.94,350.33,36.43,,all_diets
3350,Jambalaya,American,main,,109.58,533.45,39.66,,all_diets
3351,Curried Millet With Chickpeas And Currants,Indian,main,,43.83,222.77,55.67,,all_diets
3352,Spaghetti Puttanesca With Red Beans & Spinach,Italian,main,,34.11,141.84,20.31,,all_diets
3353,"Chilaquiles With Pepitas, Charred Corn, And Black Beans Recipe",American,main,,73.23,371.82,160.37,,all_diets
3354,Pumpkin Maple Milkshake,American,main,,1.87,21.6,4.41,,all_diets
3355,Tofu Jerky,Asian,main,,73.15,29.96,40.14,,all_diets
3356,Carrot Cake Bites,British,main,,33.15,320.19,189.16,,all_diets
3357,Vegetarian Jambalaya,American,main,,110.18,519.84,39.84,,all_diets
3358,"Roast Chicken Dinner Potato Chips With Mushrooms, Lemon, And Thyme Recipe",French,main,,24.46,16.85,1.91,,all_diets
3359,Zucchini Curry,Indian,main,,27.75,90.49,123.34,,all_diets
3360,Hearty Lentil One Pot,French,main,,84.58,333.89,48.88,,all_diets
3361,Mom'S Favorite Blueberry-Bran Muffins,American,main,,32.27,312.66,80.36,,all_diets
3362,Creamy Instant Pot Coconut Red Lentils,South East Asian,main,,122.43,334.72,54.58,,all_diets
3363,Quinoa Bowl With Tahini Dressing,Mediterranean,main,,67.06,209.97,112.65,,all_diets
3364,Lentil Lasagne,Italian,main,,128.98,425.86,24.86,,all_diets
3365,Spiced Mushroom & Lentil Hotpot,South American,main,,211.12,617.15,37.22,,all_diets
3366,Roasted Vegetable & Black Bean Tacos,Mexican,main,,19.25,94.02,28.49,,all_diets
3367,Pumpkin Curry With Chickpeas,South East Asian,main,,46.43,174.03,112.36,,all_diets
3368,Cook The Book: Lentil And Eggplant Chili Mole,American,main,,67.53,234.06,14.49,,all_diets
3369,"Spinach, Sweet Potato & Lentil Dhal",Middle Eastern,main,,73.66,251.11,18.46,,all_diets
3370,"Crispy Potato, Onion, And Mushroom Rösti Recipe",French,main,,12.68,80.54,68.43,,all_diets
3371,Carrot Dog Pigs In A Blanket,American,main,,27.61,150.93,9.46,,all_diets
3372,Mung Dal Shorba (Mung Dal Soup),American,main,,9.88,25.24,76.3,,all_diets
3373,Quinoa Chickpea Salad With Roasted Red Pepper Hummus Dressing,Mediterranean,main,,26.62,89.01,9.54,,all_diets
3374,Homemade Seitan,Italian,main,,253.43,128.26,12.5,,all_diets
3375,Tastiest Miso Soup,Japanese,main,,43.75,124.7,46.01,,all_diets
3376,Black Bean Corn Avocado Salsa,Mexican,main,,46.41,182.86,145.78,,all_diets
3377,Spinach With Pine Nuts And Raisins,American,main,,37.77,162.01,62.19,,all_diets
3378,Pasta With Broccoli Pesto,Italian,main,,82.43,393.15,60.18,,all_diets
3379,"Squash, Kale, And Wild Rice Pilaf",Mediterranean,main,,38.08,199.4,27.49,,all_diets
3380,Sesame Parsnip & Wild Rice Tabbouleh,Middle Eastern,main,,40.07,233.5,72.6,,all_diets
3381,"Cabbage, Bean And Crispy Cale Soup",French,main,,95.38,399.58,45.6,,all_diets
3382,Creamy Matcha White Chocolate Pudding,British,main,,13.22,81.76,47.48,,all_diets
3383,Strawberry Nice Cream,American,main,,5.66,89.79,2.18,,all_diets
3384,"Chickpea, Tomato & Spinach Curry",Indian,main,,79.3,242.05,65.03,,all_diets
3385,Avocado Pesto Pasta,Italian,main,,31.84,118.21,296.65,,all_diets
3386,Chole Masala,Indian,main,,48.03,168.93,27.82,,all_diets
3387,Asian Eggplant Stir Fry,Asian,main,,15.96,120.62,15.11,,all_diets
3388,Quinoa Chili,American,main,,89.06,298.89,14.26,,all_diets
3389,Mushroom Tacos With Charred-Corn Salsa,Mexican,main,,31.89,162.99,116.81,,all_diets
3390,Thai-Scented Asparagus Soup,South East Asian,main,,39.86,85.84,109.29,,all_diets
3391,General Tso'S Cauliflower,Chinese,main,,26.4,58.48,52.18,,all_diets
3392,Brown Rice Risotto With Mushrooms,Italian,main,,42.67,384.54,95.64,,all_diets
3393,Sweet Potato Chickpea Curry,Mexican,main,,52.71,195.01,46.65,,all_diets
3394,Choc-Cherry Fudge Torte With Cherry Sorbet,Mediterranean,main,,62.73,1054.37,159.57,,all_diets
3395,Hearty White Bean And Spinach Soup With Rosemary And Garlic Recipe,French,main,,38.21,121.5,56.68,,all_diets
3396,"Cucumber, Shallot, And Tomato Salad",American,main,,5.57,39.21,14.3,,all_diets
3397,Recipe: Curried Cauliflower Chowder,American,main,,30.01,134.87,86.19,,all_diets
3398,Corn & Split Pea Chowder,American,main,,76.4,287.4,27.47,,all_diets
3399,Pumpkin Pie Nice Cream,American,main,,9.86,168.39,3.01,,all_diets
3400,Warm Farro With Mushrooms And Crispy Beets,Japanese,main,,32.67,143.15,30.32,,all_diets
3401,Tofu Cashew Noodles With Snow Peas,Asian,main,,132.93,276.79,137.04,,all_diets
3402,Cannellini Bean & Roasted Red Pepper Sandwich,Italian,main,,88.04,263.7,20.91,,all_diets
3403,Spicy Pineapple And Tequila Sorbet Recipe,Italian,main,,5.46,326.46,1.24,,all_diets
3404,Ají (Colombian-Style Tomato And Onion Salsa) Recipe,Mexican,main,,2.92,12.61,0.63,,all_diets
3405,Smoked Cauliflower Soup,American,main,,49.78,134.47,17.29,,all_diets
3406,No-Cook Black Bean Salad,American,main,,44.49,159.15,61.72,,all_diets
3407,Buffalo-Style Quinoa Chili,American,main,,39.63,187.22,25.32,,all_diets
3408,Seitan & Black Bean Stir-Fry,Asian,main,,119.84,191.43,53.95,,all_diets
3409,Kadala Curry,Indian,main,,73.23,254.76,89.89,,all_diets
3410,Greek Salad Wraps,Mediterranean,main,,62.05,275.99,93.62,,all_diets
3411,Cauliflower Curry,Indian,main,,26.67,98.4,82.57,,all_diets
3412,Savory Tempeh Crumbles,American,main,,43.86,24.95,34.17,,all_diets
3413,Thai-Style Chopped Salad With Sriracha Tofu,South East Asian,main,,73.37,51.78,97.29,,all_diets
3414,Steamed Jackfruit Buns,Mediterranean,main,,32.97,516.13,79.82,,all_diets
3415,Roasted Sweet Potato Salad,South American,main,,18.94,150.93,49.5,,all_diets
3416,Spiced Aubergine Bake,Indian,main,,45.99,265.59,132.97,,all_diets
3417,Raw Kale Salad With Honey Apple Cider Vinaigrette,American,main,,14.09,68.15,77.95,,all_diets
3418,Cook The Book: Bengali Squash With Chickpeas,Indian,main,,19.96,116.01,49.17,,all_diets
3419,Sri Lankan Runner Bean Curry,Indian,main,,34.33,107.96,119.4,,all_diets
3420,"Ajo Blanco (Spanish Chilled ""White Gazpacho"" Bread And Almond Soup) Recipe",Mediterranean,main,,43.39,90.72,95.4,,all_diets
3421,Chickpea Patties,American,main,,55.28,157.14,36.8,,all_diets
3422,Twice-Roasted Miniature Pumpkins With Onions And Thyme,American,main,,31.28,151.92,57.22,,all_diets
3423,Raw Hazelnut Brownies With Chocolate Ganache,French,main,,64.45,516.22,181.61,,all_diets
3424,Miso Ramen With Roasted Vegetables,Japanese,main,,103.59,601.06,169.47,,all_diets
3425,Curried Potato And Carrot Soup Recipe,American,main,,42.88,322.28,109.06,,all_diets
3426,Roasted Cauliflower With Tahini And Goji Berries Recipe,Mediterranean,main,,17.46,53.43,37.31,,all_diets
3427,Thai Curry Ice Cream,South East Asian,main,,18.6,248.87,156.02,,all_diets
3428,Butternut Squash And Black Bean Tacos,Mexican,main,,49.82,230.23,66.95,,all_diets
3429,Quinoa Black Bean Summer Salad With Tahini Dressing,Mediterranean,main,,118.34,461.48,66.81,,all_diets
3430,Spicy Beet And Spinach Stir-Fry Over Sesame Rice,South East Asian,main,,22.09,186.31,39.09,,all_diets
3431,Sticky Noodles With Homemade Hoisin,Asian,main,,28.65,123.53,25.96,,all_diets
3432,Coconut Curry Noodle Bowl,Asian,main,,109.71,374.79,157.21,,all_diets
3433,"Roasted Cauliflower, Tomato And Chickpea Bowl",Mediterranean,main,,73.87,345.96,60.67,,all_diets
3434,Teriyaki Tofu Summer Rolls,Asian,main,,71.8,259.72,28.1,,all_diets
3435,Kisir,Middle Eastern,main,,42.33,270.29,107.38,,all_diets
3436,Black Bean Burgers,American,main,,77.08,309.03,45.43,,all_diets
3437,Thai Zucchini-Coconut Soup,South East Asian,main,,14.83,79.0,57.34,,all_diets
3438,Press-In Gluten-Free Pie Crust,American,main,,36.74,100.91,130.56,,all_diets
3439,Spice-Crusted Tofu With Kumquat Radish Salad,Asian,main,,49.48,66.44,56.12,,all_diets
3440,Cauliflower + Red Lentil Curry,Indian,main,,71.24,193.75,117.33,,all_diets
3441,Indian Saag With Chickpeas,Indian,main,,84.13,249.24,57.59,,all_diets
3442,Lots O'Laksa (Malaysian-Style Chicken Soup),South East Asian,main,,153.7,174.14,182.31,,all_diets
3443,Balsamic Mushroom Pasta,Italian,main,,69.05,225.51,60.5,,all_diets
3444,Healthy & Delicious: Herb-Scalloped Potatoes Recipe,French,main,,44.55,169.93,17.37,,all_diets
3445,Moroccan Pumpkin And Chickpea Stew,Middle Eastern,main,,13.47,63.18,4.32,,all_diets
3446,Marshmallow Cream,American,main,,71.91,730.58,0.09,,all_diets
3447,Sweet Potato Hash Stuffed Portobello Mushrooms,South American,main,,25.75,112.86,81.42,,all_diets
3448,Pickled Red Onions,American,main,,3.43,38.47,0.31,,all_diets
3449,"Potato, Asparagus & Mushroom Hash",American,main,,25.67,131.88,43.33,,all_diets
3450,Pasta With Braised Broccoli And Tomato Recipe,Italian,main,,99.53,467.16,68.61,,all_diets
3451,German American Potato Salad,Central Europe,main,,30.46,213.44,110.53,,all_diets
3452,Chocolate Icebox Cake,American,main,,66.39,297.87,259.06,,all_diets
3453,Lentil Burgers,Nordic,main,,99.48,315.18,31.22,,all_diets
3454,"Summer Quinoa Salad, Mexican-Style",Mexican,main,,34.44,181.0,48.88,,all_diets
3455,Kale And Potato Mash With Romesco Sauce,Mediterranean,main,,31.94,198.87,30.33,,all_diets
3456,Creamy Ginger-Asparagus Soup,Mediterranean,main,,15.29,60.62,81.98,,all_diets
3457,"Sweet Potato, Kale & Chicken Salad With Peanut Dressing",Mediterranean,main,,126.37,117.56,71.8,,all_diets
3458,Whipped Frozen Pink Lemonade,French,main,,6.45,137.75,48.82,,all_diets
3459,Buddha Bowl With Grilled Tofu And Gluten-Free White Beer,Asian,main,,91.78,255.89,70.28,,all_diets
3460,Stewed Chickpeas And Chard Over Garlic Toast,French,main,,59.12,224.37,60.29,,all_diets
3461,Tuscan White Beans W/ Roasted Vegetables,Italian,main,,149.35,411.98,43.73,,all_diets
3462,"Tamari Roasted ""Crack"" Almonds",British,main,,64.31,63.69,142.94,,all_diets
3463,Chia Chipotle Dressing From 'Salad Samurai',American,main,,3.5,34.27,31.23,,all_diets
3464,Squash Risotto,Italian,main,,59.38,209.97,32.81,,all_diets
3465,Hippie Loaf,American,main,,44.17,172.18,17.81,,all_diets
3466,"Carrot And Rye Berry Salad With Celery, Cilantro, And Marcona Almonds Recipe",American,main,,38.18,117.41,114.49,,all_diets
3467,Smoky Tofu Chili,Asian,main,,69.77,135.28,48.41,,all_diets
3468,Quinoa Stuffed Peppers,Mediterranean,main,,114.85,276.83,160.19,,all_diets
3469,Gobhi Mussallam,Indian,main,,44.76,75.01,68.9,,all_diets
3470,Roasted Aloo Gobi,Indian,main,,36.81,175.89,66.91,,all_diets
3471,Tahini Noodles,Asian,main,,97.68,440.21,72.93,,all_diets
3472,Chocolate Coconut Ice Cream Mochi,American,main,,45.56,469.36,233.65,,all_diets
3473,Rainbow Swiss Chard And Lemon Stir-Fry,Chinese,main,,29.15,167.53,51.66,,all_diets
3474,'Akara' Aka Bean Or Lentil Fritters,Mediterranean,main,,48.67,130.15,44.12,,all_diets
3475,Braised Winter Vegetable Pasta,Italian,main,,59.4,297.09,35.46,,all_diets
3476,Favorite Fall Orzo Salad,American,main,,50.82,207.74,89.08,,all_diets
3477,Sneaky Collards Recipe,American,main,,55.67,118.96,38.34,,all_diets
3478,Best Veggie Stir Fry,Chinese,main,,46.21,246.43,202.85,,all_diets
3479,The Crisper Whisperer: Gingered Butternut Soup Recipe,American,main,,62.04,340.05,47.92,,all_diets
3480,Tofu Poke,Asian,main,,72.95,157.18,65.14,,all_diets
3481,Hummus And Mint Veggie Burgers,Nordic,main,,75.73,270.57,86.9,,all_diets
3482,Thin Mint Smoothie,World,main,,5.29,44.03,10.04,,all_diets
3483,Beans And Mushrooms,American,main,,20.79,96.31,56.46,,all_diets
3484,"Lentil Salad With Cauliflower, Walnuts, And Roasted Orange Vinaigrette Recipe",American,main,,127.46,364.61,229.66,,all_diets
3485,Quick & Dirty Slow Cooker Vegetarian Chili,American,main,,98.97,331.17,43.99,,all_diets
3486,Chickpea & Jackfruit Curry,Indian,main,,45.55,246.68,68.46,,all_diets
3487,Grilled Tofu With Chimichurri On Toast,Asian,main,,91.17,111.42,160.34,,all_diets
3488,Korean Stewed Tofu With A Green Onion Salad And Crisp Bacon,Asian,main,,79.06,64.73,74.17,,all_diets
3489,Jackfruit Carnitas,Mexican,main,,23.56,421.86,49.12,,all_diets
3490,Vegetarian Mushroom Thyme Gravy,South American,main,,14.75,67.01,72.71,,all_diets
3491,Well-Crafted Macaroni And Cheese Mix,American,main,,127.15,164.38,70.78,,all_diets
3492,Easy Black-Bean Corn Salad,Mexican,main,,64.0,208.35,10.35,,all_diets
3493,Banana Heavens Little Pig (Spanish Custard Dessert),Mediterranean,main,,48.41,518.39,148.52,,all_diets
3494,The Ultimate Raw Taco,Mexican,main,,9.88,40.98,30.65,,all_diets
3495,Rosemary Alu Paratha (Potato Parathas With Fresh Rosemary),American,main,,41.76,256.51,19.4,,all_diets
3496,One-Pot Lentils & Rice With Spinach,Middle Eastern,main,,58.84,235.58,48.83,,all_diets
3497,Toni Fiore'S Millet Beet Burger,American,main,,47.33,241.3,45.89,,all_diets
3498,Smoky Tempeh And Hummus Sandwiches,Mediterranean,main,,119.5,247.13,98.81,,all_diets
3499,Mini Nut Roasts With Candied Carrots,American,main,,421.72,1636.67,267.25,,all_diets
3500,Chickpea Cashew Curry,Indian,main,,59.38,196.66,104.83,,all_diets
3501,Easy Middle Eastern Fried Tomatoes: Jordanian Galayet Bandora,Middle Eastern,main,,6.26,33.5,55.18,,all_diets
3502,"Whole-Grain Wraps With Quinoa, Beans, And Roasted Veggies",American,main,,126.07,229.3,164.88,,all_diets
3503,White Beans With Herbes De Provence,World,main,,29.17,125.36,49.62,,all_diets
3504,Chickpea Piccata,Italian,main,,39.19,142.48,14.77,,all_diets
3505,Recipe: Purple Cauliflower Hummus,Mediterranean,main,,3.34,19.69,67.86,,all_diets
3506,Instant Pot Vegetarian Chili,American,main,,99.51,330.95,22.49,,all_diets
3507,"No-Churn Mango Sherbet (Sorbet, Frozen Yogurt, Or Ice Cream!)",American,main,,7.92,125.36,6.46,,all_diets
3508,Feta Stuffed Eggplant Polpetti,Mediterranean,main,,20.16,85.67,20.56,,all_diets
3509,Cinnamon Spiced Nuts,American,main,,94.41,129.09,412.23,,all_diets
3510,Israeli Couscous Salad,Middle Eastern,main,,42.92,203.37,40.93,,all_diets
3511,Cranberry Curry And Mint Cashew Butter,American,main,,9.16,16.16,41.83,,all_diets
3512,Tofu Pesto,Asian,main,,49.91,68.57,242.68,,all_diets
3513,"Tofu And Kale Salad With Avocado, Grapefruit, And Miso-Tahini Dressing Recipe",Mediterranean,main,,46.85,81.27,131.61,,all_diets
3514,Mediterranean Cabbage Soup,Mediterranean,main,,47.06,183.94,31.28,,all_diets
3515,Mother'S Day Mexican Veggie Burgers,Mexican,main,,122.64,405.33,43.13,,all_diets
3516,"Pasta Sauce, Elevated",Italian,main,,63.83,211.59,40.86,,all_diets
3517,Jackfruit Barbacoa Burrito Bowls,Mexican,main,,40.22,496.18,35.97,,all_diets
3518,Make-Ahead Zucchini And Quinoa Dill Bisque Recipe,French,main,,36.29,102.42,28.8,,all_diets
3519,Pearl Couscous Chicken Salad With Roasted Asparagus And Herbs,Nordic,main,,203.05,397.74,97.26,,all_diets
3520,Slow-Cooker Creamy Butternut Squash-Apple Soup,French,main,,17.22,204.62,24.8,,all_diets
3521,Potato Salad With Parsley Pesto,French,main,,24.8,160.68,133.13,,all_diets
3522,Vietnamese Citrus And Noodle Salad With Fresh Herbs And Fried Yuba (Tofu Skin) Recipe,Asian,main,,53.49,256.92,308.86,,all_diets
3523,Andrea Nguyen'S Saag Soy Paneer,Indian,main,,50.48,52.34,95.34,,all_diets
3524,Harvest-Stuffed Portobello Mushrooms,Mediterranean,main,,86.71,237.42,95.53,,all_diets
3525,Thai Summer Squash Curry,South East Asian,main,,77.15,228.01,65.94,,all_diets
3526,Stir-Fried Broccoli And Shiitake Mushrooms With Oyster Sauce,Mediterranean,main,,23.13,64.29,31.52,,all_diets
3527,Instant Pot Vegetable Soup,Italian,main,,45.98,152.64,31.25,,all_diets
3528,Stuffed Portobello Mushroom Caps With Roasted Root Vegetable Risotto,Italian,main,,57.13,259.37,52.6,,all_diets
3529,Chickpea Spaghetti With Roasted Vegetables,Italian,main,,62.65,351.35,43.49,,all_diets
3530,Gluten-Free Chocolate-Chip Zucchini Bread Squares Recipe,American,main,,29.52,285.85,115.17,,all_diets
3531,Black Girl Baking Is A Journey In Food Memories Told Through The Senses,American,main,,60.23,403.78,375.91,,all_diets
3532,Homemade Crunchy Nutella Recipe,American,main,,32.92,349.55,252.31,,all_diets
3533,Tofu Mexicali Scramble Recipe,Asian,main,,63.61,154.85,64.2,,all_diets
3534,Green Coconut Zoodle Soup,American,main,,24.81,104.19,130.69,,all_diets
3535,"Sticky Rice Cake With Coconut, Ginger & Condensed Coconut Milk",South East Asian,main,,56.93,434.64,324.66,,all_diets
3536,Cook The Book: Quinoa With Chimichurri Herbs,South American,main,,27.28,135.59,51.58,,all_diets
3537,Quinoacado Tacos With Charred Corn And Fruit Salsa,Mexican,main,,42.79,258.64,86.54,,all_diets
3538,Summertime Potluck Puttanesca,Italian,main,,80.09,424.04,125.3,,all_diets
3539,The Best Vegetarian Bean Chili Recipe,American,main,,138.0,434.9,67.01,,all_diets
3540,"Cranberry Orange Cornbread With Orange ""Butter""",American,main,,43.91,543.24,123.1,,all_diets
3541,Dairy-Free Pumpkin Pie,American,main,,27.39,364.75,119.43,,all_diets
3542,Autumn Curry With Pumpkin And Chickpeas,Indian,main,,121.86,507.04,158.57,,all_diets
3543,'Clean Start': Chewy Chocolate Macaroons Recipe,French,main,,23.58,248.33,174.13,,all_diets
3544,"Zucchini, Almond, And Mint Soup With Lemony Lentils",French,main,,70.76,141.49,112.43,,all_diets
3545,Spanish Chickpea Gratin,Mediterranean,main,,83.94,288.01,108.84,,all_diets
3546,French In A Flash: Parsnip Purée With Olive Oil And Sage,American,main,,12.47,172.38,71.85,,all_diets
3547,Easy Walnut Pesto,Italian,main,,85.28,44.39,80.87,,all_diets
3548,Country-Style Tomato And Cilantro Broth,Mediterranean,main,,0.36,1.83,0.1,,all_diets
3549,Quinoa & Sweet Potato Chili,American,main,,58.05,237.62,28.37,,all_diets
3550,Quinoa Salad With Roasted Beets And Baby Spinach,American,main,,76.97,301.5,97.26,,all_diets
3551,Dinner Tonight: Caramelized Tofu With Brussels Sprouts Recipe,Asian,main,,29.77,57.5,74.44,,all_diets
3552,Stir-Fried Garlic Eggplant With Ground Pork Recipe,South East Asian,main,,29.35,42.31,68.44,,all_diets
3553,Sweet Potato Cake With Cashew Cream Cheese Frosting,American,main,,48.54,390.74,138.94,,all_diets
3554,Black Bean Corn Tamales,South American,main,,152.27,798.89,84.75,,all_diets
3555,Pappardelle With Artichoke Chickpea Meatballs,Mediterranean,main,,252.44,1115.32,150.17,,all_diets
3556,Curried Cauliflower Soup With Tamarind Glazed Kabocha Squash And Apple,American,main,,49.51,207.1,47.15,,all_diets
3557,Citrus Ginger Tofu Salad With Buckwheat Soba Noodles,Asian,main,,88.65,188.32,96.04,,all_diets
3558,Cook The Book: Coconut Rice With Variations,South American,main,,14.84,118.9,44.97,,all_diets
3559,Maple Hasselback Butternut Squash Recipe,American,main,,10.25,146.75,18.23,,all_diets
3560,Fresh Tomato Soup,Italian,main,,11.49,61.53,48.05,,all_diets
3561,Dinner Tonight: Farro Salad With Roasted Kale And Beets Recipe,Italian,main,,104.08,384.58,73.85,,all_diets
3562,Tom Kha Udon Soup With Mushrooms Recipe,South East Asian,main,,134.56,719.89,87.81,,all_diets
3563,Lemon And Saffron Risotto,Italian,main,,39.75,341.75,61.86,,all_diets
3564,Vegetarian Butternut Squash Chili With Black Beans,American,main,,78.55,261.64,35.03,,all_diets
3565,Instant Pot Curry,South East Asian,main,,53.58,198.48,112.46,,all_diets
3566,Sweet Potato Soup With Crispy Tortilla Topping,French,main,,92.0,316.83,126.56,,all_diets
3567,Edamame Gyoza,South East Asian,main,,72.45,357.2,30.33,,all_diets
3568,Raw Harvest Kale Salad,American,main,,13.24,95.77,49.0,,all_diets
3569,Rye And Butternut Squash Dressing,American,main,,93.11,546.51,72.18,,all_diets
3570,Classic Beans And Greens Tacos,Mexican,main,,102.35,375.3,101.68,,all_diets
3571,Spring Vegetarian Cassoulet,French,main,,32.57,148.59,123.4,,all_diets
3572,Gluten-Free Tuesday: Allergen-Free Chocolate Pumpkin Spice Cake,American,main,,26.21,445.66,124.96,,all_diets
3573,Vegetarian Slow-Cooker Chili Recipe,American,main,,57.47,182.49,20.72,,all_diets
3574,Rich Roll'S Ultra Meatless Tempeh Loaf,American,main,,132.02,238.22,222.53,,all_diets
3575,French Toast With Blueberry Compote,French,main,,58.55,366.33,222.47,,all_diets
3576,Whipped Frozen Creamsicle,World,main,,5.17,46.29,24.93,,all_diets
3577,Pandan Khanom Chan (Layered Rice Sweets) Recipe,South East Asian,main,,32.01,974.19,55.15,,all_diets
3578,Recipe: Garlicky Soba Noodle Bowls,Asian,main,,38.89,187.15,11.12,,all_diets
3579,Basic Chili Paste To Replace Chili Powder Recipe,American,main,,22.16,24.7,9.29,,all_diets
3580,"Instant Pot Bengali Red Lentil, Potato, Pea, And Cauliflower Risotto",Italian,main,,58.03,232.18,74.27,,all_diets
3581,Southwest-Stuffed Sweet Potato Skins,American,main,,83.88,491.68,44.65,,all_diets
3582,Red Lentil Soup,British,main,,62.77,197.6,24.27,,all_diets
3583,Vegetarian Gumbo,American,main,,115.35,568.37,92.32,,all_diets
3584,Slow-Cooker Mediterranean Stew,American,main,,46.14,170.31,56.55,,all_diets
3585,Tempeh And Eggplant Pot Pies,American,main,,34.58,204.76,101.42,,all_diets
3586,"Avocado With Pomegranate Molasses, Tomatoes, Citrus, And Basil",American,main,,11.52,57.04,57.09,,all_diets
3587,Grilled Cauliflower Steaks With Almond Pesto & Butter Beans,British,main,,111.57,303.83,116.4,,all_diets
3588,French Caramelized Onion Tart,American,main,,34.83,216.01,134.76,,all_diets
3589,Sri Lankan Braised Roots Stew & Coconut Dhal Dumplings,American,main,,73.76,361.63,159.57,,all_diets
3590,Curried Lentils With Sweet Potatoes.,Indian,main,,89.51,311.47,14.88,,all_diets
3591,One-Pot Coconut Milk Curry With Chickpeas,Indian,main,,51.92,198.04,128.18,,all_diets
3592,Zucchini-Chickpea Veggie Burgers With Tahini-Ranch Sauce,Mediterranean,main,,67.07,233.11,68.11,,all_diets
3593,"Squash, Chickpea & Coconut Curry",Indian,main,,61.08,278.25,160.2,,all_diets
3594,"Gardein ""Chicken"" Scaloppini With Shiitake Sake Sauce, Pea Shoots, And Udon Noodle Cakes",Asian,main,,34.07,155.84,189.14,,all_diets
3595,Lisa'S Delicious 3-Bean Chili,American,main,,117.41,384.6,19.06,,all_diets
3596,Matcha Mint Chip Ice Cream,American,main,,15.15,165.73,147.34,,all_diets
3597,Tomato And Farro Minestrone,Italian,main,,76.22,303.4,23.42,,all_diets
3598,"Chickpea, Potato, And Spinach Jalfrezi With Cilantro Chutney Recipe",Indian,main,,57.59,242.68,57.44,,all_diets
3599,Midtown Greek Salad,Mediterranean,main,,57.49,93.94,130.53,,all_diets
3600,Flat-Belly Soup,French,main,,42.63,188.44,28.24,,all_diets
3601,"Charred Corn, Radish, Jicama, And Green Bean Salad With Lime Dressing Recipe",Japanese,main,,13.52,81.22,72.01,,all_diets
3602,Vegetarian Ghormeh Sabzi For Times Of Plague,Mediterranean,main,,151.41,566.8,118.61,,all_diets
3603,Seitan And Polenta Skillet With Fresh Greens,Japanese,main,,161.96,480.09,71.68,,all_diets
3604,Strawberry Oat Crumble Bars,American,main,,46.72,547.43,158.32,,all_diets
3605,Sweet Potato & Spinach Dal,Central Europe,main,,61.47,175.5,31.64,,all_diets
3606,"Roasted Garlic, White Bean & Kale Pizz'Alad",Italian,main,,81.4,351.98,63.0,,all_diets
3607,Cook The Book: Moroccan-Style Braised Vegetables,Middle Eastern,main,,47.3,150.7,40.81,,all_diets
3608,Slow-Cooker Vegetarian Tex-Mex Casserole,Mexican,main,,76.56,248.92,115.38,,all_diets
3609,Greek Style Chickpea Soup,Mediterranean,main,,99.72,335.36,145.56,,all_diets
3610,Roasted Mediterranean Vegetables With Chickpeas,Mediterranean,main,,56.91,237.33,42.09,,all_diets
3611,Potato Cauliflower Chaat (For An American Kitchen),American,main,,50.51,311.9,83.16,,all_diets
3612,Pad Thai Redux,South East Asian,main,,19.72,132.77,52.76,,all_diets
3613,Asian-Style Cabbage Slaw W/Tofu And Crunchy Ramen,Japanese,main,,35.24,95.9,42.98,,all_diets
3614,Roasted-Carrot Salad With Peanut-Sesame Mole Recipe,Italian,main,,36.63,126.8,114.44,,all_diets
3615,Mushroom-Tofu-Pecan Stuffed Vegetables,American,main,,188.05,220.59,262.31,,all_diets
3616,Quinoa With Curried Cauliflower & Potatoes,Indian,main,,26.99,130.18,67.17,,all_diets
3617,Low-Carb Portobello Mushroom Fajitas,Mexican,main,,41.49,111.46,148.41,,all_diets
3618,Healthy And Delicious: Confetti Quinoa Salad Recipe,South American,main,,105.2,380.79,31.22,,all_diets
3619,Pistachio-Crusted Tofu With Red Chimichurri Recipe,Asian,main,,69.87,99.93,149.91,,all_diets
3620,Baby Artichokes With Lemon And Olive Oil,Mediterranean,main,,90.34,307.15,220.77,,all_diets
3621,"Portobello Mushrooms Stuffed With Spinach, Parmesan And Fennel",Mediterranean,main,,88.96,74.56,105.46,,all_diets
3622,Chili Lime Black Bean And Quinoa Salad,American,main,,75.94,358.72,75.25,,all_diets
3623,Holiday Slow Cooker Veggie Chili,American,main,,126.44,521.3,33.18,,all_diets
3624,Pumpkin Tiramisu Recipe,Italian,main,,62.91,1228.6,366.25,,all_diets
3625,"Carrot, Ginger, And Basil Soup Recipe",American,main,,35.0,62.3,18.06,,all_diets
3626,Eat For Eight Bucks: Farro And Cauliflower Salad With Currants Recipe,Mediterranean,main,,63.82,237.21,44.88,,all_diets
3627,"Healthy And Delicious: Shredded Beet, Apple, And Currant Salad With Apple Vinaigrette Recipe",French,main,,8.36,137.62,28.48,,all_diets
3628,Versatile Lentil Stew,Italian,main,,64.06,178.01,50.35,,all_diets
3629,Spicy Tortilla Crisps With Queso Fundito From 'Salty Snacks',American,main,,54.74,49.59,93.59,,all_diets
3630,Radishes With Avocado Dip From 'The Vb6 Cookbook',American,main,,19.88,71.62,42.65,,all_diets
3631,Simple Kale Salad,American,main,,52.89,93.69,116.43,,all_diets
3632,Chickpea And Kale Curry,Indian,main,,34.63,104.0,98.87,,all_diets
3633,Meat Lite: Portobello Burgers With Crispy Prosciutto And Arugula Mayo Recipe,Mediterranean,main,,85.6,123.67,87.8,,all_diets
3634,Slow-Cooker Vegetarian Chili,American,main,,53.11,279.09,7.67,,all_diets
3635,Gluten-Free Tuesday: Graham Crackers Recipe,American,main,,20.99,344.46,67.13,,all_diets
3636,Braised Artichokes With Leeks And Peas From 'The New Vegetarian Cooking For Everyone',Mediterranean,main,,50.89,224.38,53.68,,all_diets
3637,Healthy & Delicious: Tabbouleh Salad Recipe,Middle Eastern,main,,27.75,136.96,57.17,,all_diets
3638,Apricot Kuchen,American,main,,71.48,744.37,79.76,,all_diets
3639,"'The Food Matters Cookbook': Spicy Fried Rice With Bean Sprouts, Chicken, And Peanuts Recipe",South East Asian,main,,111.5,337.99,105.43,,all_diets
3640,French Lentil And Arugula Salad With Herbed Cashew Cheese,French,main,,175.8,371.72,229.85,,all_diets
3641,Healthy & Delicious: Greek Orzo Salad Recipe,Mediterranean,main,,74.66,303.36,108.39,,all_diets
3642,Sichuan-Style Braised Eggplant With Pickled Chilies And Garlic (Yu Xiang Qie Zi) Recipe,Chinese,main,,14.06,79.82,45.68,,all_diets
3643,Roasted Strawberry Margaritas With Aquafaba Whip,World,main,,38.66,291.21,15.16,,all_diets
3644,"Butternut Squash, Kale, And Crunchy Pepitas Taco",American,main,,41.35,123.69,102.21,,all_diets
3645,Saag Paneer,Indian,main,,82.6,88.55,33.27,,all_diets
3646,Kolkata Style Chickpea Rolls,American,main,,39.57,203.13,154.75,,all_diets
3647,The Occasional Vegetarian'S Bibimbap,Chinese,main,,22.9,185.2,24.96,,all_diets
3648,This Roasted Beet Hummus Recipe Can’T Be Beat,Mediterranean,main,,45.83,157.32,64.12,,all_diets
3649,Persian Eggplant Stew // Khoresh Bademjan,South American,main,,27.57,188.51,59.1,,all_diets
3650,Healthy And Delicious: Mexican Potato Soup Recipe,Mexican,main,,12.18,86.8,1.45,,all_diets
3651,Michael Natkin'S Soba Noodles In Shiitake-Shoyu Broth With Spring Vegetables,Japanese,main,,128.8,494.56,102.46,,all_diets
3652,Shauna James Ahern'S Quinoa-Stuffed Peppers,South American,main,,38.4,221.84,93.74,,all_diets
3653,Braised Eggplant With Tofu In Garlic Sauce Recipe,Asian,main,,44.86,102.6,59.6,,all_diets
3654,Coconut-Mango Rice Noodle Salad,Asian,main,,45.56,237.57,135.07,,all_diets
3655,Blueberry Mug Cake,American,main,,6.67,61.95,16.73,,all_diets
3656,Recipe: Sesame Ginger Shrimp And Cabbage Stew,Chinese,main,,173.09,219.9,75.42,,all_diets
3657,Pretzel- And Cashew-Crusted Tofu,Asian,main,,124.14,587.22,98.82,,all_diets
3658,Hominy Stew Is Soul-Soothing On A Chilly Fall Morning,American,main,,136.2,62.09,373.84,,all_diets
3659,Black Bean And Butternut Squash Chili,American,main,,63.6,221.25,29.06,,all_diets
3660,Pasta E Fagioli (Pasta And Beans),Italian,main,,64.73,230.05,74.06,,all_diets
3661,Tofu Bánh Mì,Asian,main,,88.99,201.36,131.58,,all_diets
3662,Moosewood’S Classic Tofu Burgers,Asian,main,,166.91,108.07,215.9,,all_diets
3663,Beef And Chinese Broccoli Chow Fun Recipe,Chinese,main,,127.79,432.09,139.84,,all_diets
3664,Sara'S Green Harissa,Mediterranean,main,,5.17,24.8,162.85,,all_diets
3665,Black Bean Tostadas,South American,main,,102.05,538.95,113.14,,all_diets
3666,Quinoa Fried ‘Rice’,Chinese,main,,82.5,226.38,156.54,,all_diets
3667,Phat Phrik Khing With Tofu And Long Beans (Thai Dry-Curry Stir-Fry) Recipe,South East Asian,main,,80.34,179.92,82.62,,all_diets
3668,Corn And Coconut Salad,American,main,,26.28,185.69,40.05,,all_diets
3669,Crêpes With Chicken And Morels,Mediterranean,main,,106.42,116.25,173.88,,all_diets
3670,French In A Flash: Campanelle With Eggplant Caviar Recipe,French,main,,76.47,416.03,85.99,,all_diets
3671,Apple-Chestnut Cornbread Stuffing,American,main,,55.26,424.43,86.48,,all_diets
3672,Wet Bean Burritos,Mexican,main,,136.76,434.28,68.66,,all_diets
3673,Cook The Book: Pan-Roasted Striped Bass With Tunisian Chickpea Salad And Yogurt Sauce,American,main,,236.43,225.35,203.05,,all_diets
3674,"Scooped: Kaffir Lime, Ginger, Star Anise Sorbet Recipe",American,main,,7.39,242.33,2.83,,all_diets
3675,A Sweet Potato Burrito Packs Your Morning With Power,Mexican,main,,27.38,237.56,30.22,,all_diets
3676,Sun Dried Tomato Yumballs,South East Asian,main,,95.79,135.95,117.94,,all_diets
3677,Red Minestrone From 'Stewed',American,main,,36.43,179.27,77.9,,all_diets
3678,Healthy & Delicious: West African Vegetable Stew Recipe,American,main,,47.57,291.86,27.71,,all_diets
3679,Recipe: Roasted Sweet Potato Slices With Cilantro Pesto,Italian,main,,39.8,229.88,151.44,,all_diets
3680,Mother-In-Law'S Signature Kimchi From 'The Kimchi Cookbook',South East Asian,main,,89.53,150.15,20.36,,all_diets
3681,"'Clean Start': Polenta Pizzas With Kale, Chard, And Parsley Pesto Recipe",Italian,main,,64.97,448.84,180.1,,all_diets
3682,Old School French Onion Soup Gratinée,French,main,,187.25,102.14,200.92,,all_diets
3683,Recipe: Braised Coconut Spinach & Chickpeas With Lemon,American,main,,57.94,161.09,108.55,,all_diets
3684,"Gluten-Free Tuesday: Dairy-Free, Egg-Free Coconut-Pumpkin Pie Recipe",American,main,,19.46,343.44,141.52,,all_diets
3685,Recipe: Socca Flatbread With Spring Pesto And Salad,American,main,,85.66,170.49,285.1,,all_diets
3686,"Braised Chickpeas And Vegetables With Couscous, Harissa Yogurt, And Soft Eggs From 'Flour, Too'",American,main,,118.52,330.85,107.74,,all_diets
3687,Veggie Masala Burgers With Cilantro Chutney Aioli,Indian,main,,78.08,362.33,365.09,,all_diets
3688,Curry Noodles With Chicken (Kuai-Tiao Kaeng Sai Kai) From 'Simple Thai Food',South East Asian,main,,219.17,398.38,298.2,,all_diets
3689,"Crispy Fried Spinach With Tomato, Onion, Tamarind, And Yogurt Recipe",American,main,,39.75,149.57,124.56,,all_diets
3690,Sweet Potato–Chickpea-Quinoa Burgers,South American,main,,122.26,381.65,275.06,,all_diets
3691,Vegan S'Mores,American,main,,6.55,59.48,27.17,,all_diets
3692,Vegan Chocolate Frosting | Vegan Chocolate | Vegetarian Chocolate,American,main,,6.93,227.99,35.67,,all_diets
3693,Vegan Candy | Vegan Chocolate | Vegetarian Chocolate,American,main,,77.84,299.39,211.54,,all_diets
3694,Vegan Thanksgiving Sandwich,American,main,,34.66,41.97,24.09,,all_diets
3695,Vegan Blt,American,main,,26.6,57.13,55.22,,all_diets
3696,Vegan Campfire Smores,American,main,,26.2,237.91,108.67,,all_diets
3697,Vegan Chocolate Ganache,American,main,,8.48,114.52,95.53,,all_diets
3698,White Pizza {Vegan},Italian,main,,72.6,279.01,87.99,,all_diets
3699,Vegan Rice Krispie Squares,American,main,,9.04,118.65,35.72,,all_diets
3700,Vegan Spinach Balls,American,main,,76.78,159.24,103.72,,all_diets
3701,The Best Vegan Cheesecake,American,main,,63.31,346.83,174.07,,all_diets
3702,Vegan Spaghetti,American,main,,170.62,530.82,117.23,,all_diets
3703,Vegan Coleslaw,American,main,,10.9,28.5,38.95,,all_diets
3704,Vegan Stuffing,American,main,,48.86,255.15,102.43,,all_diets
3705,Gluten-Free Vegan Hashbrowns,American,main,,80.01,561.1,457.19,,all_diets
3706,Smoked Vegan Mac And Cheese,American,main,,144.9,405.77,142.12,,all_diets
3707,Vegan Eclairs,American,main,,24.67,231.46,65.08,,all_diets
3708,Vegan Beer Brats,American,main,,315.1,112.22,86.61,,all_diets
3709,Joey'S Vegan Cream Cheese Frosting,American,main,,15.39,115.03,88.13,,all_diets
3710,Vegan Cheese Pumpkin,American,main,,117.38,147.3,248.45,,all_diets
3711,Vegan Coconut Caramel,American,main,,4.63,54.29,77.54,,all_diets
3712,Vegan Cheesy Corn Casserole Recipes,American,main,,42.68,350.4,179.88,,all_diets
3713,Vegan Pigs In A Blanket,American,main,,25.87,26.58,72.29,,all_diets
3714,Pretzel Dipping Sauces {Vegetarian/Vegan},American,main,,5.53,38.17,30.82,,all_diets
3715,{Vegan} Homemade Peanut Butter Cups,American,main,,34.86,156.24,112.15,,all_diets
3716,Vegan Vanilla Pudding Recipes,British,main,,3.6,162.64,33.81,,all_diets
3717,Vegan Garlic Butter,American,main,,10.0,5.68,114.04,,all_diets
3718,Vegan Strawberry Freezer Pie,American,main,,12.81,146.64,56.35,,all_diets
3719,Mushroom Stroganoff {Vegan},American,main,,18.16,39.22,64.8,,all_diets
3720,Vegan Pumpkin Pie Cheesecake,American,main,,53.69,369.5,218.47,,all_diets
3721,Vegan Cherry Pie Recipes,American,main,,87.4,1168.14,445.86,,all_diets
3722,Vegan Jalapeno Poppers,American,main,,21.44,93.99,63.25,,all_diets
3723,Easy Vegan Artichoke Dip,Mediterranean,main,,12.61,24.05,60.55,,all_diets
3724,Vegan Tiramisu,Italian,main,,17.4,89.84,80.29,,all_diets
3725,Vegan Creamed Spinach,American,main,,36.05,57.08,38.48,,all_diets
3726,Vegan Aioli,American,main,,10.34,20.64,38.41,,all_diets
3727,Vegan Toffee Squares Recipes,British,main,,37.17,459.92,196.03,,all_diets
3728,Vegan Cheese Enchiladas,American,main,,86.0,180.46,97.22,,all_diets
3729,Vegan Vegetable Pizza,Italian,main,,48.03,106.56,47.69,,all_diets
3730,Fancy Vegan Sausage Rolls,American,main,,40.01,27.86,97.86,,all_diets
3731,No-Bake Vegan Cheesecake,American,main,,9.43,152.64,150.35,,all_diets
3732,Vegan “Egg” Mayo,American,main,,38.26,12.77,49.9,,all_diets
3733,Butternut Squash And Spinach Lasagna (Vegan),Italian,main,,114.38,356.37,130.93,,all_diets
3734,Vegan Baileys Truffles,American,main,,16.69,137.19,298.32,,all_diets
3735,Vegan Mocha Latte,American,main,,5.27,17.74,43.43,,all_diets
3736,Vegan Eggnog Martini,World,main,,1.32,11.41,1.27,,all_diets
3737,"Vegan Sausage, Kale, Dijon & Sesame Ba",American,main,,32.25,64.16,22.55,,all_diets
3738,Vegan Kale Pesto Gnocchi,American,main,,40.87,187.62,41.62,,all_diets
3739,Vegan Apple Betty,American,main,,16.14,360.76,60.46,,all_diets
3740,Vegan Russian Dressing,American,main,,28.43,199.03,78.89,,all_diets
3741,Vegan Cream Cheese Frosting,American,main,,7.3,246.7,84.86,,all_diets
3742,Fries Supreme Vegan Recipes,American,main,,73.88,138.47,106.78,,all_diets
3743,Vegan Creamed Spinach Phyllo Tart,American,main,,37.19,110.15,134.27,,all_diets
3744,Vegan Pecan Pie,American,main,,39.45,316.43,215.21,,all_diets
3745,Vegan Pizza Snacks,American,main,,85.06,73.15,89.7,,all_diets
3746,Vegan Peppermint Patties,American,main,,14.54,544.16,129.8,,all_diets
3747,Unbelievable Vegan Mashed Potatoes,American,main,,23.17,144.98,35.42,,all_diets
3748,Vegan Sweet Noodle Kugel,Asian,main,,83.08,340.35,162.71,,all_diets
3749,Vegan Champagne Truffles,American,main,,36.43,187.43,149.5,,all_diets
3750,Animal-Style Patty Melts (Vegan),American,main,,70.0,50.08,167.2,,all_diets
3751,Vegan Chocolate Gingerbread Bourbon Balls,American,main,,47.1,482.04,216.53,,all_diets
3752,Vegan Cheesecake,American,main,,81.6,408.57,249.34,,all_diets
3753,Vegan Pecan Crusted Toffee Bites,American,main,,55.15,401.71,518.46,,all_diets
3754,Vegan Chanterelle Quiche,French,main,,43.26,200.51,30.65,,all_diets
3755,Vegan Blt Sandwich,American,main,,21.41,32.94,51.84,,all_diets
3756,Vegan Grits,American,main,,3.98,41.13,28.01,,all_diets
3757,Ultimate Loaded Grilled Vegan Blt,American,main,,46.21,92.01,60.29,,all_diets
3758,Vegan Herb Butter,American,main,,0.73,1.97,109.17,,all_diets
3759,Vegan Sabzi Polow,American,main,,80.49,533.39,49.0,,all_diets
3760,Frosted Vegan Cinnamon Rolls,American,main,,23.15,531.0,68.82,,all_diets
3761,Vegan Scallops With King Oyster Mushrooms,American,main,,16.08,37.24,86.97,,all_diets
3762,Vegan Meatball Bahn Mi,American,main,,315.67,284.3,149.4,,all_diets
3763,Vegan-Friendly Chocolate Bites,American,main,,27.1,176.27,136.12,,all_diets
3764,Strawberry Rhubarb Jam {Vegan},American,main,,2.48,155.82,22.73,,all_diets
3765,Vegan Cafe Corn Chowder,American,main,,27.46,269.14,100.24,,all_diets
3766,Easy Vegan Brownies,French,main,,39.69,294.28,191.92,,all_diets
3767,Zesty Vegan Italian Casserole,American,main,,81.37,88.44,166.22,,all_diets
3768,Vegan Parmesan-Crusted Cauliflower Wings,American,main,,56.28,65.62,90.77,,all_diets
3769,Vegan Spice Cake,American,main,,34.4,551.66,193.42,,all_diets
3770,Fudgy Vegan Brownies,French,main,,28.65,364.77,168.68,,all_diets
3771,Vegan Spinach Pinwheels Recipes,American,main,,44.84,59.62,60.33,,all_diets
3772,Vegan Noodle Kugel Recipes,Asian,main,,60.29,469.33,108.76,,all_diets
3773,Keto Fat Bombs,American,main,,49.19,79.78,264.4,,all_diets
3774,Keto Egg Bites Recipe,American,main,,92.86,16.19,86.51,,all_diets
3775,Keto Key Lime Mousse,American,main,,27.49,23.58,177.43,,all_diets
3776,Keto Peanut Butter Squares,American,main,,130.0,507.48,362.36,,all_diets
3777,"Yogurt Rice, Reinvented The Keto Way!",Mediterranean,main,,21.23,34.78,27.74,,all_diets
3778,Keto Chicken Pot Pie Casserole Recipe,American,main,,183.07,66.95,330.43,,all_diets
3779,Low-Carb Cloud Bread,American,main,,21.42,4.95,29.16,,all_diets
3780,Cheesy Chaffle Sandwiches With Avocado & Bacon,American,main,,118.4,41.7,171.12,,all_diets
3781,Sf/Gf Orange & Clove Olive Oil Cake (Low-Carb/Keto Friendly),British,main,,74.1,68.95,411.47,,all_diets
3782,Zucchini Noodles With Spicy Meatballs Recipe,Asian,main,,57.79,39.1,86.53,,all_diets
3783,Cauliflower Rice Recipe,South East Asian,main,,21.07,60.61,42.28,,all_diets
3784,Pesto Shrimp Skewers,Italian,main,,17.98,12.66,19.42,,all_diets
3785,Keto Everything Bagel Chicken,American,main,,214.84,17.29,140.76,,all_diets
3786,Keto Chocolate Cake,American,main,,145.06,455.76,576.59,,all_diets
3787,Keto Taco Casserole,Italian,main,,264.06,32.98,358.49,,all_diets
3788,Keto Burger Stuffed Onions,American,main,,104.16,50.23,172.2,,all_diets
3789,Keto Tuna Melt Bites,American,main,,115.3,11.02,160.48,,all_diets
3790,Keto Dogs,American,main,,175.33,76.24,384.92,,all_diets
3791,Keto Taquitos,Mexican,main,,166.99,30.53,217.99,,all_diets
3792,Keto Meatballs,American,main,,125.59,78.78,147.26,,all_diets
3793,Keto Crunchwrap,American,main,,205.38,54.38,343.99,,all_diets
3794,Keto Chili,American,main,,184.02,64.82,222.02,,all_diets
3795,Keto Tortilla Chips,American,main,,75.52,29.82,106.27,,all_diets
3796,Keto Chocolate Truffles,American,main,,22.41,113.66,110.0,,all_diets
3797,Keto Bacon Sushi,Japanese,main,,35.01,42.21,137.85,,all_diets
3798,Keto Egg Salad,American,main,,89.52,26.35,153.53,,all_diets
3799,Keto Sausage Puffs,American,main,,133.15,30.15,278.75,,all_diets
3800,Rosemary Keto Crackers,American,main,,91.17,88.91,176.7,,all_diets
3801,Keto Garlic Bread,American,main,,50.71,24.36,81.73,,all_diets
3802,Keto Breaded Shrimp,Mediterranean,main,,152.34,12.96,142.33,,all_diets
3803,Keto Cloud Bread,American,main,,27.49,12.15,39.9,,all_diets
3804,Keto Stuffed Peppers,American,main,,163.23,67.97,218.55,,all_diets
3805,Keto Taco Cups,Mexican,main,,137.32,27.53,192.25,,all_diets
3806,Keto Beef Stew,French,main,,231.53,51.85,78.22,,all_diets
3807,Keto Stuffed Cabbage,Mediterranean,main,,145.97,45.22,218.91,,all_diets
3808,Keto Chicken Potpie,American,main,,238.42,116.44,365.53,,all_diets
3809,Zucchini Cheesy Bread,Mediterranean,main,,121.69,76.34,105.89,,all_diets
3810,Keto Shepherd'S Pie,American,main,,143.91,63.05,224.7,,all_diets
3811,Keto Burger Fat Bombs,American,main,,94.75,12.94,142.06,,all_diets
3812,Keto Garlic Butter Salmon,Nordic,main,,107.18,4.77,116.69,,all_diets
3813,Best-Ever Keto Tortillas,Mexican,main,,35.92,44.49,64.82,,all_diets
3814,Keto Chicken Parm Pizza,Italian,main,,132.9,13.32,79.22,,all_diets
3815,Keto Corned Beef & Cabbage,Eastern Europe,main,,244.44,56.91,286.48,,all_diets
3816,Best-Ever Keto Quesadillas,Mexican,main,,275.81,42.37,348.36,,all_diets
3817,Keto Sugar-Free Cheesecake,American,main,,93.56,114.96,479.12,,all_diets
3818,Spaghetti Squash Cheesy Bread,Italian,main,,117.11,83.6,119.8,,all_diets
3819,Keto Broccoli Cheddar Soup,American,main,,68.77,52.09,150.23,,all_diets
3820,Bacon-Wrapped Keto Meatloaf,American,main,,234.84,39.35,330.09,,all_diets
3821,Cauliflower Taco Bake,Italian,main,,280.65,50.7,450.6,,all_diets
3822,Keto Bacon And Cheese Biscuits,American,main,,126.35,51.37,283.52,,all_diets
3823,Meatball Zucchini Boats,Italian,main,,153.1,74.7,177.63,,all_diets
3824,Keto Creamy Cheddar Bacon Chicken,French,main,,319.46,31.24,294.22,,all_diets
3825,Keto Peanut Butter Cup Fat Bombs,British,main,,69.74,426.21,264.2,,all_diets
3826,Keto Bolognese,Italian,main,,137.31,96.81,149.41,,all_diets
3827,Keto Jalapeño Popper Stuffed Burgers,French,main,,134.96,326.88,162.47,,all_diets
3828,Custard Keto Donuts,American,main,,37.15,92.23,182.83,,all_diets
3829,Keto Ketchup Recipe,Italian,main,,8.33,42.04,1.01,,all_diets
3830,"Blueberry Donut Holes (Keto, Paleo, Vegan)",American,main,,41.52,121.43,114.45,,all_diets
3831,Keto Broccoli Casserole,American,main,,90.44,45.17,347.03,,all_diets
3832,Keto Salad Dressing,American,main,,14.04,2.67,29.15,,all_diets
3833,Keto Chocolate Chip Toffee,British,main,,10.45,258.87,148.46,,all_diets
3834,Chocolate Peanut Butter Fat Bombs (Keto) Recipes,French,main,,31.3,84.19,177.1,,all_diets
3835,(Salted Caramel!) Pecan Keto Turtle Candy,American,main,,16.65,62.95,111.16,,all_diets
3836,Keto Mixed Green Spring Salad Recipes,South East Asian,main,,18.26,7.44,61.26,,all_diets
3837,Vegetarian Keto Burgers Recipes,American,main,,34.76,54.1,62.81,,all_diets
3838,Keto Crab Dip,American,main,,47.21,7.99,89.28,,all_diets
3839,Keto Vegan Peanut Butter Eggs | Blog,American,main,,150.29,471.7,382.7,,all_diets
3840,Keto Salmon Poke Bowl,Nordic,main,,52.64,22.77,84.28,,all_diets
3841,Keto Almond Butter Fudge Cups,British,main,,41.17,103.31,317.19,,all_diets
3842,Keto Crack Coffee,American,main,,1.8,17.86,24.88,,all_diets
3843,Juicy Keto Oven Baked Ribs Recipe,American,main,,413.71,62.77,380.04,,all_diets
3844,Keto Crepes Recipes,French,main,,39.16,37.06,57.48,,all_diets
3845,Keto Pepper Steak,American,main,,54.18,23.45,24.95,,all_diets
3846,Air Fried Keto Thai Chili Cauliflower Bites,American,main,,23.02,51.98,59.55,,all_diets
3847,Keto Chocolate Cake Recipes,American,main,,42.08,384.28,102.22,,all_diets
3848,Easy Keto Berry Side Salad,American,main,,13.07,14.86,21.18,,all_diets
3849,Healthy Keto Shamrock Shake,American,main,,9.02,51.03,48.16,,all_diets
3850,Classic Keto Eggs Benedict Recipe,French,main,,80.04,69.54,216.85,,all_diets
3851,Pulled Pork Keto Stuffed Mushrooms,American,main,,66.88,54.19,99.83,,all_diets
3852,Keto Cheddar Bay Biscuits And Bacon Butter,American,main,,118.99,49.71,352.89,,all_diets
3853,Keto Bbq Liver Meatballs,American,main,,101.05,132.42,112.01,,all_diets
3854,Coffee Rubbed Steak (Paleo + Keto),American,main,,93.25,17.35,37.13,,all_diets
3855,Keto Collagen Chocolate Peanut Butter Mousse,American,main,,48.19,119.65,234.69,,all_diets
3856,Keto Philly Cheesesteak Pizza,Italian,main,,229.51,354.47,245.24,,all_diets
3857,Keto Meatballs Alla Parmigiana,Italian,main,,208.71,39.45,232.99,,all_diets
3858,Keto Loaded Egg Salad,American,main,,120.99,22.48,258.43,,all_diets
3859,"Turmeric Chicken Skillet (Paleo, Whole30 + Keto)",Mediterranean,main,,168.36,218.61,79.87,,all_diets
3860,"Keto And Gluten-Free Spinach, Feta, And Tomato Wraps For Two",Mediterranean,main,,33.52,26.78,42.5,,all_diets
3861,"One Pan Mediterranean Chicken Skillet (Paleo, Whole30 + Keto)",Mediterranean,main,,260.71,74.84,46.11,,all_diets
3862,"Low Carb Pumpkin French Toast Bake (Keto, Grain Free, Sugar Free)",French,main,,60.86,237.65,154.36,,all_diets
3863,"Blueberry Cream Cheese Low-Carb, Keto Filling",American,main,,14.57,31.47,78.15,,all_diets
3864,Sara Louise'S Keto Tuna Melt On A Log,American,main,,180.96,46.92,145.47,,all_diets
3865,Taco Stuffed Bell Peppers (Whole30 + Keto),Mexican,main,,112.86,365.36,96.42,,all_diets
3866,Keto Hash Browns With Grated Radishes,American,main,,15.06,43.85,71.71,,all_diets
3867,Keto Chicken And Broccoli Alfredo Bake,Italian,main,,218.7,94.24,140.6,,all_diets
3868,Keto Stuffed Chicken Breast Recipe,Mediterranean,main,,85.75,31.59,170.38,,all_diets
3869,Creamy Keto Meatballs And Slaw,American,main,,256.2,79.15,384.89,,all_diets
3870,"Low Carb, Keto Friendly Buffalo Chicken Meatballs",American,main,,115.64,9.41,95.36,,all_diets
3871,Keto Double Chocolate Chip Mug Cake,American,main,,14.01,39.76,35.37,,all_diets
3872,Sugar Free Maple Almond Fudge Fat Bomb,American,main,,26.69,36.97,142.62,,all_diets
3873,Raspberry Chocolate Chip Magic Squares,American,main,,21.98,189.39,186.6,,all_diets
3874,Mango Popsicles,American,main,,27.85,88.59,53.01,,all_diets
3875,Thai River Noodles With Chicken (Pad See Ew),South East Asian,main,,262.88,767.83,35.73,,all_diets
3876,Spicy Pulled Pork Lettuce Wraps Recipes,American,main,,117.2,9.28,73.87,,all_diets
3877,Sambal Oelek,Caribbean,main,,1.87,11.05,0.44,,all_diets
3878,Titanic Stuffed Marrow Farci,Italian,main,,34.09,75.25,73.94,,all_diets
3879,Keto Ciabatta With Keto Toppings,Italian,main,,67.62,30.0,143.76,,all_diets
3880,Low Carb Pasta A La Carbonara Recipes,Italian,main,,49.4,14.58,88.64,,all_diets
3881,Low Carb Pepperoni Pizza Meatballs (Gluten,Italian,main,,146.41,34.31,207.44,,all_diets
3882,Butternut Squash Mac And Cheese,American,main,,116.54,100.72,190.88,,all_diets
3883,Keto Pizza,Italian,main,,28.1,24.98,20.21,,all_diets
3884,Keto Mousse,French,main,,25.2,31.84,205.74,,all_diets
3885,Keto Cheesecake,American,main,,121.6,142.87,563.86,,all_diets
3886,Scalloped Cabbage,French,main,,73.91,74.89,139.84,,all_diets
3887,Cucumber Radish Salad,South American,main,,4.39,21.65,54.75,,all_diets
3888,Keto Tortillas,Mexican,main,,33.86,39.85,65.7,,all_diets
3889,Keto Flan,Mediterranean,main,,26.5,17.99,121.35,,all_diets
3890,Keto Flappers,American,main,,54.66,39.12,80.76,,all_diets
3891,Paleo Vegan Chocolate Chia Seed Pudding,British,main,,13.07,31.71,15.51,,all_diets
3892,Low-Carb Roasted Pumpkin Spice Pecans,American,main,,18.5,33.1,170.41,,all_diets
3893,Keto Lasagna,Italian,main,,215.67,55.1,246.82,,all_diets
3894,Keto Meatloaf,American,main,,152.26,15.98,131.28,,all_diets
3895,Keto Roti,American,main,,10.49,19.64,6.35,,all_diets
3896,Keto Onigiri,Nordic,main,,51.46,29.37,68.14,,all_diets
3897,Keto Vinaigrette,French,main,,1.72,7.79,162.12,,all_diets
3898,Keto Waffles,Mediterranean,main,,33.53,25.78,75.41,,all_diets
3899,Keto Hashbrowns,American,main,,31.03,15.4,33.51,,all_diets
3900,Keto Gnocchi,Italian,main,,12.28,8.66,10.59,,all_diets
3901,Keto Moussaka,Mediterranean,main,,145.21,116.99,297.39,,all_diets
3902,Instant Pot Beef And Broccoli,French,main,,155.16,73.22,110.52,,all_diets
3903,Keto Bread From Keto Connect Recipe,American,main,,162.14,921.24,86.36,,all_diets
3904,Keto Bagels,American,main,,53.48,39.05,87.62,,all_diets
3905,Keto Quesadillas,Mexican,main,,97.96,95.68,150.46,,all_diets
3906,Keto Crepes,Mediterranean,main,,65.09,22.34,207.96,,all_diets
3907,Chocolate Lava Cakes,American,main,,18.22,50.69,80.62,,all_diets
3908,Keto Steak,Italian,main,,90.75,0.94,87.86,,all_diets
3909,Keto~Mayo,Mediterranean,main,,7.82,1.24,224.41,,all_diets
3910,Keto Bread,American,main,,8.06,7.16,45.79,,all_diets
3911,Keto Frittata,Italian,main,,95.83,26.91,120.55,,all_diets
3912,Fat Burning Deviled Eggs,Mediterranean,main,,33.09,13.35,54.99,,all_diets
3913,Spooky Halloween Blackberry Jelly Bats,American,main,,59.59,23.29,1.15,,all_diets
3914,Keto Sausage Balls,American,main,,162.23,43.18,273.12,,all_diets
3915,Cauliflower Chicken Fried Rice,Chinese,main,,136.76,50.43,89.11,,all_diets
3916,Keto Cauliflower Bake,American,main,,65.77,36.13,180.24,,all_diets
3917,Keto Creme Brulee,French,main,,18.35,20.2,190.42,,all_diets
3918,Keto Chia Pudding,British,main,,34.45,38.45,18.68,,all_diets
3919,Cabbage~Brussel Sprout Slaw,Central Europe,main,,3.18,23.75,94.74,,all_diets
3920,Keto Condensed Milk,American,main,,3.48,11.42,141.73,,all_diets
3921,Keto Hamburger Hash,American,main,,159.34,26.84,65.4,,all_diets
3922,Keto Whipped Cream,French,main,,4.88,18.88,88.06,,all_diets
3923,Keto Margaritas Recipes,World,main,,0.47,7.08,0.13,,all_diets
3924,Keto Garlic Chicken,American,main,,278.5,37.38,202.14,,all_diets
3925,Keto Nacho Crisps,Mexican,main,,40.88,3.16,57.38,,all_diets
3926,Keto Pumpkin Bake,American,main,,43.45,48.79,98.11,,all_diets
3927,Chocolate Truffles,French,main,,97.43,199.83,317.72,,all_diets
3928,Keto Bounty Balls,American,main,,5.95,71.26,101.43,,all_diets
3929,Keto Deviled Eggs,American,main,,48.84,3.52,60.07,,all_diets
3930,Keto Cheesecake Recipes,British,main,,63.55,32.56,264.45,,all_diets
3931,Keto Beef Enchiladas,American,main,,309.41,42.76,360.05,,all_diets
3932,Keto Coconut Shrimp,Mediterranean,main,,94.21,63.27,198.81,,all_diets
3933,Keto Lemon Bars,American,main,,43.31,37.35,150.99,,all_diets
3934,Keto Zuppa Toscana,Italian,main,,129.91,60.36,288.78,,all_diets
3935,Keto Lava Cake,Italian,main,,7.98,10.31,11.61,,all_diets
3936,Keto Chicken Parmesan,American,main,,251.06,28.09,173.88,,all_diets
3937,Keto Noodles Recipe,Asian,main,,79.74,13.36,115.28,,all_diets
3938,Cajun Keto Crackers,American,main,,114.88,28.39,160.4,,all_diets
3939,Keto Pumpkin Soup,American,main,,29.99,78.79,135.78,,all_diets
3940,Keto Pizza Crust,Italian,main,,63.02,33.96,51.77,,all_diets
3941,Keto Peppermint Mocha,American,main,,2.07,4.72,1.19,,all_diets
3942,Keto Chicken Salad,Mexican,main,,56.25,43.55,149.58,,all_diets
3943,Lemonade Chicken,American,main,,373.62,18.7,43.71,,all_diets
3944,Keto Vanilla Pudding,British,main,,15.8,23.68,112.3,,all_diets
3945,Keto Cheesy Eggs,American,main,,43.94,3.04,96.5,,all_diets
3946,Keto Crescent Dogs,American,main,,166.49,34.93,267.99,,all_diets
3947,Keto Blt Bites,American,main,,62.15,43.66,73.72,,all_diets
3948,Keto Cheese Meatballs,American,main,,118.08,6.55,131.91,,all_diets
3949,Keto Avocado Fries,American,main,,93.17,66.17,168.71,,all_diets
3950,Keto Pumpkin Bread,American,main,,28.78,31.33,113.55,,all_diets
3951,Keto Sriracha Mayo,South East Asian,main,,0.22,3.83,178.0,,all_diets
3952,Keto Avocado Dip,Caribbean,main,,11.03,59.95,59.43,,all_diets
3953,Keto Orange Creamsicles,American,main,,4.88,48.22,88.06,,all_diets
3954,Keto Crustless Quiche,French,main,,145.52,23.95,286.14,,all_diets
3955,Coconut Macaroons,French,main,,11.76,75.07,62.84,,all_diets
3956,Keto Stuffed Artichokes,Mediterranean,main,,34.57,40.75,114.23,,all_diets
3957,Keto Pie Crust,American,main,,57.68,96.27,155.31,,all_diets
3958,Keto Cabbage Salad,Middle Eastern,main,,6.05,13.76,25.26,,all_diets
3959,Keto Waffles Recipes,Mediterranean,main,,34.01,71.95,127.4,,all_diets
3960,Keto Pizza Chicken,Italian,main,,312.74,44.29,307.03,,all_diets
3961,Keto Pink Lemonade,Caribbean,main,,5.98,51.45,1.69,,all_diets
3962,Keto Shrimp Scampi,South American,main,,133.83,331.82,58.61,,all_diets
3963,Keto Panna Cotta,Italian,main,,38.73,121.28,222.83,,all_diets
3964,Keto Chocolate Shake,American,main,,21.1,38.16,195.52,,all_diets
3965,Keto Eggnog Recipes,American,main,,39.75,76.44,243.62,,all_diets
3966,Nutty Keto Chcocolate,American,main,,13.45,27.01,180.93,,all_diets
3967,Keto Fried Chicken,American,main,,144.72,30.81,202.39,,all_diets
3968,Keto Jalapeño Poppers,French,main,,31.03,11.72,96.54,,all_diets
3969,Keto Chocolate Mousse,French,main,,8.77,36.14,99.24,,all_diets
3970,"Keto Chocolate Cashew Cream Bites - Keto, Paleo, Vegan",American,main,,54.58,120.22,210.31,,all_diets
3971,Keto Cauliflower Gratin,French,main,,31.08,31.9,61.99,,all_diets
3972,Keto Pumpkin Pie,American,main,,35.05,55.79,79.23,,all_diets
3973,Keto Parmesan Meatballs,Italian,main,,236.97,17.45,244.23,,all_diets
3974,Keto Honey Mustard,American,main,,0.62,3.08,89.16,,all_diets
3975,Keto Antipasto Skewers,Italian,main,,165.42,8.11,276.26,,all_diets
3976,Deviled Eggs (Keto),Mediterranean,main,,101.59,15.32,104.48,,all_diets
3977,Keto Potato Salad,American,main,,20.46,83.52,62.05,,all_diets
3978,Keto Mashed Cauliflower,American,main,,32.19,75.85,117.07,,all_diets
3979,Keto Fudge Recipes,American,main,,5.36,44.76,233.0,,all_diets
3980,Keto Pizza Recipes,Italian,main,,87.58,41.23,149.7,,all_diets
3981,Keto Almond Bread,American,main,,12.67,8.04,30.28,,all_diets
3982,Keto Jalapeno Poppers,Mexican,main,,35.31,14.29,125.68,,all_diets
3983,Keto Pot Pie,American,main,,233.05,384.96,231.92,,all_diets
3984,Keto Chicken Cutlets,French,main,,237.83,41.18,181.19,,all_diets
3985,Keto Casserole Recipes,Italian,main,,207.98,31.56,355.12,,all_diets
3986,Keto Beef Brisket,British,main,,325.11,16.4,431.93,,all_diets
3987,Keto Shrimp Alfredo,Italian,main,,161.94,48.16,207.62,,all_diets
3988,Keto Chicken Strips,American,main,,163.47,4.71,176.78,,all_diets
3989,Keto Pumpkin Chili,American,main,,215.81,178.43,129.92,,all_diets
3990,Keto Pizza With Pepperoni,Italian,main,,63.06,32.31,79.06,,all_diets
3991,Almond Keto Hummus,Mediterranean,main,,36.9,47.5,106.68,,all_diets
3992,Keto Butter Burgers,American,main,,91.8,1.77,121.45,,all_diets
3993,Fish Nuggets (Keto),Mediterranean,main,,121.07,3.12,72.49,,all_diets
3994,Keto Teriyaki Beef,Japanese,main,,101.88,5.57,27.28,,all_diets
3995,Keto Taco Salad,Mexican,main,,159.84,62.11,241.17,,all_diets
3996,Keto Sushi Recipes,Japanese,main,,50.73,50.43,80.83,,all_diets
3997,Keto Okonomi Sauce,World,main,,5.59,26.02,9.62,,all_diets
3998,Keto Homemade Mayo,American,main,,5.45,2.27,225.06,,all_diets
3999,Keto Taco Shells,Mexican,main,,21.47,22.41,28.4,,all_diets
4000,Crustless Keto Cheesecake,American,main,,79.51,105.99,423.9,,all_diets
4001,Keto Avocado Dessert,American,main,,5.27,21.55,51.49,,all_diets
4002,Keto Chicken Taquitos,Mexican,main,,95.91,23.38,106.85,,all_diets
4003,Spooky Halloween Spiced Carrot Jellies,American,main,,49.71,27.03,0.59,,all_diets
4004,Keto Chicken Piccata,French,main,,194.27,13.27,160.06,,all_diets
4005,Keto Caesar Salad,American,main,,25.94,15.13,37.12,,all_diets
4006,Keto Rye Bagel,Eastern Europe,main,,119.08,43.44,167.82,,all_diets
4007,Keto Mug Lasagne,Italian,main,,49.11,11.62,73.96,,all_diets
4008,Keto Pizza Dip,Italian,main,,70.78,33.6,119.7,,all_diets
4009,Ez Keto Pizza,Italian,main,,127.5,25.61,213.62,,all_diets
4010,Tuscan Keto Chicken,Italian,main,,271.64,29.01,169.33,,all_diets
4011,Keto Pimento Cheese,South American,main,,69.63,21.08,199.18,,all_diets
4012,Keto Butter Chicken,American,main,,157.6,55.84,114.83,,all_diets
4013,Keto Cheddar Biscuits,American,main,,68.93,173.85,46.0,,all_diets
4014,Keto Salad Recipes,American,main,,47.16,30.61,65.69,,all_diets
4015,Keto Tuna Salad,American,main,,169.41,24.22,90.26,,all_diets
4016,Ultimate Keto Hamburgers,American,main,,60.89,64.68,115.62,,all_diets
4017,Keto Krab Kakes,American,main,,95.15,26.93,93.95,,all_diets
4018,Dublin Coddle | Keto,American,main,,108.42,71.48,203.66,,all_diets
4019,Greek Keftedes (Keto),Mediterranean,main,,104.13,27.04,94.8,,all_diets
4020,Keto Za'Atar Buns,Mediterranean,main,,43.81,28.82,124.03,,all_diets
4021,Easy Keto Meatballs,American,main,,274.94,18.12,323.69,,all_diets
4022,Low Carb Meatballs Alla Parmigiana,Italian,main,,184.22,36.65,205.05,,all_diets
4023,Keto Beef Wellington,British,main,,53.77,11.15,86.13,,all_diets
4024,Keto Salmon Nuggets,Nordic,main,,200.55,58.29,132.99,,all_diets
4025,Keto Mozzarella Sticks,Italian,main,,75.05,18.11,66.24,,all_diets
4026,Keto Raspberry Fudge,American,main,,28.45,40.64,302.77,,all_diets
4027,Avocado Keto Hummus,Mediterranean,main,,19.39,46.51,77.36,,all_diets
4028,Keto Meatloaf Recipe,American,main,,134.58,37.58,265.63,,all_diets
4029,Keto Avocado Salsa,Mexican,main,,10.92,50.64,87.58,,all_diets
4030,Keto Zucchini Lasagna,Italian,main,,319.91,94.76,360.94,,all_diets
4031,Keto Apple Crisp,American,main,,25.26,64.02,110.89,,all_diets
4032,Keto Blueberry Biscuits,American,main,,89.7,208.07,367.33,,all_diets
4033,Sara Louise'S Keto Keto Southern Chicken Fried Steak,American,main,,418.37,46.63,434.84,,all_diets
4034,Keto Chicken Divan,American,main,,248.66,51.4,246.64,,all_diets
4035,Keto Lobster Cakes,American,main,,98.58,9.85,43.58,,all_diets
4036,Keto Steak And Eggs,American,main,,40.01,5.81,47.38,,all_diets
4037,2 Ingredient Keto Pasta,Italian,main,,58.83,7.03,68.54,,all_diets
4038,Keto Cauliflower Tabbouleh,Middle Eastern,main,,17.9,50.93,90.54,,all_diets
4039,Keto Caramel Cake,American,main,,123.47,527.23,258.11,,all_diets
4040,Keto Okonomiyaki Recipes,French,main,,21.37,23.35,100.43,,all_diets
4041,Keto Chili Recipes,American,main,,156.97,69.74,236.85,,all_diets
4042,Keto Ny Cheesecake,American,main,,67.15,42.75,314.17,,all_diets
4043,Creamy Keto Carbonara,Italian,main,,45.83,80.89,92.68,,all_diets
4044,Keto Cuban Sandwich,Caribbean,main,,143.61,59.18,229.7,,all_diets
4045,Homemade Keto Moonpies,American,main,,67.75,296.29,248.01,,all_diets
4046,Keto Marinated Cheese,American,main,,63.28,24.95,253.05,,all_diets
4047,Zucchini Breadsticks,Italian,main,,83.48,19.97,89.71,,all_diets
4048,Keto Taco Skillet,Mexican,main,,249.07,34.5,118.19,,all_diets
4049,Keto Chicken Fritters,American,main,,133.95,21.22,163.38,,all_diets
4050,Keto Italian Grilled Fish | Low-Carb Keto Fish Recipe,Italian,main,,201.26,1.92,71.41,,all_diets
4051,Keto Fish Pie,American,main,,136.85,84.33,269.44,,all_diets
4052,Keto Mug Cake,American,main,,19.73,87.96,30.93,,all_diets
4053,Keto Banana Pudding,British,main,,49.05,187.27,345.3,,all_diets
4054,Keto Chicken And Peppers,British,main,,91.62,86.47,117.3,,all_diets
4055,Keto Chocolate-Coconut Mousse,French,main,,15.39,9.46,16.57,,all_diets
4056,Keto Cocoa Mug Cake,American,main,,22.33,17.21,57.84,,all_diets
4057,Keto 90 Second Bread,French,main,,13.67,10.03,24.27,,all_diets
4058,Blueberry Cheesecake Keto,American,main,,93.43,382.29,131.79,,all_diets
4059,Keto Chocolate Mini Cheesecakes,American,main,,42.28,47.39,212.13,,all_diets
4060,Mounds Keto Fat Bomb,American,main,,12.02,45.95,193.48,,all_diets
4061,Keto Pumpkin Spice Martini,American,main,,3.06,3.93,25.23,,all_diets
4062,Keto Bacon Cheeseburger Casserole,American,main,,176.27,11.32,352.91,,all_diets
4063,Keto Fried Coconut Shrimp,Mediterranean,main,,32.8,63.57,146.25,,all_diets
4064,Filipino Chicken Adobo,Asian,main,,45.84,34.22,50.88,,all_diets
4065,Keto Smothered Pork Chops,American,main,,206.46,49.06,218.8,,all_diets
4066,Easy Keto Zucchini Frittata,Italian,main,,51.07,29.01,98.83,,all_diets
4067,Simple Cauliflower Keto Casserole,Italian,main,,34.78,18.28,83.0,,all_diets
4068,Brazilian Keto Shrimp Stew,South American,main,,146.23,33.22,107.08,,all_diets
4069,Easy Keto Beef Tacos,Mexican,main,,151.48,26.84,216.18,,all_diets
4070,Keto Chicken Taco Shells,Mexican,main,,99.9,3.12,61.28,,all_diets
4071,Keto Cauliflower Hash Browns,American,main,,49.86,20.03,61.7,,all_diets
4072,Spooky Halloween Low-Carb Pizza,Italian,main,,60.56,213.5,53.45,,all_diets
4073,Keto! Avocodo Chocolate Pudding,British,main,,8.24,29.86,32.41,,all_diets
4074,Keto Sweetened Condensed Milk,American,main,,9.87,93.1,214.32,,all_diets
4075,Keto Spinach Stuffed Chicken,Italian,main,,230.26,4.42,149.39,,all_diets
4076,Keto Egg Drop Soup,Chinese,main,,21.31,9.11,60.88,,all_diets
4077,Keto-Friendly Cinnamon Biscuits,American,main,,50.8,32.85,118.02,,all_diets
4078,Keto Brown Butter Pralines,American,main,,25.17,35.37,398.91,,all_diets
4079,Keto Blueberry Lemon Muffins,American,main,,71.25,66.39,258.79,,all_diets
4080,Keto Cabbage Beef Stew,American,main,,350.23,146.21,71.28,,all_diets
4081,Keto Maple Glazed Ham,American,main,,603.05,211.03,312.79,,all_diets
4082,Keto Smothered Chicken Thighs,Mediterranean,main,,127.15,15.34,174.88,,all_diets
4083,Keto Smothered Green Beans,American,main,,93.62,38.53,169.33,,all_diets
4084,Keto Chicken Nuggets Recipes,American,main,,32.52,3.99,23.14,,all_diets
4085,Keto Pizza Chips Recipes,Italian,main,,120.21,1.61,211.79,,all_diets
4086,Keto Parmesan Roasted Broccoli,British,main,,36.86,21.07,48.44,,all_diets
4087,Lazy Keto Chicken Recipes,American,main,,115.17,7.89,116.85,,all_diets
4088,Keto Chocolate Mousse Recipes,French,main,,26.65,90.2,127.47,,all_diets
4089,Keto Chicken Crust Pizza,Italian,main,,121.29,8.74,78.52,,all_diets
4090,Keto Zucchini Dip Recipes,American,main,,7.53,12.68,120.49,,all_diets
4091,Keto Low Carb Tortillas,Mexican,main,,22.27,20.22,35.77,,all_diets
4092,Keto Egg Salad Recipes,American,main,,52.53,13.15,157.18,,all_diets
4093,Classic Pub Goulash (Keto),American,main,,108.19,55.27,63.37,,all_diets
4094,Keto Strawberry Fat Bombs,French,main,,14.41,21.27,159.68,,all_diets
4095,Mayo-Free Avocado Green Goddess Dressing,Caribbean,main,,5.34,22.77,138.31,,all_diets
4096,Keto Bone Broth Latte,American,main,,0.26,1.53,26.54,,all_diets
4097,Keto Sausage Egg Casserole,Italian,main,,163.99,16.37,220.17,,all_diets
4098,Keto Low Carb Flatbread,American,main,,137.31,25.3,174.15,,all_diets
4099,Keto Nut Pralines Recipes,American,main,,48.65,96.64,332.16,,all_diets
4100,Keto Zucchini Fritters Recipe,South East Asian,main,,35.11,92.12,76.4,,all_diets
4101,Keto Creamsicle Jello Recipes,American,main,,11.21,21.29,133.44,,all_diets
4102,Keto Chocolate Pudding Recipes,British,main,,8.25,17.91,24.85,,all_diets
4103,Easy Keto Fried Halloumi,Chinese,main,,32.29,9.76,75.29,,all_diets
4104,Keto Lemon Mug Cake,British,main,,11.76,27.03,28.81,,all_diets
4105,Collagen Keto Chocolate Mousse,American,main,,13.73,44.37,30.89,,all_diets
4106,Keto Cinnamon Fat Bombs,Indian,main,,4.85,13.46,253.72,,all_diets
4107,Creamy Mushroom Keto Casserole,French,main,,286.77,58.87,341.38,,all_diets
4108,"Cinnabombs (Keto, Paleo, Vegan)",American,main,,17.52,17.89,100.77,,all_diets
4109,Keto Blueberry Ice Cream,American,main,,7.11,18.59,98.01,,all_diets
4110,Walnut Keto Fudge Recipes,American,main,,17.41,45.35,166.73,,all_diets
4111,Keto Brussel Sprouts Casserole,Italian,main,,62.81,84.39,64.27,,all_diets
4112,Keto Pancake Breakfast Sandwich,American,main,,21.78,3.68,52.63,,all_diets
4113,Keto Buddha Bowl Recipe,British,main,,31.21,73.78,112.43,,all_diets
4114,Keto Parmesan Cauliflower Risotto,Italian,main,,22.27,30.04,55.67,,all_diets
4115,Keto Bacon Burger Bombs,American,main,,177.36,13.04,336.54,,all_diets
4116,Cheesy Keto Pizza Crust,Italian,main,,34.24,7.21,47.55,,all_diets
4117,Keto Chocolate Fat Bombs,French,main,,34.63,60.92,184.27,,all_diets
4118,Keto Guacamole Egg Stacks,American,main,,14.96,15.11,23.24,,all_diets
4119,Keto Bacon Cheeseburger Soup,American,main,,160.71,64.62,240.86,,all_diets
4120,Low Carb Baked Beans With Beef,American,main,,183.68,114.11,166.31,,all_diets
4121,Keto Raspberry Valentines Recipes,American,main,,7.55,17.0,139.56,,all_diets
4122,Keto Fried Mozzarella Bites,Italian,main,,57.18,39.42,113.75,,all_diets
4123,Keto Chicken-Broccoli Casserole,Italian,main,,136.12,26.1,214.11,,all_diets
4124,Keto Chicken Pesto Burgers,American,main,,131.09,14.73,107.32,,all_diets
4125,Keto Breakfast Tacos Recipes,Mexican,main,,113.6,18.01,170.84,,all_diets
4126,Keto Spinach Pesto Flatbread,Italian,main,,92.48,32.8,148.68,,all_diets
4127,Keto Flatbread Pizza Recipe,Italian,main,,77.72,59.31,169.34,,all_diets
4128,Garlic Parmesan Keto Croutons,Italian,main,,23.3,37.68,44.5,,all_diets
4129,Keto Pizza In A Bowl,Italian,main,,64.92,1.03,105.03,,all_diets
4130,Keto Pancakes: Cinnamon Delight,American,main,,28.94,36.86,157.86,,all_diets
4131,Keto Jalapeno Popper Bites,French,main,,158.56,49.97,277.41,,all_diets
4132,Keto Cream Cheese Waffles,American,main,,53.57,28.28,94.38,,all_diets
4133,Keto Buffalo Chicken Taquitos,American,main,,101.01,4.97,174.56,,all_diets
4134,Savory Keto Cauliflower Mash,British,main,,19.56,49.45,17.55,,all_diets
4135,Keto Garlic Gnocchi Recipes,Italian,main,,56.61,8.61,63.76,,all_diets
4136,Keto Neapolitan Chia Pudding,British,main,,19.05,52.65,34.11,,all_diets
4137,Keto Philly Cheesesteak Omelet,American,main,,61.45,8.99,83.91,,all_diets
4138,Quick Keto Chocolate Mousse,American,main,,9.6,13.79,74.63,,all_diets
4139,Keto Chocolate Souffle' Recipes,French,main,,50.09,44.97,99.54,,all_diets
4140,Keto Taco Bake Recipe,Mexican,main,,139.96,33.93,128.84,,all_diets
4141,Keto Cheddar Bay Biscuits,American,main,,47.64,22.76,109.96,,all_diets
4142,Keto Jalapeño Popper Bread,Mexican,main,,63.28,189.3,176.56,,all_diets
4143,Keto Lemon Garlic Shrimp,Mediterranean,main,,92.9,10.08,39.16,,all_diets
4144,Keto Pumpkin Carbonara Recipes,Italian,main,,91.37,253.9,138.47,,all_diets
4145,Rosemary Almond Keto Crackers,French,main,,94.02,65.15,195.65,,all_diets
4146,Keto Spinach-Artichoke Chicken,Mediterranean,main,,263.01,36.24,163.05,,all_diets
4147,Keto Peanut Butter Mousse,French,main,,23.49,22.81,115.99,,all_diets
4148,Keto Hazelnut Truffles Recipes,American,main,,12.9,55.5,74.01,,all_diets
4149,Keto Pie Crust Recipes,American,main,,34.13,79.9,72.89,,all_diets
4150,Keto Paprika Chicken Recipes,Mediterranean,main,,247.63,28.25,71.03,,all_diets
4151,Keto White Chicken Chili,American,main,,264.33,52.56,469.1,,all_diets
4152,Keto Paleo Fat Bomb,French,main,,24.77,61.79,99.51,,all_diets
4153,Keto Classic Salad Recipe,American,main,,15.98,14.88,13.42,,all_diets
4154,Keto Spaghetti Alla Carbonara,Italian,main,,187.41,497.15,156.57,,all_diets
4155,Blueberry Keto Cake Recipes,American,main,,52.14,68.4,138.8,,all_diets
4156,Keto Crab Dip Soup,American,main,,156.46,46.93,205.16,,all_diets
4157,Keto Stuffed Pork Chops,American,main,,213.19,14.68,172.91,,all_diets
4158,Easy Keto Berry Pavlova,Eastern Europe,main,,15.09,32.01,44.72,,all_diets
4159,Keto Chicken Queso Flameado,Caribbean,main,,71.25,3.28,58.38,,all_diets
4160,Pork Rind Keto Bread,American,main,,144.68,15.62,206.49,,all_diets
4161,Keto Creamed Spinach Recipe,French,main,,12.52,13.59,129.29,,all_diets
4162,Whole30 + Keto Ranch Dressing,American,main,,1.51,5.32,14.23,,all_diets
4163,Keto Pesto Chicken Pasta,Italian,main,,93.66,25.74,125.36,,all_diets
4164,Keto Chicken Parmi Bowl,Italian,main,,176.23,91.02,205.88,,all_diets
4165,Easy Keto Sesame Broccoli,Chinese,main,,18.72,36.85,33.67,,all_diets
4166,Cheesy Keto Pinwheels Recipes,American,main,,82.63,342.01,105.41,,all_diets
4167,Easy Baked Keto Goulash,American,main,,230.67,109.89,111.04,,all_diets
4168,Spinach & Watercress Keto Salad,Middle Eastern,main,,32.9,26.88,103.77,,all_diets
4169,Crunchy Keto Pita Chips,Middle Eastern,main,,32.99,20.05,52.57,,all_diets
4170,Keto Crab Stuffed Mushrooms,American,main,,77.73,14.88,74.3,,all_diets
4171,Keto Sausage Balls Recipes,American,main,,168.99,32.34,270.93,,all_diets
4172,Easy Keto Marinara Chicken,Italian,main,,59.28,7.53,26.75,,all_diets
4173,Keto-Pesto-Cauliflower-Casserole,Italian,main,,95.72,68.1,207.92,,all_diets
4174,Keto Kentucky Bourbon Balls,American,main,,11.89,205.13,175.95,,all_diets
4175,Keto Fudge Popsicles Recipe,American,main,,11.95,24.17,125.38,,all_diets
4176,Bacon And Mushroom Smothered Pork Chops,American,main,,217.87,39.37,244.39,,all_diets
4177,Keto Cheesy Chicken Fritters,American,main,,103.22,8.42,89.1,,all_diets
4178,Soft Keto Tortilla Recipe,Mexican,main,,31.11,39.02,53.09,,all_diets
4179,Keto Chocolate Bundt Cake,Central Europe,main,,47.43,331.85,192.87,,all_diets
4180,Keto Spinach Pizza Frittata,Italian,main,,128.65,15.66,174.49,,all_diets
4181,Keto Eggplant Lasagna Recipe,Italian,main,,220.56,91.59,238.69,,all_diets
4182,Keto Parmesan Fish Patties,American,main,,514.29,47.58,134.68,,all_diets
4183,Keto Bacon Cheeseburger Wellington,British,main,,90.93,19.05,150.76,,all_diets
4184,Keto Spicy Fried Chicken,American,main,,285.4,7.74,198.71,,all_diets
4185,Easy Raspberry Keto Cheesecake,American,main,,20.24,34.03,146.91,,all_diets
4186,Keto Cheesecake Stuffed Strawberries,American,main,,18.09,98.65,118.1,,all_diets
4187,Keto Egg Casserole Bake,Italian,main,,99.69,17.75,138.94,,all_diets
4188,Keto Chocolate Waffles Recipes,Mediterranean,main,,38.23,84.39,130.34,,all_diets
4189,Keto Jalapeno Poppers Dip,Mexican,main,,74.96,50.23,158.17,,all_diets
4190,Keto Cheesy Shrimp Fritters,South East Asian,main,,96.15,13.16,62.85,,all_diets
4191,Keto Cabbage With Bacon Recipes,American,main,,16.43,9.6,46.18,,all_diets
4192,Keto Lupin Flour Biscuits,American,main,,105.88,100.07,158.19,,all_diets
4193,Keto Bacon Ranch Dressing,American,main,,24.91,8.19,180.78,,all_diets
4194,Keto Brownie Mug Cake,French,main,,4.23,16.7,19.84,,all_diets
4195,Keto Cauliflower Pepper Soup,American,main,,12.08,23.42,59.09,,all_diets
4196,Keto Spaghetti Squash Carbonara,Italian,main,,38.48,33.93,54.81,,all_diets
4197,Vegetarian Keto Club Salad,American,main,,51.38,19.65,83.01,,all_diets
4198,Keto Orange Fat Bombs,Mediterranean,main,,8.45,10.49,138.45,,all_diets
4199,Keto Tomato Bisque Soup,French,main,,37.69,95.54,92.09,,all_diets
4200,Keto Ceasar Salad Recipes,American,main,,46.87,10.31,144.09,,all_diets
4201,Keto Mocha Mousse Recipes,American,main,,22.27,103.4,169.47,,all_diets
4202,Keto Vanilla-Nutmeg “Oatmeal”,American,main,,7.58,16.28,56.01,,all_diets
4203,Low Carb Keto Biscuits,British,main,,66.98,42.21,181.33,,all_diets
4204,No-Crust Keto Pumpkin Pie,British,main,,28.95,57.48,107.78,,all_diets
4205,Cheesy Keto Creamed Spinach,French,main,,37.82,21.6,76.83,,all_diets
4206,Keto Paleo Tzatziki Recipes,Mediterranean,main,,9.81,23.49,110.44,,all_diets
4207,Keto Tater Tot Casserole,American,main,,151.71,42.19,151.02,,all_diets
4208,Keto Food Journal — Steemit,Mediterranean,main,,33.93,22.29,108.8,,all_diets
4209,Keto Mississippi Roast Recipes,British,main,,373.37,34.63,185.77,,all_diets
4210,Nsng Keto Salmon Patties,Nordic,main,,107.0,18.99,62.94,,all_diets
4211,Keto Zucchini Noodles With Meatballs,Asian,main,,101.73,17.72,107.67,,all_diets
4212,Easy Keto Naan Recipe,Indian,main,,127.89,45.96,193.52,,all_diets
4213,Keto Southern Style Meatloaf,American,main,,177.5,47.0,196.68,,all_diets
4214,Keto Crispy Pork Cutlets,American,main,,157.36,6.05,227.96,,all_diets
4215,Keto Mock Potato Salad,American,main,,45.67,66.83,110.63,,all_diets
4216,Keto Chili Stuffed Peppers,American,main,,149.48,99.44,213.19,,all_diets
4217,Keto Tuna Fish Salad,American,main,,69.72,31.61,36.04,,all_diets
4218,Keto Chicken Zucchini Meatballs,American,main,,49.88,9.38,29.89,,all_diets
4219,Keto Bacon And Roasted Cabbage,American,main,,25.56,34.74,58.12,,all_diets
4220,Keto Bunless Bacon Cheeseburger,American,main,,128.3,12.66,182.48,,all_diets
4221,Keto Easter Chocolate Nests,French,main,,44.04,118.92,184.6,,all_diets
4222,Keto Philly Cheesesteak Skillet,American,main,,172.49,60.51,188.29,,all_diets
4223,Keto Honey Mustard Dressing,American,main,,4.89,17.01,182.03,,all_diets
4224,Keto Cauliflower Spanish Rice,Mediterranean,main,,15.96,56.49,56.98,,all_diets
4225,Keto Cheesy Broccoli Soup,American,main,,83.78,44.26,232.15,,all_diets
4226,Keto Pepperoni Pizza Cups,Italian,main,,72.25,19.07,109.24,,all_diets
4227,Keto Eggplant Burgers Recipe,French,main,,44.02,51.68,53.63,,all_diets
4228,Keto Egg And Cheese Bites,American,main,,28.24,2.5,21.47,,all_diets
4229,Loaded Keto Zucchini Skins,British,main,,37.25,24.91,98.63,,all_diets
4230,Simple Keto Zucchini Hash,South American,main,,34.93,19.26,75.51,,all_diets
4231,Keto Pesto Chicken With Mozzarella,Italian,main,,99.96,9.57,70.32,,all_diets
4232,Keto Pork Stir Fry,Chinese,main,,134.97,41.97,77.18,,all_diets
4233,Keto Chicken Broccoli Casserole,Italian,main,,185.08,40.1,277.66,,all_diets
4234,Salty Salsa Keto Crackers,American,main,,51.11,60.83,91.88,,all_diets
4235,Keto Creamy Broccoli Soup,Italian,main,,30.6,66.58,8.2,,all_diets
4236,Sherried Chicken Salad,American,main,,248.62,135.04,278.71,,all_diets
4237,Vegetarian Keto “Crab” Cakes,American,main,,31.19,25.1,117.96,,all_diets
4238,Keto Parmesan Crusted Tilapia,Mediterranean,main,,162.89,8.05,48.77,,all_diets
4239,Keto Chocolate Espresso Sorbet,American,main,,26.1,294.79,129.39,,all_diets
4240,Keto Cauliflower Pizza Muffins,Italian,main,,80.58,37.67,111.44,,all_diets
4241,"Keto-Friendly ""Candied"" Nuts",American,main,,47.46,65.9,326.97,,all_diets
4242,Keto Chicken Stir-Fry,Chinese,main,,260.75,74.86,47.21,,all_diets
4243,Keto Stuffed Pepper Casserole,Italian,main,,155.64,87.18,172.22,,all_diets
4244,Keto Dill Pickle Soup,American,main,,28.65,19.08,182.75,,all_diets
4245,Keto Zucchini And Walnut Bread,American,main,,45.08,42.88,126.73,,all_diets
4246,Keto Mexican Chocolate Pudding,British,main,,7.47,68.74,24.82,,all_diets
4247,Keto Chicken Pizza Dip,Italian,main,,152.56,28.64,248.55,,all_diets
4248,Keto Sandwich Bread Recipes,Nordic,main,,136.11,180.33,71.42,,all_diets
4249,Easy Clam Chowder | Keto,American,main,,168.99,80.18,199.3,,all_diets
4250,Keto Zone Green Beans,American,main,,27.59,50.91,100.41,,all_diets
4251,Keto Almond Ricotta Cake,Italian,main,,120.78,163.57,298.48,,all_diets
4252,Keto Scampi-Style Chicken,Italian,main,,128.84,27.69,112.92,,all_diets
4253,Healthy Keto Avocado Hummus,Mediterranean,main,,19.67,44.02,167.91,,all_diets
4254,Keto Mock Crab Salad,American,main,,41.66,6.18,35.3,,all_diets
4255,Keto Bruschetta Stuffed Avocado,Italian,main,,23.48,45.71,95.98,,all_diets
4256,Keto Green Bean Casserole,South American,main,,50.28,59.84,137.96,,all_diets
4257,Chicken Roulades (Keto-Friendly!),Italian,main,,92.87,25.36,124.34,,all_diets
4258,Keto Egg Foo Young,Chinese,main,,52.16,31.35,45.33,,all_diets
4259,Keto Tuna Salad Recipes,American,main,,47.58,5.3,46.8,,all_diets
4260,Keto Cabbage Soup Recipe,American,main,,240.9,60.16,139.88,,all_diets
4261,Keto Cheesy Spinach Burger,Nordic,main,,125.38,38.78,235.01,,all_diets
4262,Keto Coconut Cream Pie,American,main,,73.43,81.16,263.72,,all_diets
4263,Keto Tuscan Garlic Chicken,Italian,main,,246.2,29.8,147.47,,all_diets
4264,Easy Tomato Soup (Keto),French,main,,21.21,31.95,78.66,,all_diets
4265,Keto Mediterranean Steak Pinwheels,Mediterranean,main,,167.9,26.46,110.15,,all_diets
4266,Keto Avocado Stuffed Chicken,American,main,,292.73,22.82,87.72,,all_diets
4267,Keto Bison Meatballs Recipes,American,main,,128.91,27.8,197.3,,all_diets
4268,Keto Strawberry Mini Clafoutis,French,main,,21.13,38.71,67.86,,all_diets
4269,Creamy Keto Cauliflower Risotto,Italian,main,,69.2,44.59,135.46,,all_diets
4270,Keto Chocolate Orange Macaroons,American,main,,65.05,342.67,341.77,,all_diets
4271,"Chicken Adobo | Keto, Paleo",Asian,main,,238.4,34.46,244.29,,all_diets
4272,Keto Lemon Poppyseed Cheesecake,American,main,,116.08,94.11,511.43,,all_diets
4273,Easy Weeknight Keto Pizza,Italian,main,,128.57,30.32,213.79,,all_diets
4274,Cinnamon Keto Mug Cake,British,main,,12.05,22.51,29.46,,all_diets
4275,Keto Peanut Butter Cups,American,main,,48.03,84.45,295.72,,all_diets
4276,Keto Korean Fried Chicken,French,main,,188.06,31.45,401.07,,all_diets
4277,Creamy Keto Avocado Soup,American,main,,37.36,91.84,228.56,,all_diets
4278,Roasted Keto Cauliflower Mash,British,main,,19.69,58.39,53.84,,all_diets
4279,Crunchy Keto Salad Toppers,American,main,,24.57,20.64,69.23,,all_diets
4280,Keto Zuppa Toscana Soup,Italian,main,,98.45,55.02,234.93,,all_diets
4281,Keto Cauliflower Rice Stuffing,South American,main,,54.3,63.97,69.31,,all_diets
4282,Keto Celeriac Cauli-Mash,French,main,,23.49,45.45,185.07,,all_diets
4283,Keto Butternut Squash Risotto,Italian,main,,43.64,48.26,95.41,,all_diets
4284,Keto Cheese Stuffed Meatballs,American,main,,237.8,67.71,323.06,,all_diets
4285,Keto Taco Breakfast Skillet,Mexican,main,,198.8,58.6,272.0,,all_diets
4286,Keto Strawberry Cheesecake Jars,American,main,,23.96,80.46,199.52,,all_diets
4287,Keto-Friendly Brownie Cakes,French,main,,17.2,16.5,72.99,,all_diets
4288,Keto Bbq Meatball Skewers,American,main,,158.34,16.49,200.84,,all_diets
4289,Keto Meat Pie Recipes,American,main,,190.75,223.91,406.66,,all_diets
4290,Keto Crab Stuffed Avocado,American,main,,34.09,20.33,65.63,,all_diets
4291,Keto Avocado Deviled Eggs,Mexican,main,,55.07,24.19,67.89,,all_diets
4292,Keto Easter Cheese Ball,French,main,,100.2,35.88,278.97,,all_diets
4293,Keto Blueberry Mug Cake,British,main,,6.18,12.64,17.23,,all_diets
4294,Keto Chicken And Broccoli Casserole,French,main,,189.85,133.93,465.14,,all_diets
4295,Keto Mashed Cauliflower With Cheese,American,main,,25.67,55.41,42.74,,all_diets
4296,Easy Keto Pound Cake,British,main,,73.42,138.29,206.61,,all_diets
4297,Keto Grilled Steak Rolls,French,main,,65.32,18.74,93.62,,all_diets
4298,Keto Banana Blueberry Muffins,American,main,,89.35,97.24,225.45,,all_diets
4299,Instant Pot Keto Chili,American,main,,101.33,79.12,93.85,,all_diets
4300,Keto Baked Chicken Fajitas,Mexican,main,,186.9,51.98,64.46,,all_diets
4301,3 Ingredient Keto Japanese Cheesecake,Japanese,main,,48.34,145.03,150.77,,all_diets
4302,Keto English Cottage Pie,American,main,,194.19,53.91,244.83,,all_diets
4303,Keto Berry Mug Cake,British,main,,12.55,24.44,39.27,,all_diets
4304,5 Minute Keto Pesto Recipes,Italian,main,,47.93,14.09,203.9,,all_diets
4305,Air Fryer Keto Chicken Wings,American,main,,238.79,4.96,188.08,,all_diets
4306,Keto Chicken Pad Thai,South East Asian,main,,196.91,209.26,249.58,,all_diets
4307,Keto Cheeseburger Muffins Recipes,American,main,,135.85,53.67,181.35,,all_diets
4308,5-Layer Keto Dip Recipes,Mexican,main,,108.3,101.44,381.15,,all_diets
4309,Sara Louise'S Keto Schnitzel,Central Europe,main,,336.02,109.23,629.04,,all_diets
4310,Low Carb Lasagna Meatballs Recipe,Italian,main,,308.21,32.78,328.73,,all_diets
4311,Sara Louise'S Keto Yapchik,American,main,,174.05,130.65,226.62,,all_diets
4312,Keto Chocolate Mousse (Low Carb),French,main,,25.33,45.96,255.26,,all_diets
4313,Keto Egg And Ham Soup,American,main,,29.54,10.62,19.55,,all_diets
4314,Keto Bacon Cheeseburger Cups,American,main,,185.37,55.26,224.12,,all_diets
4315,Special Dark Fat Bombs - Keto,American,main,,3.09,7.01,202.54,,all_diets
4316,Low Carb/Keto Pizza Crust,Italian,main,,65.2,23.02,108.07,,all_diets
4317,Keto Pizza Florentine Recipes,Italian,main,,112.53,258.9,128.67,,all_diets
4318,Keto Shrimp And Asparagus Alfredo,Italian,main,,243.63,41.0,432.48,,all_diets
4319,Low-Carb Keto Lasagna,Italian,main,,284.21,119.23,401.06,,all_diets
4320,Easy Keto Mozzarella Chicken,Italian,main,,162.11,44.11,79.41,,all_diets
4321,Pecan Coconut Butter (Keto Diet),American,main,,16.51,35.55,177.99,,all_diets
4322,Keto Matcha Mint Bars,American,main,,52.13,167.75,322.48,,all_diets
4323,Keto Recipes - Baked Parmesan Chips,American,main,,101.35,9.13,73.23,,all_diets
4324,Keto Mediterranean Chicken Skillet,Mediterranean,main,,167.51,78.39,150.47,,all_diets
4325,Keto Shrimp Stir-Fry,Chinese,main,,99.02,38.73,21.15,,all_diets
4326,Keto Chicken And Rice Casserole,Italian,main,,154.43,60.76,219.59,,all_diets
4327,Keto Blueberry Coconut Crumble Recipe,American,main,,15.78,49.78,98.32,,all_diets
4328,Keto Roti John Recipes,American,main,,165.21,72.4,275.59,,all_diets
4329,Low-Carb Keto Moscow Mule,World,main,,0.25,36.46,0.06,,all_diets
4330,Quick Keto Chips And Dip,American,main,,5.11,2.04,14.36,,all_diets
4331,5 Minute Keto Pizza Recipes,Italian,main,,29.07,23.2,33.98,,all_diets
4332,Keto Cinnamon Donut Holes Recipe,American,main,,33.05,84.74,115.99,,all_diets
4333,Rebekah'S Keto Egg Casserole,American,main,,159.45,18.8,249.64,,all_diets
4334,Keto Salmon And Zucchini Noodles,Nordic,main,,102.67,29.96,81.16,,all_diets
4335,Vegan Keto Lemon Fat Bombs,American,main,,6.06,24.7,109.39,,all_diets
4336,Keto Jalapeno Popper Chicken Casserole,Mexican,main,,291.41,18.1,326.85,,all_diets
4337,Keto Chicken Mushroom Casserole Recipe,American,main,,268.91,35.22,314.52,,all_diets
4338,Steak With Keto Mushroom Stroganoff,Eastern Europe,main,,28.67,10.15,49.72,,all_diets
4339,Keto Jalapeño Cheese Crisps Recipe,South American,main,,49.55,7.42,42.87,,all_diets
4340,Chocolate-Peanut Butter Keto Cups,American,main,,37.23,43.07,310.17,,all_diets
4341,Keto Quick Asparagus Sauté Recipe,Mediterranean,main,,5.72,10.5,41.42,,all_diets
4342,Magic Low-Carb Keto Gnocchi,Italian,main,,56.2,7.18,60.85,,all_diets
4343,Creamy Keto Chicken-Poblano Soup,American,main,,145.33,34.3,206.91,,all_diets
4344,"Jambalaya Kabobs | Keto, Paleo",American,main,,199.3,53.04,179.69,,all_diets
4345,Keto Broccoli And Cheese Cauliflower,British,main,,29.75,46.64,113.48,,all_diets
4346,Sara Louise'S Keto Matboucha,Italian,main,,26.61,124.82,115.33,,all_diets
4347,Keto Low Carb Ice Cream,American,main,,4.86,24.12,77.37,,all_diets
4348,Kat'S Keto Turkey Meatballs,American,main,,211.39,16.03,181.52,,all_diets
4349,Keto Beef Goulash Recipe,Mediterranean,main,,101.36,22.52,112.77,,all_diets
4350,Keto Brussels Sprouts With Bacon,Central Europe,main,,74.47,91.38,104.66,,all_diets
4351,Keto Cheeseburger Casserole With Bacon,Italian,main,,351.06,56.31,598.18,,all_diets
4352,Keto Chicken Korma Recipe,South East Asian,main,,79.81,33.57,157.25,,all_diets
4353,Low-Carb Keto-Friendly Pizza,Italian,main,,68.94,22.73,85.55,,all_diets
4354,Baked Brie With A Keto Crust,French,main,,187.02,31.84,254.44,,all_diets
4355,Keto Air Fryer Jalapeno Poppers,Mexican,main,,35.33,16.34,142.17,,all_diets
4356,Keto Cream Cheese Ranch Dip,American,main,,25.21,49.16,125.24,,all_diets
4357,Keto Spinach Stuffed Chicken Recipes,Italian,main,,230.26,4.42,149.39,,all_diets
4358,Keto Cauliflower Mac And Cheese,American,main,,64.54,53.42,145.33,,all_diets
4359,Keto Herb And Cheese Spread,American,main,,25.13,13.4,176.96,,all_diets
4360,Lchf Chocolate Walnut Keto Fudge,American,main,,22.07,74.13,169.99,,all_diets
4361,Cheesy Broccoli Fritters,Japanese,main,,67.87,64.91,170.29,,all_diets
4362,Keto Strawberry Cheesecake Mousse Recipes,French,main,,20.47,38.07,174.0,,all_diets
4363,No-Churn Keto Ice Cream,Italian,main,,4.9,9.47,88.06,,all_diets
4364,Smoked Keto Armadillo Eggs Recipe,American,main,,104.37,15.8,189.76,,all_diets
4365,Keto Broccoli Cheese Soup,American,main,,131.61,76.43,253.19,,all_diets
4366,Keto Friendly Creamsicle Melts Recipe,American,main,,11.33,34.71,176.13,,all_diets
4367,Perfect Keto Cauliflower Pizza Crust,Italian,main,,34.9,46.14,19.99,,all_diets
4368,Keto Chicken Lo Mein,Chinese,main,,180.51,300.53,90.16,,all_diets
4369,Keto Shepherd’S Pie Recipes,British,main,,175.49,158.54,327.6,,all_diets
4370,Keto Fish Pie Recipes,American,main,,239.73,47.73,293.85,,all_diets
4371,Best Low-Carb Keto Meatballs,American,main,,135.58,26.91,162.06,,all_diets
4372,"Keto-Friendly, Low-Carb Bagels",American,main,,193.85,54.39,272.94,,all_diets
4373,Low Carb Keto Tasty Buns,British,main,,37.74,12.79,65.04,,all_diets
4374,Keto Creamy Chicken Bacon Chowder,American,main,,94.9,41.56,295.74,,all_diets
4375,"Low Carb Keto ""Cornbread"" Recipes",American,main,,39.46,26.2,99.89,,all_diets
4376,Keto Chocolate Coffee Fat Bombs,French,main,,26.07,49.77,193.61,,all_diets
4377,Keto Bomb Chocolate Coconut Mousse,American,main,,18.23,28.04,268.99,,all_diets
4378,Keto Avocado Cheese Dip Recipes,American,main,,106.87,66.56,314.87,,all_diets
4379,Keto Parmesan Crusted Pork Chops,Mediterranean,main,,225.74,8.9,132.4,,all_diets
4380,Keto Roasted Eggplant Dip Recipe,Mediterranean,main,,11.49,52.78,16.39,,all_diets
4381,Keto Bacon Wrapped Chicken Tenders,American,main,,329.65,278.16,424.63,,all_diets
4382,Keto -- Baked Mockaroni And Cheese,American,main,,99.24,71.58,167.66,,all_diets
4383,Keto Air Fryer Breaded Cod,American,main,,495.0,68.41,532.07,,all_diets
4384,Keto Mini Pecan Pies Recipe,American,main,,33.17,97.26,163.76,,all_diets
4385,Keto Lemon Coconut Fat Bombs,French,main,,2.81,11.79,27.11,,all_diets
4386,Chocolate Peanut Butter Keto Cups,American,main,,35.53,70.55,199.04,,all_diets
4387,Salt N Vinegar Keto Crackers,British,main,,59.54,54.14,127.7,,all_diets
4388,Keto Bacon Ranch Stuffed Burger,American,main,,122.45,90.56,196.66,,all_diets
4389,Keto Beef Egg Roll Slaw,Chinese,main,,127.9,81.03,203.37,,all_diets
4390,Chocolate Keto Fat Bomb Recipe,French,main,,74.16,115.69,362.29,,all_diets
4391,Mascarpone Cream Mousse Dessert (Keto),American,main,,20.87,62.84,152.53,,all_diets
4392,Keto Peppered Maple Pecan Bacon,American,main,,24.04,19.32,84.41,,all_diets
4393,Keto - Friendly Chocolate Mousse Recipes,British,main,,13.19,44.96,47.03,,all_diets
4394,Keto Sheet Pan Chicken Dinner,American,main,,107.78,115.14,183.07,,all_diets
4395,Keto Blinis With Smoked Salmon,Nordic,main,,61.62,19.13,105.27,,all_diets
4396,Keto Buffalo Blue Cheese Dressing,American,main,,37.37,10.81,166.95,,all_diets
4397,Keto Blueberry Pancake Mug Cake,American,main,,7.93,16.14,10.0,,all_diets
4398,Spicy Jalapeno Keto Chicken Wings,South American,main,,321.4,13.94,240.3,,all_diets
4399,Easy Keto Tortilla Chips Recipe,American,main,,64.23,22.42,94.97,,all_diets
4400,Keto Jalapeno Popper Stuffed Chicken,French,main,,285.85,15.56,110.2,,all_diets
4401,Parmesan Garlic Keto-Friendly Zoodles,Italian,main,,18.18,24.5,63.28,,all_diets
4402,Easy Keto Taco Stuffed Avocados,Mexican,main,,30.46,25.5,68.29,,all_diets
4403,Keto Greek Meatballs Salad Recipe,Mediterranean,main,,77.56,16.24,160.84,,all_diets
4404,Low-Carb Broccoli Cheese Quiche,French,main,,70.98,140.69,143.36,,all_diets
4405,Piña Colada Keto Fat Bombs,French,main,,2.8,11.76,27.12,,all_diets
4406,Megan R Keto Dinner Rolls,American,main,,230.69,115.28,310.3,,all_diets
4407,Keto Parmesan-Breaded Eggplant Pizzas,Italian,main,,221.16,147.15,286.38,,all_diets
4408,"Whole30 Pickled Onions (Keto, Paleo)",American,main,,0.82,6.86,13.57,,all_diets
4409,Keto Jalapeno Popper Fat Bomb,French,main,,16.42,6.92,63.74,,all_diets
4410,90-Second Keto Bread In A Mug,British,main,,13.88,7.98,34.26,,all_diets
4411,Keto Spaghetti Squash Lasagna Boats,Italian,main,,274.34,196.1,288.84,,all_diets
4412,Keto Chia Pudding With Almond & Cinnamon,British,main,,11.77,19.94,27.13,,all_diets
4413,Keto Stuffed Pork Chops Recipes,American,main,,96.92,11.06,53.21,,all_diets
4414,Jaynee'S Keto Cinnamon Roll,French,main,,13.05,18.22,80.12,,all_diets
4415,Keto Chicken Thigh Roll-Ups,South East Asian,main,,187.56,15.53,305.48,,all_diets
4416,Keto Egg Fast Fettuccini Alfredo,British,main,,17.68,3.61,41.52,,all_diets
4417,Keto Egg Fast Snickerdoodle Crepes,French,main,,41.95,23.76,124.21,,all_diets
4418,Keto Blackberry Cheese Danish Turnovers,Nordic,main,,41.74,11.73,72.34,,all_diets
4419,Keto Tortillas With Ground Beef,Mexican,main,,78.03,46.62,102.81,,all_diets
4420,Keto Lemon Butter White Fish,French,main,,51.91,5.85,62.58,,all_diets
4421,Best Keto Tuna Salad Recipes,American,main,,46.47,3.3,43.75,,all_diets
4422,Keto Oven-Baked Brie Cheese,American,main,,58.49,10.98,125.08,,all_diets
4423,Keto Sausage Balls - Low Carb,British,main,,304.46,54.52,466.5,,all_diets
4424,Easy Cheesy Keto Cabbage Casserole,Middle Eastern,main,,190.65,9.21,293.37,,all_diets
4425,Keto Coconut Chip Ice Cream,American,main,,38.64,154.5,289.88,,all_diets
4426,Low-Carb Keto Pizza Dough,Italian,main,,50.46,15.03,72.79,,all_diets
4427,4-Ingredient Keto Chicken Curry Recipe,Indian,main,,93.24,29.98,147.63,,all_diets
4428,Easy Keto Sandwich Bread Recipe,American,main,,214.17,74.98,142.91,,all_diets
4429,Keto Sticky Balsamic Pork Belly,Chinese,main,,98.0,35.4,555.44,,all_diets
4430,Kale-Coconut Dry Curry {Keto},Indian,main,,9.04,31.16,20.59,,all_diets
4431,Keto Cream Cheese Egg Cups,American,main,,98.93,29.64,161.75,,all_diets
4432,Keto Bacon Green Beans Recipe,British,main,,28.17,19.94,111.09,,all_diets
4433,Keto Low Carb Cauliflower Pizza,Italian,main,,65.08,20.28,43.97,,all_diets
4434,Easy Keto Creamed Spinach Recipes,French,main,,23.94,17.19,42.22,,all_diets
4435,Strawberry Shortcake Keto Fat Bombs,British,main,,25.28,47.81,73.61,,all_diets
4436,Crispy Baked Keto Chicken Wings,American,main,,242.23,52.28,156.28,,all_diets
4437,Buffalo Keto Chicken Tenders Recipes,American,main,,135.48,91.72,140.91,,all_diets
4438,Keto Shrimp And Grits Recipe,Japanese,main,,77.27,41.96,198.3,,all_diets
4439,Keto Apple Pork Chops Recipes,American,main,,254.91,15.11,245.28,,all_diets
4440,Keto Friendly Chocolate Mug Cake,American,main,,99.51,26.02,26.45,,all_diets
4441,Keto Saganaki Greek Fried Cheese,Mediterranean,main,,31.71,17.88,81.43,,all_diets
4442,Peanut Butter Fat Bombs (Keto),French,main,,29.14,29.87,166.79,,all_diets
4443,Keto-Friendly Grilled Stuffed Chicken,British,main,,306.25,29.48,221.42,,all_diets
4444,Keto Low Carb Microwave Cheesecake,American,main,,10.29,4.86,35.27,,all_diets
4445,Keto Avocado Tuna Melt Bites,American,main,,81.32,28.45,214.0,,all_diets
4446,Beef Back Ribs Keto Style,American,main,,185.8,31.24,316.87,,all_diets
4447,Keto Crockpot Beef Stroganoff Recipe,Eastern Europe,main,,201.35,45.1,158.06,,all_diets
4448,Keto Grilled Cheese Sandwich Recipes,American,main,,29.69,31.72,70.23,,all_diets
4449,Keto Mixed Berry Crumble Pots,American,main,,21.58,89.0,106.92,,all_diets
4450,Chicken Parmesan Casserole - Low Carb &,Italian,main,,193.22,72.22,121.77,,all_diets
4451,Easy Keto Dijon Chicken Thighs,French,main,,133.93,16.49,166.39,,all_diets
4452,Keto Creamy Spinach Egg Casserole,Italian,main,,32.89,19.54,68.87,,all_diets
4453,Keto Pepperoni Pizza Cauliflower Casserole,Italian,main,,60.43,28.29,89.31,,all_diets
4454,Low Carb Keto Stuffed Eggs,Italian,main,,69.15,5.93,102.39,,all_diets
4455,Begedil Keto Potato Patties Recipes,Eastern Europe,main,,20.34,28.74,70.27,,all_diets
4456,Keto Three Cheese Bacon Asparagus,American,main,,43.03,26.12,95.54,,all_diets
4457,Keto Root Beer Float Pops,American,main,,3.66,41.93,66.05,,all_diets
4458,Paleo Breakfast Burger (Whole30 + Keto),Nordic,main,,125.93,35.2,153.02,,all_diets
4459,"Avocado Yogurt Dip {Vegetarian, Keto}",American,main,,16.35,34.24,42.04,,all_diets
4460,Chive Horseradish Keto Cauliflower Mash,British,main,,47.24,58.15,79.34,,all_diets
4461,White Chocolate Keto Truffles Recipes,American,main,,3.17,203.58,226.54,,all_diets
4462,Keto Cheesy Spinach And Egg Casserole,Italian,main,,120.23,23.36,100.03,,all_diets
4463,Coconut Flour Keto Donut Holes,American,main,,12.73,60.53,81.62,,all_diets
4464,Keto Chicken Cauliflower Fried Rice,Chinese,main,,77.71,41.36,94.03,,all_diets
4465,Low Carb Snickerdoodles - Keto & Glute,British,main,,51.2,47.26,204.0,,all_diets
4466,"Bacon Wrapped Asparagus, Keto Style",American,main,,40.04,31.92,146.48,,all_diets
4467,Keto White Pizza Frittata Recipes,Italian,main,,160.92,26.9,194.95,,all_diets
4468,Slow Cooker Keto Barbecue Meatloaf,Central Europe,main,,261.46,139.57,317.04,,all_diets
4469,"Whole30 Cajun Seasoning (Keto, Paleo)",American,main,,5.7,29.08,2.76,,all_diets
4470,Keto “Apple” Cheesecake Danish Recipes,Nordic,main,,6.68,26.71,55.25,,all_diets
4471,Keto Pesto-Stuffed Chicken Thighs,Italian,main,,145.34,20.19,197.97,,all_diets
4472,Keto & Paleo Condensed Milk Recipes,American,main,,18.87,93.73,180.8,,all_diets
4473,Hot Melt (Keto-Approved) Spaghetti,Italian,main,,75.0,47.1,158.3,,all_diets
4474,Keto Southern Bacon-Fried Cabbage,American,main,,40.66,94.41,70.56,,all_diets
4475,Megan R Buffalo Chicken Keto,American,main,,181.29,29.17,287.05,,all_diets
4476,Easy Keto Pumpkin Bread Recipes,American,main,,67.87,199.54,220.58,,all_diets
4477,Keto Blueberry Cheesecake Squares Recipes,American,main,,40.07,56.05,215.87,,all_diets
4478,Keto Rosemary Dill Salmon Recipes,Nordic,main,,515.92,6.24,160.09,,all_diets
4479,Stuffed Portobello Caps Keto Style,Italian,main,,145.9,45.31,127.07,,all_diets
4480,Keto Lemon Meringue Custard Recipes,French,main,,21.21,236.78,141.58,,all_diets
4481,"Korean Ground Beef | Keto, Paleo",French,main,,85.32,11.64,112.27,,all_diets
4482,Fathead Keto Gnocchi - Low Carb,Italian,main,,172.39,57.04,341.32,,all_diets
4483,Keto Crockpot Clam Chowder Recipes,American,main,,254.11,99.29,343.88,,all_diets
4484,Keto Buffalo Chicken Soup Recipe,American,main,,106.16,49.65,125.53,,all_diets
4485,Creamy Keto Tuscan Soup Recipe,Italian,main,,108.42,64.15,279.58,,all_diets
4486,Keto Turkey Meatballs With Pesto,American,main,,96.36,32.12,111.46,,all_diets
4487,Keto Lemon Mug Cake Recipe,American,main,,23.08,38.12,28.75,,all_diets
4488,Keto No-Churn Strawberry Ice Cream,Italian,main,,5.24,13.36,88.21,,all_diets
4489,Easy Keto Chicken Verde Enchiladas,Mexican,main,,167.63,18.64,93.98,,all_diets
4490,Roast Pumpkin & Feta - Keto Salad,Mediterranean,main,,35.51,55.26,94.81,,all_diets
4491,Keto Spicy Chipotle Deviled Eggs,Mexican,main,,38.98,7.45,80.07,,all_diets
4492,Pesto Keto Chicken Stuffed Peppers,Italian,main,,146.22,58.28,151.35,,all_diets
4493,Keto Shrimp Cauliflower Fried Rice,Chinese,main,,61.29,43.43,75.34,,all_diets
4494,Keto-Friendly Soft Tacos — Steemit,Mexican,main,,87.04,24.12,123.81,,all_diets
4495,Keto Italian Chicken Salad Recipes,Italian,main,,315.23,34.66,147.1,,all_diets
4496,Keto-Approved Ranch Dressing Recipes,American,main,,12.98,10.19,207.76,,all_diets
4497,Keto Broccoli Cheese Soup Recipe,American,main,,138.32,59.75,342.99,,all_diets
4498,Philly Cheesesteak Keto Roll Recipes,American,main,,46.48,11.73,60.67,,all_diets
4499,Keto Chocolate Almond Fudge Slices,French,main,,120.91,573.8,494.62,,all_diets
4500,Keto Turkey Egg Roll Casserole,American,main,,225.51,115.2,60.91,,all_diets
4501,Keto Chocolate Toast Crunch Cereal,French,main,,54.78,110.72,192.3,,all_diets
4502,10 Minute Keto Country Gravy Recipes,British,main,,22.82,10.92,139.25,,all_diets
4503,Keto Mini Pepper Pizza Cups,Italian,main,,65.96,38.66,73.02,,all_diets
4504,Best Keto Cabbage Salad Recipe,Middle Eastern,main,,80.7,32.89,123.75,,all_diets
4505,Air Fryer Keto Pork Chops,Mexican,main,,176.8,10.24,92.62,,all_diets
4506,Keto Cilantro Lime Cauliflower Rice,Mediterranean,main,,14.02,39.98,29.53,,all_diets
4507,Sara Louise'S Keto Roasted Endives,Nordic,main,,4.79,22.28,108.66,,all_diets
4508,Keto Instant Pot Pulled Chicken,French,main,,86.97,9.53,110.61,,all_diets
4509,Keto Chicken Thighs With Creamed Spinach,American,main,,273.02,47.05,450.31,,all_diets
4510,Keto Chicken Pesto Cauliflower Casserole,Italian,main,,168.26,44.33,138.35,,all_diets
4511,Low Carb Keto Hamburger Buns,American,main,,49.44,135.19,60.36,,all_diets
4512,Keto Neapolitan Ice-Cream Recipes,American,main,,30.88,46.4,127.99,,all_diets
4513,"Chunky Guacamole (Paleo, Whole30 + Keto)",Mexican,main,,21.59,103.56,118.8,,all_diets
4514,Cheese Wafers {Keto/Low Carb,American,main,,83.66,58.74,285.17,,all_diets
4515,Keto Sheet Pan Steak Fajitas,Mexican,main,,155.71,37.09,176.53,,all_diets
4516,Keto Parmesan Crisps With Tomato Slices,American,main,,36.24,5.41,25.98,,all_diets
4517,Keto Diet Sloppy Joe Recipe,French,main,,79.29,120.71,91.06,,all_diets
4518,Keto Crustless Mushroom Spinach Pie,Italian,main,,109.02,41.52,108.35,,all_diets
4519,Keto Faux French Onion Dip Recipe,American,main,,2.05,12.68,89.18,,all_diets
4520,Keto Chicken Enchiladas - White Version,Central Europe,main,,420.57,63.04,240.6,,all_diets
4521,Keto Creamy Chicken And Vegetable Bake,Mexican,main,,262.5,116.17,319.91,,all_diets
4522,Crockpot Keto Buffalo Chicken Soup,American,main,,52.28,29.91,124.92,,all_diets
4523,Easy Keto Spinach Cheese Manicotti,Italian,main,,199.82,51.36,148.43,,all_diets
4524,Easy Keto Curry Chicken Recipe,South East Asian,main,,273.63,62.25,136.67,,all_diets
4525,Keto Chicken Skewers With Rustic Vegetables,Mediterranean,main,,132.42,21.87,69.28,,all_diets
4526,5 Minute Keto Raspberry Vinaigrette Recipes,French,main,,0.74,9.21,108.4,,all_diets
4527,Keto Chicken Cordon Bleu Recipe,French,main,,266.86,50.52,323.19,,all_diets
4528,Vivica'S Keto Roast Chicken Recipes,American,main,,224.0,4.69,181.41,,all_diets
4529,Deep Dish Skillet Keto Pizza,Italian,main,,85.1,38.27,146.3,,all_diets
4530,Keto-Friendly Low-Carb Bread,American,main,,45.87,32.41,102.19,,all_diets
4531,Ultra Moist Keto Blackberry Muffins,American,main,,82.78,137.32,228.07,,all_diets
4532,Keto Hot Chili Soup Recipes,American,main,,106.42,61.05,175.46,,all_diets
4533,Keto Egg Fried Rice Recipes,Chinese,main,,48.45,52.66,88.21,,all_diets
4534,Keto Mini Pepperoni Guacamole Bites,Mexican,main,,50.7,47.63,122.37,,all_diets
4535,Keto Beef Brisket Slow Cooker,French,main,,335.26,33.16,444.27,,all_diets
4536,Parmesan-Garlic Keto Chicken Wings,American,main,,492.67,12.78,404.5,,all_diets
4537,Sara Louise'S Keto Israeli Salad,Middle Eastern,main,,7.1,42.83,41.67,,all_diets
4538,Keto Fat Bombs With Cacao And Cashew,Italian,main,,90.86,130.47,428.13,,all_diets
4539,Roasted Butternut Squash Apple Soup,American,main,,15.46,144.09,64.19,,all_diets
4540,Strawberry Cheesecake Fat Bombs *Keto*,American,main,,15.29,37.36,97.5,,all_diets
4541,Keto Broccoli Cheddar Biscuits Recipes,American,main,,90.25,53.71,192.45,,all_diets
4542,Keto Chicken Cordon Bleu Casserole,French,main,,136.74,18.57,195.65,,all_diets
4543,Crispy Keto Cauliflower Cakes Recipes,American,main,,55.65,41.77,99.24,,all_diets
4544,Ez Truckers Chili (Keto Style),American,main,,112.74,71.89,24.19,,all_diets
4545,Keto Cheesy Steak Zucchini Boats,Mediterranean,main,,77.03,27.55,85.24,,all_diets
4546,Keto Zucchini Rollatini - Low Carb,Italian,main,,190.8,64.39,216.6,,all_diets
4547,Keto Thai Red Curry Paste,South East Asian,main,,8.29,44.37,63.96,,all_diets
4548,"Keto Cauliflower, Eggs, And Bacon Salad",American,main,,56.73,63.32,143.25,,all_diets
4549,Tasty And Easy Keto Dinner Rolls,American,main,,251.34,85.55,419.16,,all_diets
4550,Spicy Keto Chicken-And-Cheese Casserole,South American,main,,180.55,33.49,130.18,,all_diets
4551,Keto Meal Prep Breakfast Bombs,French,main,,147.45,52.42,281.67,,all_diets
4552,Keto Mulled Berry Chia Parfaits,French,main,,22.78,76.66,101.11,,all_diets
4553,Texas Style Keto Venison Chili,American,main,,213.89,91.92,69.02,,all_diets
4554,Sara Louise'S Keto Asparagus Soup,French,main,,78.66,121.92,79.18,,all_diets
4555,Keto Bacon Cauliflower Mac And Cheese,American,main,,113.43,42.36,361.84,,all_diets
4556,Sara Louise'S Keto Falafel Balls,Middle Eastern,main,,35.71,29.64,53.59,,all_diets
4557,Low Carb Keto Cheese Crisps Recipe,American,main,,80.1,7.19,68.05,,all_diets
4558,Paleo/Keto Greek Cabbage With Bacon,Mediterranean,main,,27.58,75.5,36.77,,all_diets
4559,Keto Creamy Asparagus And Shrimp Alfredo,Italian,main,,90.79,24.77,128.9,,all_diets
4560,No-Bake Keto Chocolate Roll Recipes,American,main,,32.13,102.8,227.02,,all_diets
4561,Keto 5 Minute Caesar Dressing Recipes,American,main,,2.77,7.08,134.38,,all_diets
4562,Easy Keto Cordon Bleu Recipes,French,main,,177.02,29.23,288.14,,all_diets
4563,Keto Sun-Dried Tomato Chicken,American,main,,144.95,89.92,248.65,,all_diets
4564,One-Pan Keto Shrimp And Asparagus,British,main,,63.54,17.38,50.49,,all_diets
4565,Keto Chicken Curry With Coconut Milk,Indian,main,,66.63,14.21,79.56,,all_diets
4566,Keto Gourmet: Bacon Wrapped Lobster!,American,main,,118.42,18.61,262.26,,all_diets
4567,Instant Pot® Keto Hamburger Soup,American,main,,119.3,31.47,294.26,,all_diets
4568,Keto King Ranch Chicken Recipes,American,main,,213.09,123.92,306.16,,all_diets
4569,"Aip Italian Burgers Recipe [Paleo, Keto]",Nordic,main,,92.56,23.41,58.4,,all_diets
4570,Keto Peanut Butter Fudge Fat Bomb,American,main,,57.66,66.58,351.17,,all_diets
4571,Pork Tenderloin With Roasted Veggies (Keto),British,main,,183.61,57.84,84.55,,all_diets
4572,Keto Chicken With Sundried Tomato And Cream,American,main,,24.41,10.18,53.51,,all_diets
4573,Ham And Cheese Keto Stromboli Recipes,Italian,main,,129.07,33.43,145.31,,all_diets
4574,Keto Pepperoni Pizza With Fathead Crust,Italian,main,,217.33,51.8,278.81,,all_diets
4575,Keto Cauliflower Pizza Casserole Recipes,Italian,main,,217.65,84.99,388.93,,all_diets
4576,3 Ingredient Keto Chocolate Mug Cake,British,main,,8.17,7.26,6.05,,all_diets
4577,Keto Sesame Zoodles With Roasted Pork,Chinese,main,,42.65,13.86,93.35,,all_diets
4578,Keto Chicken Pad Thai Recipes,South East Asian,main,,220.94,520.75,207.98,,all_diets
4579,Sweet Chili Keto Pork Chops,American,main,,165.77,42.29,88.2,,all_diets
4580,The Best Keto Broccoli Cheese Soup,American,main,,104.29,77.81,300.87,,all_diets
4581,Easy Keto Pork And Cabbage Casserole,Nordic,main,,98.41,24.98,21.26,,all_diets
4582,Instant Pot® Keto Chicken Curry,Indian,main,,71.08,24.35,100.57,,all_diets
4583,Healthy Keto Salmon Paté Recipes,Nordic,main,,62.34,22.75,145.42,,all_diets
4584,"Keto Sriracha “Spaghetti"" + Meatballs Recipes",Italian,main,,118.99,74.23,176.92,,all_diets
4585,Keto Pesto Chicken Bake With Haloumi,American,main,,225.01,27.62,283.77,,all_diets
4586,Spinach And Artichoke Keto Egg Bake,Mediterranean,main,,94.04,54.02,69.66,,all_diets
4587,Keto Double Chocolate Macaroons Recipes,French,main,,38.35,90.62,220.18,,all_diets
4588,Keto Chocolate Silk Pie Recipes,American,main,,85.52,262.71,417.14,,all_diets
4589,Thin Keto Pizza Crust Recipes,Italian,main,,52.74,87.16,112.08,,all_diets
4590,Keto Low Carb Curry Recipes,South East Asian,main,,83.53,111.03,132.41,,all_diets
4591,Easy Keto Ranch Dressing Recipes,American,main,,7.25,14.4,156.6,,all_diets
4592,Keto Mini Pumpkin-Pecan Cheesecakes,American,main,,35.87,36.91,145.82,,all_diets
4593,Keto Overnight Oats With Coconut And Blueberries,French,main,,17.69,18.17,33.66,,all_diets
4594,Raspberry White Chocolate Keto Fat Bombs,American,main,,21.42,68.67,347.44,,all_diets
4595,The Keto Diet For $30 Per Week,French,main,,36.67,6.73,34.9,,all_diets
4596,Cheesy Sausage And Egg Keto Casserole,American,main,,128.64,46.61,177.76,,all_diets
4597,The Best Keto Mashed Cauliflower Recipe,American,main,,18.85,46.91,35.38,,all_diets
4598,Keto Paleo Seafood Paella Recipes,Mediterranean,main,,202.38,73.21,80.26,,all_diets
4599,Pork Meatballs (Keto And Gluten Free),Nordic,main,,132.98,16.47,173.98,,all_diets
4600,Instant Pot® Keto Green Beans,French,main,,32.77,37.71,89.68,,all_diets
4601,Creamy Keto Spinach And Celery Soup,American,main,,4.89,11.33,30.9,,all_diets
4602,Keto-Licious Sugar Free Chocolate Fondant,French,main,,36.91,126.07,197.27,,all_diets
4603,Vegan Keto Tangy Coconut Soup,American,main,,135.31,231.2,911.26,,all_diets
4604,Keto Doritos Safe Cheat-Oh ~ Dorketos ~,American,main,,26.98,5.03,36.3,,all_diets
4605,Smoked Salmon Keto Mini Quiches,Nordic,main,,95.74,15.59,108.51,,all_diets
4606,Sara Louise'S Keto Tuna Croquettes,Japanese,main,,197.3,27.95,142.2,,all_diets
4607,Keto Spinach Mushroom Bacon Saute Recipe,American,main,,31.06,12.9,70.07,,all_diets
4608,Keto Chicken Cordon Bleu Meatballs,French,main,,177.14,26.54,175.12,,all_diets
4609,"Keto Jalapeno Poppers | Cheesy, Bacon Goodness",French,main,,45.52,14.65,64.04,,all_diets
4610,Keto Omelet With Zucchini And Chanterelle Mushrooms,French,main,,26.34,7.23,36.07,,all_diets
4611,Bacon Cheeseburger Pizza - Keto Recipe,Italian,main,,151.43,229.41,179.32,,all_diets
4612,Sara Louise'S Keto Cabbage Soup,Central Europe,main,,320.2,85.31,765.52,,all_diets
4613,Keto Bbq Salad With Shredded Chicken,American,main,,94.91,66.22,138.39,,all_diets
4614,Keto Friendly Lemon Fat Bomb Recipes,French,main,,7.26,6.2,139.42,,all_diets
4615,Tlc - Easy Keto Avocado Dessert Recipes,American,main,,8.91,39.98,74.67,,all_diets
4616,Priya’S #Keto Baked Cauliflower Recipes,American,main,,21.55,65.36,14.96,,all_diets
4617,Three Ingredient Keto Pie Crust Recipes,American,main,,25.32,49.46,112.54,,all_diets
4618,Sara Louise'S Keto Creamed Spinach,Italian,main,,29.48,34.96,231.05,,all_diets
4619,Dairy-Free Keto Bacon Wrapped Zucchini,American,main,,38.76,27.35,94.59,,all_diets
4620,Sara Louise'S Keto Beef Kebabs,Middle Eastern,main,,241.19,46.91,300.87,,all_diets
4621,Keto Loco Moco Burger Recipe,French,main,,63.06,31.86,166.3,,all_diets
4622,Keto Baked Spinach-Artichoke Chicken Breasts,Mediterranean,main,,431.02,61.48,279.11,,all_diets
4623,Keto Chicken And Vegetables Stir Fry,Chinese,main,,68.24,19.76,38.4,,all_diets
4624,Keto Crispy Sesame Beef Recipes,Chinese,main,,89.63,42.47,128.53,,all_diets
4625,Mexican Rice With Chorizo - Keto Recipe,Mexican,main,,67.6,35.57,136.47,,all_diets
4626,Mini Cheesecakes Recipe {Low Carb / Keto},British,main,,37.71,19.79,163.49,,all_diets
4627,Sara Louise'S Keto Stuffed Mushrooms,American,main,,105.8,109.7,81.26,,all_diets
4628,Keto Chocolate Fudge Haystacks - No Bake,American,main,,23.7,43.78,214.12,,all_diets
4629,Keto Carb Free Whipped Cream Recipes,French,main,,9.76,51.84,176.13,,all_diets
4630,Keto Italian Cheese Stuffed Mushrooms,Italian,main,,84.77,53.03,158.48,,all_diets
4631,Keto Deviled Green Eggs And Ham,Eastern Europe,main,,132.31,26.16,181.38,,all_diets
4632,Sara Louise'S Keto Pepper Steak,American,main,,191.85,70.7,172.74,,all_diets
4633,Keto Fat Head Dough Pizza Recipe,Italian,main,,124.29,29.7,168.16,,all_diets
4634,Sara Louise'S Keto Stuffed Peppers,Italian,main,,65.89,89.94,142.27,,all_diets
4635,5-Minute Creamy Keto Cucumber Salad,American,main,,2.18,13.72,22.67,,all_diets
4636,Keto Chicken And Bacon Lettuce Wraps,American,main,,124.23,8.24,177.52,,all_diets
4637,"Glazed Ham | Keto, No Added Sugar",American,main,,570.28,162.39,297.48,,all_diets
4638,40 Minute Fresh Keto Chili Recipes,American,main,,172.37,55.88,201.08,,all_diets
4639,Keto Chicken A La King Recipe,American,main,,210.23,44.42,276.8,,all_diets
4640,Keto Mini Chocolate Donuts Recipes,American,main,,50.79,121.09,239.93,,all_diets
4641,No Churn Keto Chocolate Ice Cream,Italian,main,,43.03,160.97,245.96,,all_diets
4642,Crispy Keto Fried Chicken Recipes,American,main,,115.83,20.78,209.13,,all_diets
4643,Lchf Keto Coconut Lemon Vanilla Custard,American,main,,24.56,67.07,93.94,,all_diets
4644,Keto Friendly Chocolate Fat Bombs Recipes,French,main,,7.93,7.57,139.89,,all_diets
4645,Easy Keto Taco Salad Bowl For 2,Mexican,main,,47.46,31.33,100.33,,all_diets
4646,Keto Open-Faced Chicken Cordon Bleu,French,main,,188.45,29.82,194.79,,all_diets
4647,Keto Beef And Broccoli Stir Fry,Chinese,main,,49.94,15.93,40.33,,all_diets
4648,Mad Creations Keto Creamy Cauliflower Dauphinoise,Mediterranean,main,,52.59,41.65,251.4,,all_diets
4649,Keto Fathead Pizza With Chorizo And Salsa,Italian,main,,153.39,40.88,214.66,,all_diets
4650,Easy Keto Lasagna Stuffed Portobellos - Lo,Italian,main,,162.32,55.35,243.42,,all_diets
4651,Keto Sweet Pecan Tuna Salad Recipes,American,main,,131.66,30.76,202.26,,all_diets
4652,Egg-Free Gluten-Free Keto Wraps,American,main,,4.17,126.79,18.82,,all_diets
4653,Low-Carb Keto Salmon Curry Recipe,Nordic,main,,119.66,57.89,242.72,,all_diets
4654,Spicy Seasoned Keto Zucchini Fries Recipe,South American,main,,31.24,114.41,19.94,,all_diets
4655,Keto Mozzarella And Tomato Broiled Shrimp,Italian,main,,99.78,20.24,87.74,,all_diets
4656,Keto Mexican Rice With Chorizo Recipes,Mexican,main,,79.12,65.39,138.15,,all_diets
4657,Sara Louise'S Keto Zucchini Soup,Mediterranean,main,,12.25,32.96,14.57,,all_diets
4658,Healthy Keto No-Cook Bento Lunchbox,British,main,,66.03,16.08,50.21,,all_diets
4659,Keto Steak And Mushroom Soup Recipe,American,main,,128.51,104.27,25.43,,all_diets
4660,Keto Bacon Wrapped Chicken Tenders Recipes,American,main,,68.83,5.53,98.26,,all_diets
4661,Lamb Meatballs With Mint Gremolata - Keto,Nordic,main,,175.9,21.94,276.35,,all_diets
4662,Keto Taco Cups With Avocado Salsa,Mexican,main,,140.76,46.68,196.07,,all_diets
4663,"Roasted Radishes (Paleo, Low Carb, Keto)",American,main,,5.05,25.46,27.73,,all_diets
4664,Keto Pulled Pork For The Slow Cooker,French,main,,285.67,73.91,181.25,,all_diets
4665,"Keto Cauliflower Casserole, The Perfect Sidedish",Italian,main,,110.12,44.45,220.02,,all_diets
4666,Keto Green Bean Skillet Pizza Recipes,Italian,main,,227.07,34.74,269.1,,all_diets
4667,Low Carb Keto Coconut Cauliflower Rice,British,main,,17.45,42.51,77.14,,all_diets
4668,"Sausage, Zucchini, And Cauli Keto Risotto",Italian,main,,82.19,47.82,150.11,,all_diets
4669,Keto 3 Bean Salad - Low Carb,American,main,,24.31,39.47,49.81,,all_diets
4670,Vegan Keto-Friendly Thai Yellow Curry,South East Asian,main,,72.13,329.13,173.05,,all_diets
4671,Keto Chicken Thighs With Charred Lemon,Italian,main,,131.04,20.47,154.99,,all_diets
4672,Keto Low Carb Beef And Broccoli,Mediterranean,main,,55.94,29.11,42.98,,all_diets
4673,Coconut Flour Chocolate Keto Mug Cake,British,main,,17.36,31.7,36.4,,all_diets
4674,Sara Louise'S Keto Chicken Saltimbocca,Italian,main,,250.23,41.75,93.5,,all_diets
4675,Keto No Bake Orange Creamsicle Cheesecake,American,main,,106.71,112.87,498.58,,all_diets
4676,Keto Salmon In Foil Packets With Pesto,Nordic,main,,98.78,20.26,109.87,,all_diets
4677,Vegan Keto Shortbread Pie Crust Recipes,American,main,,16.55,53.02,125.8,,all_diets
4678,Almond Flour Fried Chicken (Keto-Friendly),American,main,,128.8,116.32,307.62,,all_diets
4679,New Recipe: Peanut Butter Keto Cups,American,main,,46.36,88.44,296.04,,all_diets
4680,Keto Raspberry No-Bake Cheesecake Recipes,American,main,,31.97,63.83,198.52,,all_diets
4681,Keto Chicken Salad Stuffed Avocados Recipes,Mediterranean,main,,41.52,92.24,171.62,,all_diets
4682,Keto Beef And Broccoli Lo Mein,Chinese,main,,132.13,277.41,62.27,,all_diets
4683,"Keto Roasted Eggplant, Lemon, And Caper Salad",Mediterranean,main,,8.39,48.51,55.71,,all_diets
4684,Keto Salisbury Steak With Mushroom Gravy,British,main,,226.77,46.16,146.65,,all_diets
4685,Keto Spicy Mango Mojitos - Low Carb,World,main,,1.81,28.3,0.81,,all_diets
4686,Keto Chocolate Cake In A Mug Recipes,British,main,,12.53,14.74,36.95,,all_diets
4687,Portobello Pizza Keto Stuffed Mushrooms Recipe,Italian,main,,59.73,32.92,71.87,,all_diets
4688,Keto Strawberry Coconut Chia Seed Pudding,British,main,,6.51,18.23,25.06,,all_diets
4689,Keto Slow Cooker Mexican Chicken Thighs,Mexican,main,,118.81,13.06,116.16,,all_diets
4690,No Eggs! Keto Mini Pizzas Recipes,Italian,main,,32.18,37.9,17.21,,all_diets
4691,Sara Louise'S Keto Beef And Broccoli,British,main,,112.87,62.46,50.88,,all_diets
4692,Keto Pesto Shrimp Skewers - Low Carb,Italian,main,,19.66,19.02,50.1,,all_diets
4693,Keto Garlic Parm Buffalo Chicken Dip,American,main,,102.57,17.28,179.68,,all_diets
4694,Keto Mushroom And Bok Choy Stir-Fry,Chinese,main,,19.48,29.85,55.78,,all_diets
4695,"Loaded Cauliflower (Low Carb, Keto) Recipes",British,main,,49.5,30.1,109.97,,all_diets
4696,Savory Keto Pie Crust Recipes,British,main,,60.68,38.08,99.19,,all_diets
4697,Air Fryer Keto Garlic Cheese 'Bread',American,main,,75.96,9.1,78.4,,all_diets
4698,Keto Kebab Salad With Tahini Sauce,Mediterranean,main,,110.29,85.73,194.24,,all_diets
4699,Keto Mushroom Wild Rice Pilaf Recipes,Mediterranean,main,,69.75,79.3,121.41,,all_diets
4700,Keto Pizza – Turkey Crust Meatza Recipes,Italian,main,,184.18,12.71,98.31,,all_diets
4701,Keto Coconut Flour Sausage Balls Recipes,American,main,,161.85,79.83,276.87,,all_diets
4702,Keto Mac And Cheese With Pulled Pork,American,main,,163.68,38.99,177.36,,all_diets
4703,Keto Pork Rind Puppy Chow Recipes,American,main,,51.9,75.76,181.53,,all_diets
4704,"Southwest Turkey Meatballs (Paleo, Whole30 + Keto)",American,main,,185.17,29.6,71.86,,all_diets
4705,Air Fryer Keto Onion Rings Recipe,American,main,,40.48,32.67,34.71,,all_diets
4706,St. Louis Ribs - Keto Style! Recipes,American,main,,478.31,27.99,717.47,,all_diets
4707,Keto Chicken And Cauliflower Rice Soup,American,main,,324.98,105.18,323.29,,all_diets
4708,Keto Twice Baked Cauliflower Casserole Recipes,Italian,main,,93.63,61.71,187.39,,all_diets
4709,Sara Louise'S Keto Speed Chili,American,main,,172.88,76.16,257.67,,all_diets
4710,Ultimate Keto Burger | The Bacon Smash Burger,American,main,,82.93,10.5,176.6,,all_diets
4711,Keto Spaghetti Squash Puttanesca - Low Carb,Italian,main,,8.13,44.53,62.07,,all_diets
4712,Low Carb Keto Mexican Pizza #Ketolicious,Italian,main,,104.0,144.34,186.68,,all_diets
4713,"Mustard Sardines Salad Recipe [Paleo, Keto]",American,main,,32.18,3.95,14.99,,all_diets
4714,Keto Cottage Cheese And Dill Popovers,American,main,,97.91,79.24,187.06,,all_diets
4715,Creamy Keto Taco Soup With Ground Beef,Mexican,main,,114.4,72.09,218.99,,all_diets
4716,"Simple Roasted Radishes (Paleo, Whole30 + Keto)",American,main,,6.61,32.74,26.67,,all_diets
4717,Keto Low-Carb Roasted Garlic Gnocchi,Italian,main,,59.87,8.27,115.24,,all_diets
4718,"Crustless Spinach, Mushroom, And Tomato Quiche (Keto)",French,main,,54.28,32.5,151.42,,all_diets
4719,Megan R Keto Lemon Fat Bombs,British,main,,20.43,70.24,205.65,,all_diets
4720,Crispy Keto Corned Beef & Radish Hash,South American,main,,93.65,8.96,64.49,,all_diets
4721,Keto Butter Rum Blondies - Low Carb,American,main,,63.39,138.63,234.16,,all_diets
4722,Easy Keto Korean Beef With Cauli Rice,South East Asian,main,,89.67,32.44,105.26,,all_diets
4723,Keto Mushroom Spinach Stuffed Pork Loin,American,main,,325.28,30.37,153.51,,all_diets
4724,Instant Pot Keto Crack Chicken Recipe,French,main,,315.49,8.65,311.39,,all_diets
4725,Low Carb Biscuits Recipe (Keto Friendly),British,main,,65.22,42.11,180.0,,all_diets
4726,Sara Louise'S Keto Cream Of ”Risotto”,Italian,main,,18.06,40.33,103.34,,all_diets
4727,Keto Apple Dijon Pork Chops Recipe,British,main,,51.28,6.13,99.19,,all_diets
4728,Keto Chocolate Peanut Butter Fatbombs Recipes,Italian,main,,5.91,75.3,169.73,,all_diets
4729,Sara Louise'S Keto Beef Stew,American,main,,320.1,116.95,136.22,,all_diets
4730,"Peach Pulled Pork (Whole30, Paleo, Keto)",American,main,,276.4,58.43,230.98,,all_diets
4731,"Raspberry Almond Chia Pudding | Keto, Vegan",British,main,,34.91,37.2,21.84,,all_diets
4732,Keto Low Carb Rosemary-Garlic Croutons,American,main,,45.96,61.58,160.76,,all_diets
4733,"Chicken And Waffles | Keto, Gluten Free",Mediterranean,main,,281.57,261.91,512.6,,all_diets
4734,Keto Single Serve Chocolate Lava Cake,American,main,,12.25,54.31,30.22,,all_diets
4735,Keto Pumpkin Pie Spice Latte Recipes,American,main,,6.91,16.88,83.05,,all_diets
4736,Sara Louise'S Keto Almond Lemon Macaroons,French,main,,58.66,192.51,118.08,,all_diets
4737,Keto Shredded Chicken - Mexican White Chilli,Mexican,main,,197.46,46.5,116.63,,all_diets
4738,Keto Slow Cooker Braised Oxtails Recipes,American,main,,185.39,26.71,227.55,,all_diets
4739,"Tuna Omelette - Low Carb, Keto, Gf",French,main,,54.44,10.68,46.53,,all_diets
4740,Keto Mini Vanilla Cloud Cakes Recipes,American,main,,69.99,144.48,236.68,,all_diets
4741,Keto Spaghetti Squash Primavera - Low Carb,Italian,main,,33.92,34.2,67.44,,all_diets
4742,Keto Dutch Baby With Chocolate And Macadamia,Central Europe,main,,36.97,39.12,87.22,,all_diets
4743,Easy Four Cheese Pesto Zoodles - Keto,Italian,main,,139.89,240.56,195.19,,all_diets
4744,One Minute Keto Chocolate Mug Cake,American,main,,13.57,39.67,43.91,,all_diets
4745,Pork & Egg Pie (Quiche) Recipes,French,main,,158.17,141.1,294.22,,all_diets
4746,Keto Sushi Smoked Salmon Roll-Ups,Nordic,main,,51.57,14.8,64.0,,all_diets
4747,Keto Chocolate Bacon Toffee Ice Cream,British,main,,57.47,377.19,328.13,,all_diets
4748,Keto Philly Cheese Steak Skillet Dinner,American,main,,170.91,26.06,235.09,,all_diets
4749,Keto Beef Shin With Creamed Brussels Sprou,South American,main,,108.95,2.93,32.08,,all_diets
4750,Homemade Queso Dip {Keto / Low Carb},Caribbean,main,,113.94,18.23,217.03,,all_diets
4751,Keto Sheet Pan Curried Chicken - Sckc,American,main,,137.45,27.93,167.71,,all_diets
4752,Keto Salted Chocolate Olive Oil Mousse,French,main,,36.81,110.46,154.97,,all_diets
4753,Italian Meatball Casserole {Keto/Low Carb},Italian,main,,288.53,80.47,314.77,,all_diets
4754,"Keto Creamy Spinach, Mushroom, And Tomato Risotto",Italian,main,,11.46,27.52,84.72,,all_diets
4755,Asian Inspired Keto Pork Chops Recipes,Chinese,main,,150.08,16.64,65.35,,all_diets
4756,Keto Strawberry Jello Salad - Low Carb,French,main,,53.12,73.19,213.66,,all_diets
4757,Keto Crock Pot Chocolate Cake Recipes,American,main,,67.87,92.06,253.91,,all_diets
4758,90 Second Keto Bread Without Eggy Taste,American,main,,19.7,7.74,38.36,,all_diets
4759,5 Minute Keto Egg Drop Soup Recipes,Chinese,main,,22.16,14.92,26.79,,all_diets
4760,Keto Fathead Rolls (Almond Flour Free),South East Asian,main,,136.14,88.31,173.2,,all_diets
4761,Keto Pork And Veggie Cauliflower Fried Rice,Chinese,main,,133.39,42.64,74.11,,all_diets
4762,Keto Matcha CrèMe BrûLéE Recipes,French,main,,23.96,29.75,198.68,,all_diets
4763,5-Ingredient Keto And Vegan Chocolate Almond Balls,American,main,,49.36,85.59,132.62,,all_diets
4764,Easy Keto Grilled Pork Chops Marinade,French,main,,314.0,21.42,281.38,,all_diets
4765,Keto Grilled Radish Skewers With Herb Butter,Mediterranean,main,,2.02,7.45,46.27,,all_diets
4766,Keto Chipotle Red Pepper Cheese Dip,South American,main,,13.12,43.43,45.06,,all_diets
4767,Moroccan Ketchup - Keto Spicy Tomato Dip,Middle Eastern,main,,13.1,70.58,1.78,,all_diets
4768,Tzatziki: Indian Style {Low Carb And Keto},Mediterranean,main,,29.68,29.92,10.49,,all_diets
4769,Spicy Keto Deviled Eggs Without Mayo,South American,main,,53.93,28.2,92.82,,all_diets
4770,Low Carb Keto Green Bean Casserole,French,main,,47.32,67.02,110.74,,all_diets
4771,Keto Instant Pot Broccoli Cheese Soup,French,main,,106.32,105.68,180.41,,all_diets
4772,Keto Brown Butter Pecan Ice Cream,American,main,,38.35,93.45,389.26,,all_diets
4773,Keto Peanut Butter And Jelly Sandwiches Recipes,French,main,,18.51,9.35,32.54,,all_diets
4774,Keto Grilled Lobster Tails With Creole Butter,American,main,,114.36,5.29,97.18,,all_diets
4775,Keto Asian Chicken Meatballs (Nut Free),South East Asian,main,,172.75,18.9,82.14,,all_diets
4776,Keto Chili Cheese Dog Casserole Recipes,American,main,,243.39,72.42,346.65,,all_diets
4777,Keto Cheesy Beef Taco Skillet With Cauliflower,Mexican,main,,162.87,41.5,91.85,,all_diets
4778,Sara Louise'S Keto Roasted Red Peppers,Italian,main,,13.56,82.23,30.98,,all_diets
4779,Keto Stuffed Artichokes In The Instant Pot,Mediterranean,main,,74.08,94.95,145.35,,all_diets
4780,Shamrock Cheesecake Bars,American,main,,53.94,167.33,224.97,,all_diets
4781,Low Carb Keto Chicken Parmesan Recipe,Italian,main,,306.99,25.95,216.65,,all_diets
4782,No-Carb Keto Chocolate Fudge - Ketogenic Dessert,French,main,,12.44,36.18,143.93,,all_diets
4783,"Instant Pot Meatloaf (Keto, Low Carb)",French,main,,117.72,21.45,114.73,,all_diets
4784,Mexican Mocha Chia Seed Pudding (Keto),British,main,,35.62,90.72,63.23,,all_diets
4785,Keto Key Lime Pie Fat Bombs,American,main,,24.03,87.75,262.5,,all_diets
4786,Easy Keto Ham And Cheese Rolls Recipe,French,main,,119.77,16.59,120.99,,all_diets
4787,Sugar Free Keto Almond Chocolate Fudge (Ma,Italian,main,,7.55,1.49,126.42,,all_diets
4788,Keto Broccoli & Cheese Soup {Low Carb},French,main,,184.47,79.17,335.24,,all_diets
4789,Delicious Bacon And Chive Keto Deviled Eggs,Eastern Europe,main,,39.39,4.88,69.2,,all_diets
4790,Keto Teriyaki Turkey Rice Bowl Recipe,Japanese,main,,100.37,52.69,64.77,,all_diets
4791,Bacon Cups With Keema Beef {Keto Friendly},British,main,,151.07,19.05,293.68,,all_diets
4792,Keto Lamb Shanks In The Instant Pot,Middle Eastern,main,,173.98,21.25,169.66,,all_diets
4793,Instant Pot Keto Mississippi Pot Roast,British,main,,197.35,68.73,287.83,,all_diets
4794,3 Ingredient Keto Peanut Butter Mug Cake,British,main,,15.19,10.34,25.3,,all_diets
4795,Sugar And Dairy Free Keto Easter Eggs,French,main,,17.85,111.24,298.01,,all_diets
4796,Keto Almond-Crusted Bacon And Tomato Quiche,French,main,,150.09,58.33,420.32,,all_diets
4797,Keto Jalapeno Popper Frittata – Low Carb,French,main,,88.72,17.21,196.03,,all_diets
4798,Buttered Brussels Sprouts Recipes,American,main,,125.95,93.59,266.94,,all_diets
4799,The Best Creamy Keto Skillet Eggs Recipe,American,main,,70.86,7.98,100.93,,all_diets
4800,Sara Louise’S Keto First Spanish Omelette,Mediterranean,main,,39.65,18.22,49.19,,all_diets
4801,Easy Peanut Chicken Keto Stir Fry,Chinese,main,,156.27,56.12,210.47,,all_diets
4802,Keto Mini Chicken Pot Pies Recipes,American,main,,329.1,126.32,581.0,,all_diets
4803,"Keto Friendly Cauilflower, Bacon And Pumpkin Soup",American,main,,35.14,46.36,97.42,,all_diets
4804,Easy Bacon Cheeseburger Soup (Keto Friendl,Italian,main,,129.5,33.88,262.29,,all_diets
4805,One-Pot Keto Jambalaya With Cauliflower Rice,American,main,,232.61,80.3,234.1,,all_diets
4806,Okra In Spiced Yogurt {Keto Low Carb},Indian,main,,53.04,55.6,60.83,,all_diets
4807,Easy Keto Turkey Fried Rice Recipe,American,main,,111.17,53.31,72.95,,all_diets
4808,Keto Au Gratin Brussels Sprouts Recipes,French,main,,40.86,29.51,112.5,,all_diets
4809,Low Carb Chicken And Broccoli (Keto-Friendly),British,main,,86.82,112.26,153.23,,all_diets
4810,Keto And Low Carb Hamburger Casserole Recipe,American,main,,115.63,60.1,161.99,,all_diets
4811,Sara Louise'S Keto Smoked Holiday Turkey,American,main,,1092.0,49.28,313.81,,all_diets
4812,Pressure-Cooked Keto Butternut Squash Soup,American,main,,25.81,234.3,77.69,,all_diets
4813,Instant Pot Keto Smothered Pork Chops,French,main,,128.37,11.05,161.84,,all_diets
4814,Bacon Wrapped Cheese Sticks {Keto/Low Carb},American,main,,58.64,6.42,162.47,,all_diets
4815,Keto Satay Chicken Bowl With Zoodle Salad,South East Asian,main,,93.75,80.88,189.76,,all_diets
4816,Keto Peppermint Coffee Flavor Shots (Fat Bombs),British,main,,0.24,0.95,386.46,,all_diets
4817,"Crispy Chicken Thighs | Keto, Paleo, Whole 30",Italian,main,,164.03,17.95,176.27,,all_diets
4818,Tuna Egg Salad With Sour Cream (Keto),American,main,,98.33,6.68,74.47,,all_diets
4819,Easy Low-Carb Keto Broccoli Cheddar Soup,American,main,,102.64,36.71,230.98,,all_diets
4820,Keto Spicy Prawn Hand Rolls Recipes,British,main,,51.15,29.26,116.43,,all_diets
4821,"Keto Buffalo Cauliflower Chorizo ""Mac""-N-Cheese",American,main,,110.33,45.42,209.09,,all_diets
4822,Instant Pot® Keto Chicken And Kale Stew,French,main,,85.08,34.62,48.18,,all_diets
4823,Keto Vanilla Pudding ( Egg And Starch Free),British,main,,24.38,19.47,96.01,,all_diets
4824,Keto JalapeñO Popper Deviled Eggs Recipes,Mexican,main,,37.05,3.73,63.0,,all_diets
4825,Easy Instant Pot® Keto Crack Chicken,American,main,,251.8,14.6,235.28,,all_diets
4826,Sara Louise'S Keto Cheesy Squash Casserole,Italian,main,,67.87,165.33,251.08,,all_diets
4827,Easy Keto Lava Cake-Singe Serve,American,main,,10.18,25.42,29.31,,all_diets
4828,Tex Mex Chicken Salad,Mexican,main,,82.05,57.0,85.93,,all_diets
4829,Keto Mexican Melty Chicken Queso Casserole,American,main,,341.59,41.72,253.56,,all_diets
4830,Keto Spaghetti Squash With Bacon And Blue Cheese,Italian,main,,28.81,31.47,81.97,,all_diets
4831,Sara Louise'S Keto Instant Chicken Soup,French,main,,455.0,72.21,444.33,,all_diets
4832,Ultimate Keto Low Carb Bacon Cheese Burger,American,main,,23.41,10.49,70.25,,all_diets
4833,Sara Louise'S Keto Grilled Chicken Fantastics,American,main,,115.87,29.67,154.88,,all_diets
4834,"Air Fryer Cauliflower {Whole30, Paleo, Vegan, Keto}",American,main,,8.73,29.85,5.77,,all_diets
4835,Bacon Cabbage Chuck Roast Stew - Keto Makeover,American,main,,338.74,43.32,399.95,,all_diets
4836,Easy Keto Chicken Shawarma - Low Carb,Middle Eastern,main,,197.21,22.43,169.76,,all_diets
4837,Instant Pot Keto Spinach Artichoke Dip Recipe,Mediterranean,main,,124.2,51.8,296.81,,all_diets
4838,Keto Diet: Cost Breakdowns Of Popular Recipes,American,main,,227.31,27.27,430.02,,all_diets
4839,Crispy Keto Fried Chicken In The Air Fryer,Chinese,main,,166.09,124.39,158.29,,all_diets
4840,"Spaghetti Squash Chow Mein | Keto, Paleo",Italian,main,,239.49,58.31,65.29,,all_diets
4841,Best Keto Italian Ragú Aka Bolognes,Italian,main,,113.22,28.98,68.25,,all_diets
4842,Sara Louise'S Keto Chicken Crack Slaw,American,main,,136.49,53.8,144.39,,all_diets
4843,Pull-Apart Keto Pizza Bread Recipes,Italian,main,,128.97,82.16,146.26,,all_diets
4844,Vegetable Beef Soup Keto Friendly Recipe,French,main,,152.27,71.6,62.25,,all_diets
4845,Sugar Free Keto New York Baked Cheesecake,American,main,,22.21,13.73,42.8,,all_diets
4846,"Chicken Drumsticks - Keto, Paleo And Under An Hour",American,main,,291.07,17.53,148.15,,all_diets
4847,Keto Sausage Egg Casserole Recipe (No Heavy Cream),American,main,,109.7,11.65,134.41,,all_diets
4848,Sara Louise'S Keto Baked Cauliflower Florets,Mediterranean,main,,81.75,98.68,140.13,,all_diets
4849,"Tres Leches Cake | Keto, Gluten Free",South American,main,,76.73,44.47,268.12,,all_diets
4850,Keto Malaysian Curry Puffs / Karipap Recipes,Indian,main,,269.32,88.03,278.36,,all_diets
4851,Keto Coconut Curry Chicken Tenders Recipes,South East Asian,main,,138.13,32.21,210.53,,all_diets
4852,Keto Chicken Pot Pie - Low Carb,American,main,,184.43,58.62,207.79,,all_diets
4853,Keto Slow Cooker Brisket Chili Recipe,American,main,,148.04,60.43,212.34,,all_diets
4854,Keto Egg Recipe: Asiago Cheese Cloud Eggs,American,main,,55.71,4.86,41.04,,all_diets
4855,Keto Stuffed Peppers With Cauliflower Rice Recipe,Mediterranean,main,,88.5,49.93,106.59,,all_diets
4856,Keto Pork Chops Recipe For Busy Family,American,main,,133.19,33.45,192.7,,all_diets
4857,Sara Louise'S Keto Lemon Zucchini Bread,American,main,,35.96,137.03,60.51,,all_diets
4858,Keto Tex-Mex Ground Beef Casserole,Mexican,main,,190.56,57.05,239.65,,all_diets
4859,Keto Thai Chicken Flatbread Pizza Recipes,South East Asian,main,,255.67,97.13,359.99,,all_diets
4860,Keto No Bake Noatmeal Fudge Bars Recipes,American,main,,145.02,207.35,507.65,,all_diets
4861,Keto Eggplant Burgers Recipe (Chinese Qiezi He),Chinese,main,,55.52,40.04,53.65,,all_diets
4862,Low Carb & Keto-Friendly Baked Onion Rings,American,main,,55.31,46.35,45.23,,all_diets
4863,Pork Chops Keto Recipe With Asparagus And Mushrooms,American,main,,111.27,39.74,87.27,,all_diets
4864,Keto Cheesy Shrimp Soup Recipe Lchf Recipes,American,main,,224.31,46.31,271.65,,all_diets
4865,"Keto Beef Tips With Mushrooms, Onions, And Gravy",French,main,,96.76,19.16,63.61,,all_diets
4866,Sara Louise'S Keto Turkey Zucchini Burgers,American,main,,101.03,19.67,95.98,,all_diets
4867,Keto No Bake Pumpkin Pie Cheesecake Recipes,American,main,,41.06,49.82,206.62,,all_diets
4868,Keto Strawberry Mousse Cake - Low Carb,French,main,,160.15,189.37,612.58,,all_diets
4869,Why Salmon The Best For Keto Diet — Steemit,Nordic,main,,53.17,5.94,34.58,,all_diets
4870,Sara Louise'S Keto Tunisian Spicy Tuna,South American,main,,261.41,43.76,114.79,,all_diets
4871,Creamy Keto Cucumber Salad [5-Min Recipe],American,main,,1.58,10.39,22.57,,all_diets
4872,"Keto Salmon Curry Recipe [Paleo, Low-Carb]",Nordic,main,,100.2,30.96,104.15,,all_diets
4873,"Carrot Cake Cheesecake | Keto, Instant Pot",American,main,,59.9,122.72,232.24,,all_diets
4874,Keto Vegan Roasted Garlic Smashed Cauliflower | Blog,American,main,,12.97,33.4,44.15,,all_diets
4875,Sara Louise'S Keto Chicken Fried “Rice”,Chinese,main,,134.49,45.94,83.48,,all_diets
4876,"Sausage Stuffed Portobello Mushrooms (Paleo, Whole30 + Keto)",Italian,main,,157.17,63.84,229.46,,all_diets
4877,Roasted Leeks With Eggs (Paleo And Keto-Friendly),French,main,,24.25,58.84,242.0,,all_diets
4878,Keto Adobo Air Fried Chicken Thighs Recipe,Mediterranean,main,,160.26,8.18,174.45,,all_diets
4879,Easy Keto Thai Skillet Chicken Recipes,South East Asian,main,,118.1,70.22,178.22,,all_diets
4880,Keto Sausage And Wild Cauliflower Rice Casserole,American,main,,127.3,106.15,219.08,,all_diets
4881,Keto French Fries - Low Carb Jicama Fries,American,main,,4.9,48.95,55.11,,all_diets
4882,Sara Louise'S Keto Louisiana Chicken Gumbo,American,main,,189.01,102.88,274.89,,all_diets
4883,Keto Lemon-Garlic Chicken Thighs In The Air Fryer,Mediterranean,main,,128.65,11.21,155.67,,all_diets
4884,Broccoli Cauliflower Soup,Central Europe,main,,50.26,100.93,27.18,,all_diets
4885,Instant Pot® Keto Pumpkin Soup With Sausage,American,main,,60.47,72.4,107.03,,all_diets
4886,Raw Vegan Keto Strawberry Crumble (Sweetener-Free),American,main,,14.11,52.65,56.69,,all_diets
4887,Sara Louise'S Keto Vegetable Meat Loaf,American,main,,253.14,86.4,94.61,,all_diets
4888,Giant Stuffed 3 Cheese Meatballs | Keto Recipes,American,main,,180.13,12.63,134.44,,all_diets
4889,Jalapeno And Cheddar Cauliflower Muffins - Keto Recipe,British,main,,125.8,41.11,157.48,,all_diets
4890,Dark Chocolate Espresso Paleo And Keto Mug Cake,French,main,,16.95,58.01,70.58,,all_diets
4891,"Whole30 + Paleo Frittata {Dairy-Free, Gf, Keto}",Italian,main,,52.67,21.36,49.83,,all_diets
4892,Brown Butter Pecan Keto Ice Cream Recipes,American,main,,10.94,16.48,169.72,,all_diets
4893,Sara Louise'S Keto Beef Zucchini Lasagna,Italian,main,,203.78,144.66,305.14,,all_diets
4894,Low Carb Lemon Bar Recipe - Keto & Glu,American,main,,52.28,59.98,273.09,,all_diets
4895,Low Carb Keto Asiago Alfredo Brussels Sprouts,Italian,main,,95.67,97.25,191.06,,all_diets
4896,Easy Low Carb Keto Creamed Spinach Recipe,French,main,,18.56,23.32,118.65,,all_diets
4897,Keto Teriyaki Beef On A Stick - Low Carb,Japanese,main,,101.88,5.57,27.28,,all_diets
4898,Keto Egg Roll In A Bowl [Recipe] Recipes,Italian,main,,96.71,72.16,111.75,,all_diets
4899,Keto Coconut Flour Tortillas/ From Primaledgehealth.Com,Mexican,main,,15.17,7.84,36.47,,all_diets
4900,Keto Carrot Cake With Cream Cheese Frosting,American,main,,76.43,155.74,250.22,,all_diets
4901,Keto Gluten-Free Almond Carrot Cake Recipes,British,main,,49.48,46.71,202.89,,all_diets
4902,Keto Salmon And Creamy Turmeric Veggies Recipes,Nordic,main,,156.7,68.03,160.89,,all_diets
4903,[Dressing Ingredients Missing] Keto Mediterranean Broccoli Salad,Mediterranean,main,,27.66,71.18,25.82,,all_diets
4904,"Chinese Chicken And Broccoli | Keto, Low Calorie",Chinese,main,,232.64,63.01,46.03,,all_diets
4905,Instant Pot Bacon Cheddar Egg Bites (Keto),French,main,,93.03,10.26,162.68,,all_diets
4906,Sara Louise'S Keto Fat Bomb Lettuce Wraps,French,main,,29.45,22.69,158.24,,all_diets
4907,"Chinese Bamboo Salad Recipe [Paleo, Aip, Keto]",Chinese,main,,3.94,7.38,14.61,,all_diets
4908,"Mini Bacon Wrapped Meatloaf (Paleo, Whole30, Keto)",American,main,,108.19,19.83,220.57,,all_diets
4909,Loaded Keto Potato Dip (Low Carb Friendly),British,main,,12.8,10.69,82.27,,all_diets
4910,Cajun Butter Steak Bites,American,main,,134.33,16.43,171.92,,all_diets
4911,The Best Keto Beef Stew Crockpot Recipe,South American,main,,229.55,90.35,76.82,,all_diets
4912,Keto Chicken Broccoli Casserole With Cream Cheese,American,main,,202.77,62.82,227.46,,all_diets
4913,Cabbage Soup Recipe [Keto & Low Carb] Recipes,Middle Eastern,main,,176.06,97.47,184.35,,all_diets
4914,"Whole30 Ground Beef Taco Meat (Keto, Paleo)",Mexican,main,,89.43,47.16,106.19,,all_diets
4915,"Leftover Turkey Stir-Fry (Paleo, Whole30 + Keto)",American,main,,131.1,36.31,31.61,,all_diets
4916,Keto Waffles Stuffed With Cream Cheese [Recipe] Recipes,American,main,,28.41,3.95,81.41,,all_diets
4917,Keto Pumpkin Cheesecake With Almond Pecan Crust,American,main,,114.22,141.2,294.77,,all_diets
4918,"Mayo Free Deviled Eggs (Paleo, Whole30 + Keto)",Italian,main,,766.99,41.29,287.59,,all_diets
4919,Keto Chocolate Peanut Butter Mug Cake Recipes,American,main,,13.48,34.39,44.04,,all_diets
4920,Pressure Cooker Keto Creamy Shrimp Scampi Recipes,Chinese,main,,156.32,179.87,64.86,,all_diets
4921,"Crispy Turnip Fries {Whole30, Paleo, Vegan, Keto}",American,main,,2.93,26.02,29.02,,all_diets
4922,"Creamy Asparagus Mash Recipe [Paleo, Keto, Aip]",Mediterranean,main,,5.21,12.02,13.93,,all_diets
4923,Low Carb Sugar Free Keto Blueberry Muffins,American,main,,92.13,110.8,264.5,,all_diets
4924,Keto Broccoli Cottage Cheese Balls (Low Carb),American,main,,57.88,40.87,72.68,,all_diets
4925,Keto Fried Chicken {Asiago & Parmesan Breading} Recipes,American,main,,295.13,8.26,159.48,,all_diets
4926,Keto Air Fryer Salmon Cakes With Sriracha Mayo,Nordic,main,,106.95,10.4,128.73,,all_diets
4927,Vegan Keto Spaghetti Squash (Happy Thanksgiving!) Recipes,American,main,,4.32,40.55,30.4,,all_diets
4928,"Paleo Chicken Noodle Soup Recipe [Aip, Keto]",Asian,main,,57.43,33.95,53.48,,all_diets
4929,Southern Green Beans {Keto Friendly/Low Carb},American,main,,19.77,76.72,45.05,,all_diets
4930,"Keto Short Rib Ragu - Instant Pot, Sckc",French,main,,219.27,47.01,566.84,,all_diets
4931,"Low-Carb, Keto Cheeseburger Stuffed Peppers Recipe",American,main,,106.98,76.95,106.47,,all_diets
4932,"Flourless Pumpkin Mug Cake (Keto, Low Carb)",American,main,,13.43,30.38,29.87,,all_diets
4933,Keto Instant Pot® Soup (Low Carb),American,main,,116.4,108.63,148.25,,all_diets
4934,Low/Carb - Keto Friendly Cauliflower Crust Pizza,Italian,main,,219.29,29.05,302.26,,all_diets
4935,Simple Keto Bbq Pulled Chicken Recipes,American,main,,439.53,51.04,372.3,,all_diets
4936,"Lemon Garlic Baked Shrimp Recipe [Paleo, Keto]",Mediterranean,main,,99.82,31.72,29.53,,all_diets
4937,One-Pan Keto Chicken Breast With Vegetable Ragout,American,main,,137.9,46.56,80.18,,all_diets
4938,"Easy Low-Carb, Keto Spinach Dip Recipe",American,main,,84.62,30.05,163.5,,all_diets
4939,Easy Creamy Garlic Parmesan Keto Pork Chops,American,main,,188.74,22.87,217.86,,all_diets
4940,Mad Creations Keto Greek Garlic Lemon Marinade,Mediterranean,main,,2.66,19.09,109.09,,all_diets
4941,"Low-Carb Almond Coconut Sandies (Keto, Gluten-Free)",American,main,,33.79,44.65,183.53,,all_diets
4942,Keto Chilli Chicken | Andhra Style Chicken Recipe,French,main,,297.22,50.45,301.39,,all_diets
4943,"Raspberry Arugula Salad Recipe [Paleo, Keto, Aip]",Mediterranean,main,,5.06,21.21,19.52,,all_diets
4944,Aunt Rocky’S Crustless Quiche Lorraine (Lchf/Keto),French,main,,71.79,35.12,138.53,,all_diets
4945,Dairy-Free Keto And Vegan Chocolate Fat Bombs,American,main,,34.63,48.42,184.27,,all_diets
4946,Sara Louise'S Keto Lemon Basil Roasted Chicken,Mediterranean,main,,348.25,20.35,322.36,,all_diets
4947,"Homemade Ketchup Recipe | Sugar Free, Keto, And Paleo",American,main,,8.27,42.17,1.08,,all_diets
4948,Keto Turkey Meatballs With Sour Cream-Horseradish Dip,American,main,,139.58,32.11,136.32,,all_diets
4949,Sara Louise'S Keto Lime Cilantro Grilled Chicken,Mediterranean,main,,113.65,12.88,221.16,,all_diets
4950,White Chocolate Nut-Free Keto And Vegan Fat Bombs,American,main,,0.0,0.45,218.0,,all_diets
4951,Keto Diet Recipe - Bacon Wrapped Asparagus With Eggs,American,main,,40.95,12.42,74.19,,all_diets
4952,Low-Carb Keto Chicken “Noodle” Soup Recipes,Asian,main,,171.31,285.58,77.14,,all_diets
4953,"Chicken Alfredo Spaghetti Squash Low-Carb, Keto",Italian,main,,96.92,47.95,231.94,,all_diets
4954,"Sesame Ginger Fish Cakes (Paleo, Whole30 + Keto)",South East Asian,main,,99.21,50.6,44.65,,all_diets
4955,Sara Louise'S Keto Overnight Marinated Rosemary Chicken,American,main,,142.56,10.1,171.38,,all_diets
4956,Keto Pumpkin Spice Haystack Cookies - Low Carb,American,main,,21.43,49.02,245.96,,all_diets
4957,Easiest Keto Meatza You’Ll Ever Make! Recipes,American,main,,149.54,21.9,110.64,,all_diets
4958,Green Buttered Eggs - Keto And Low Carb Recipes,American,main,,23.48,6.11,53.51,,all_diets
4959,Easy Keto Shrimp Scampi - Low Carb & G,Chinese,main,,127.05,39.09,61.23,,all_diets
4960,"Keto Shrimp Fried Rice [Grain-Free, Paleo]",Chinese,main,,55.56,22.35,61.89,,all_diets
4961,Instant Pot® Keto Crustless Spinach And Gouda Quiche,French,main,,65.94,23.16,110.41,,all_diets
4962,Keto Faux Sous Vide Egg Bites Recipes,French,main,,143.67,18.13,200.66,,all_diets
4963,"Crockpot Chicken Enchilada Bowls (Paleo, Whole30 + Keto)",South American,main,,139.86,76.81,135.28,,all_diets
4964,Keto Pecan-Crusted Pork Chops In The Air Fryer,American,main,,184.97,22.69,183.99,,all_diets
4965,"Caesar Turkey Burger Bowls (Paleo, Whole30 + Keto)",American,main,,169.12,30.04,230.99,,all_diets
4966,Aunt Rocky’S Keto Pumpkin Spice Latte (Sugar-Free),World,main,,1.13,41.1,11.31,,all_diets
4967,Quick And Easy Keto Sweet And Sour Sesame Chicken,Chinese,main,,77.35,14.08,103.7,,all_diets
4968,Slow Cooker Keto Chicken Tikka Masala Recipes,Indian,main,,204.39,59.2,354.32,,all_diets
4969,"Crispy Cauliflower Salad | Paleo, Keto, Low-Carb",French,main,,35.07,72.95,78.1,,all_diets
4970,"Bacon Sausage And Zucchini Casserole (Paleo, Whole30 + Keto)",Italian,main,,153.22,37.26,235.3,,all_diets
4971,Air Fried Asparagus With Garlic And Parmesan | Keto Friendly,American,main,,3.75,1.26,6.93,,all_diets
4972,Keto Instant Pot Red Wine Pork Stew,French,main,,109.86,35.36,164.8,,all_diets
4973,"5-Min Prosciutto Avocado Fat Bomb Recipe [Paleo, Keto]",Italian,main,,50.36,24.7,43.33,,all_diets
4974,"Turkey Meatballs (Low-Carb, Keto, Gluten-Free)",American,main,,231.23,17.2,298.63,,all_diets
4975,Priya’S #Keto Chocolate And Peanut Butter Fingers Recipes,American,main,,28.94,131.03,133.98,,all_diets
4976,Priya'S Yummy Keto Yogurt Soup - Vegetarian Recipe,American,main,,5.66,13.22,17.28,,all_diets
4977,Keto Lo Mein - Low Carb & Gluten Free,Chinese,main,,74.91,92.07,55.57,,all_diets
4978,"Low Carb Salmon Cakes (Keto, Grain Free)",Nordic,main,,656.95,13.25,501.19,,all_diets
4979,Easy Keto Broccoli Slaw Recipe (Low Carb A,American,main,,11.34,29.01,75.19,,all_diets
4980,Sara Louise'S Keto Sweet Chicken And Jalapeno Slices,American,main,,285.5,115.26,126.23,,all_diets
4981,"Easy Keto Tuna Salad - Low Carb, Paleo, Wh",American,main,,122.72,1.61,39.47,,all_diets
4982,Keto Pork Chops Al Pastor - Low Carb,Italian,main,,108.02,12.96,151.9,,all_diets
4983,Keto Grain-Free Bacon And Shrimp Risotto Recipes,Italian,main,,34.81,20.43,18.95,,all_diets
4984,"Roasted Radish Hash (Aip, Paleo, Keto, Low-Fodmap)",American,main,,4.02,19.88,20.85,,all_diets
4985,"Moo Goo Gai Pan | Keto, Gluten Free",Chinese,main,,242.32,149.7,68.24,,all_diets
4986,Keto Low-Carb Creamy Garlic Shrimp Alfredo,Italian,main,,114.37,32.89,177.04,,all_diets
4987,Crock-Pot Beef Stew {Keto/Low Carb},American,main,,159.54,77.39,69.35,,all_diets
4988,Keto Nutty Chocolate Cups - Delicious Low Carb Snack,American,main,,62.39,153.83,158.72,,all_diets
4989,"Gluten Free, Keto Friendly, Low Carb, Pie Crust",British,main,,43.48,102.28,134.1,,all_diets
4990,"Fish And Leek Saute Recipe [Paleo, Aip, Keto]",Mediterranean,main,,49.88,13.97,18.07,,all_diets
4991,"Greek Chicken Burgers (Paleo, Whole30, Keto, Aip)",Mediterranean,main,,95.51,45.45,74.93,,all_diets
4992,Keto Low Carb Green Thai Chicken Curry,South East Asian,main,,211.52,246.0,397.35,,all_diets
4993,"Paleo Egg Frittata Muffins Recipe [Keto, Dairy-Free]",American,main,,48.87,17.02,57.69,,all_diets
4994,Low Carb And Keto Chicken Alfredo Pasta Re,Italian,main,,141.3,117.92,276.21,,all_diets
4995,Sara Louise'S Keto Korean Beef Zo Mein,Italian,main,,220.23,57.19,115.84,,all_diets
4996,Keto Smoky Chicken And Vegetable Sheet Pan Dinner,British,main,,211.65,96.02,237.49,,all_diets
4997,Instant Pot Or Foodi Keto Steak Rolls And Asparagus,French,main,,194.45,33.01,170.3,,all_diets
4998,"Crispy Air Fryer Pork Chops | Keto, Gluten Free",Nordic,main,,167.82,12.79,85.36,,all_diets
4999,"Paleo Passion Fruit Side Salad Recipe [Keto, Aip]",Italian,main,,2.05,7.75,11.34,,all_diets
5000,Keto Low Carb Baked Crack Chicken Cups Recipe,American,main,,313.07,12.35,114.87,,all_diets
5001,"Strawberry Matcha Chia Pudding Recipe [Paleo, Keto, Vegan]",British,main,,6.4,13.74,40.33,,all_diets
5002,"Turkey And Summer Vegetable Soup (Paleo, Whole30 + Keto)",American,main,,242.35,156.35,111.04,,all_diets
5003,Keto Low Carb Vanilla And Chocolate Fudgesicle #Ketolicious,American,main,,16.18,35.57,187.88,,all_diets
5004,Sausage Cheese Balls – Low Carb / Keto Friendly Recipe,American,main,,108.39,291.76,97.26,,all_diets
5005,Sara Louise'S Keto Thai Coconut Curry Soup,South East Asian,main,,31.54,151.04,285.54,,all_diets
5006,"Keto Cauliflower Hash Browns (Grain Free, Low Carb)",French,main,,45.28,19.44,29.66,,all_diets
5007,Keto Lime Pork Chops {Crock Pot Meals} Recipes,American,main,,342.17,18.79,96.14,,all_diets
5008,Air Fryer Keto Low Carb Fried Chicken Recipe,American,main,,235.37,21.22,126.31,,all_diets
5009,The Best Keto Low Carb Vegetable Soup Recipe,American,main,,77.09,187.62,56.07,,all_diets
5010,Keto Fathead Pizza And Pigs In A Blanket (Gaps Too!),Italian,main,,125.05,28.72,160.02,,all_diets
5011,"Raw Italian Cauliflower Salad Recipe [Paleo, Keto, Aip]",Italian,main,,4.57,13.59,29.47,,all_diets
5012,"Gluten Free, Keto Friendly, Low Carb, Pound Cake",French,main,,120.27,368.37,341.92,,all_diets
5013,"Keto Broccoli Salad - Low Carb, Gluten-Free, Ketogenic",American,main,,57.87,29.67,284.12,,all_diets
5014,"Air Fryer Keto Fried Chicken | Paleo, Gluten Free",American,main,,286.43,23.91,262.67,,all_diets
5015,"Keto Cauliflower Pizza Crust | Thin, Crispy, Dairy Free",Italian,main,,33.04,54.69,37.79,,all_diets
5016,Keto Mongolian Beef | Instant Pot Or Slow Cooker,Asian,main,,209.09,30.18,107.41,,all_diets
5017,Keto Bbq Chicken Pizza (Dairy Free Crust) Recipes,Italian,main,,118.21,93.01,118.82,,all_diets
5018,Shan'S Wilted Spinach Salad (Keto/Low Carb Friendly),American,main,,13.16,17.92,12.79,,all_diets
5019,Keto Eggs Benedict Casserole With Easy Hollandaise Sauce,French,main,,216.64,76.64,396.84,,all_diets
5020,Keto Collard Greens With Burst Cherry Tomatoes [Recipe] Recipes,South American,main,,25.79,30.46,36.65,,all_diets
5021,"Keto Beef Barley Soup - Instant Pot, Whole 30",American,main,,345.68,67.33,154.08,,all_diets
5022,Cheese Spinach Stuffed Chicken Breast (Keto / Low Carb),British,main,,216.17,7.21,76.41,,all_diets
5023,Herb-Loaded Keto Pork Meatballs With Zucchini Noodles,Asian,main,,309.63,1047.29,161.25,,all_diets
5024,Keto Low Carb Hot Tuscan Chicken Casserole #Ketolicious,Italian,main,,111.85,23.42,244.27,,all_diets
5025,"Easy Keto Basil Pesto Recipe [Dairy-Free, No Cheese]",Italian,main,,9.5,11.52,12.53,,all_diets
5026,Keto Chicken Breast Pot Pie With Cauliflower Crust,British,main,,104.27,73.24,126.48,,all_diets
5027,Aunt Rocky’S Strawberry Crème Fraîche Instant Keto Dessert,French,main,,0.94,10.41,11.08,,all_diets
5028,"Cauliflower Tabouli (Tabbouleh) Salad Recipe [Paleo, Keto, Aip]",Middle Eastern,main,,3.13,12.46,14.1,,all_diets
5029,Oven-Baked Keto Chicken Thighs With Creamed Spinach And Mushrooms,American,main,,363.53,90.5,491.97,,all_diets
5030,Paleo Beef With Broccoli (Whole30/Keto Friendly) Recipes,Italian,main,,105.64,79.35,132.76,,all_diets
5031,Sara Louise'S Keto Creamy Lemon Fillet Of Fish,American,main,,196.46,33.36,214.78,,all_diets
5032,"Keto Chicken Sausage Salad With Bacon, Cheese, And Avocado",American,main,,48.16,47.76,150.23,,all_diets
5033,Keto Cheddar Biscuits With Coconut Flour And Sesame Flour,American,main,,277.07,53.8,262.18,,all_diets
5034,"Crunchy Salad Toppers (Whole30, Paleo, Gf, Keto, Vegan)",American,main,,34.27,20.99,72.53,,all_diets
5035,Ketogenic Til Laddoo Or Sesame Sweet | Indian Keto Dessert,Indian,main,,21.12,31.11,100.74,,all_diets
5036,"Low Carb Onion Rings - Gluten-Free, Keto Recipes",American,main,,115.23,51.5,183.16,,all_diets
5037,"Keto Chicken Cabbage Casserole (Low Carb, Primal, Gaps)",Middle Eastern,main,,194.51,44.51,159.21,,all_diets
5038,Thai Chicken Wings - Peak Gai Yang - Keto - Lchf,South East Asian,main,,11.64,26.01,19.29,,all_diets
5039,"Avocado Cucumber Ginger Salad Recipe [Paleo, Keto, Aip]",American,main,,3.69,19.07,24.77,,all_diets
5040,Keto Lemon Chicken With Asparagus | Easy Low Carb Recipe,British,main,,143.31,31.76,152.31,,all_diets
5041,"Low-Carb, Keto Tarts With Berries And Mascarpone Cream",American,main,,69.25,93.92,271.34,,all_diets
5042,Keto Beef Rags – Low Carb & Diabetic Friendly Recipes,British,main,,262.54,21.82,293.64,,all_diets
5043,"Parmesan Chicken Nuggets Recipe – Low Carb, Keto Diet Recipes",American,main,,120.19,5.53,119.48,,all_diets
5044,Keto Roasted Raan | Delicious Low-Carb Lamb Recipe,British,main,,266.77,74.77,375.73,,all_diets
5045,Sara Louise'S Keto Smoked Salmon And Feta Cheese Quiche,Nordic,main,,140.39,13.64,119.4,,all_diets
5046,"Marinated Mushrooms Recipe – {Vegan, Keto, Paleo, Gluten-Free}",American,main,,25.12,77.07,436.57,,all_diets
5047,Keto Protein Desserts: Made With Your Favourite Protien Powder,American,main,,28.08,9.29,18.37,,all_diets
5048,"Garlic Oregano Olive Tapenade Recipe [Paleo, Aip, Keto]",Mediterranean,main,,50.64,21.61,63.52,,all_diets
5049,"Mushroom, Spinach And Bacon Egg Muffins (Paleo, Whole30 + Keto)",American,main,,106.32,58.7,215.74,,all_diets
5050,Keto Instant Pot Or Slow Cooker Chili Queso Dip,American,main,,42.21,8.19,84.89,,all_diets
5051,"Keto Lemon Cake With Blueberries {Low-Carb, Gluten-Free}",American,main,,59.87,46.37,100.58,,all_diets
5052,Keto Low Carb Pot Roast Slow Cooker Recipe,American,main,,398.82,45.74,127.03,,all_diets
5053,"Slow Cooker Zuppa Toscana (Low Carb, Keto Friendly)",Italian,main,,151.15,101.29,398.5,,all_diets
5054,"Low Carb Hamburger Soup Recipe (Whole30, Keto, Paleo)",American,main,,173.6,73.82,208.8,,all_diets
5055,Keto Low Carb Pizza Casserole Recipe (Easy) - 5 Ingredients,Italian,main,,147.72,89.22,188.27,,all_diets
5056,"No Churn Mint Chip Ice Cream | Keto, Sugar Free",American,main,,12.69,171.37,212.24,,all_diets
5057,"Cream Cheese Spinach Stuffed Chicken (Low-Carb, Keto)",American,main,,112.64,15.78,98.81,,all_diets
5058,"Easy Crockpot Chicken Stew (Low Carb, Keto) Recipes",American,main,,149.85,46.0,182.67,,all_diets
5059,"Chocolate Coconut Coffee Creamer {Paleo, Dairy-Free, Keto, Vegan}",American,main,,2.21,14.72,28.6,,all_diets
5060,Broccoli Cheddar Soup (Keto-3.7 Net Carbs Per Serving),American,main,,116.23,192.1,347.33,,all_diets
5061,"Super Sloppy Joe Stuffed Peppers (Keto, Low Carb)",American,main,,130.71,44.36,163.82,,all_diets
5062,Easy Keto Low Carb Meatballs Recipe - Italian Style,Italian,main,,104.51,28.37,114.97,,all_diets
5063,"Taco Salad - Low Carb, Keto, Gluten-Free Recipes",Mexican,main,,57.77,33.73,80.7,,all_diets
5064,Low Carb Keto Sausage Balls Recipe With Cream Cheese,American,main,,197.31,65.09,391.43,,all_diets
5065,"Chicken Skillet With Bacon Brussels Sprouts (Paleo, Whole30 + Keto)",Italian,main,,284.3,60.25,99.57,,all_diets
5066,Easy Keto Shrimp Scampi - Low Carb & Gluten Free,South East Asian,main,,127.05,39.09,61.23,,all_diets
5067,Chicken Parmigiana (Keto/Gluten-Free/Low-Carb) Recipes,Italian,main,,248.2,64.35,171.14,,all_diets
5068,The Best Low Carb Keto Psyllium-Flax Bread Recipes,American,main,,107.72,187.02,171.45,,all_diets
5069,Chicken Pot Pie Soup | Keto | Low Carb Recipe,American,main,,59.87,20.07,102.26,,all_diets
5070,"Coconut Oil Baked Spaghetti Squash Recipe [Paleo, Aip, Keto]",Italian,main,,2.59,27.92,16.12,,all_diets
5071,"Paleo Caesar Dressing Recipe (2 Methods) [Keto, Dairy-Free]",American,main,,12.28,5.99,227.86,,all_diets
5072,Low Carb And Keto Chocolate Candy Kisses (Baci) Recipes,American,main,,16.84,37.21,139.49,,all_diets
5073,Low Carb Keto Soy Wrapped Spicy Salmon Sushi Roll,Nordic,main,,88.9,8.65,91.63,,all_diets
5074,"Keto Chicken Cauliflower Casserole Recipe [Dairy-Free, Paleo]",Italian,main,,114.07,102.01,147.95,,all_diets
5075,Instant Pot Broccoli Cheese Soup--Huge Batch Keto,American,main,,186.92,148.87,801.84,,all_diets
5076,"Low Carb Mexican Pizza - Keto, Gluten Free Recipes",Italian,main,,138.46,38.44,208.23,,all_diets
5077,"Baked Tuna Melt Jalapeño Poppers (Keto, Gluten-Free)",Mexican,main,,294.53,187.42,280.9,,all_diets
5078,Keto Pizza Cauliflower Casserole (Low Carb And Gluten Free),Italian,main,,270.18,78.05,406.22,,all_diets
5079,Sara Louise'S Keto Hungarian Chicken Paprikash (Instant Pot),Central Europe,main,,243.48,67.79,230.33,,all_diets
5080,"Paleo Passion Fruit Coconut Yogurt Parfait Recipe [Aip, Keto]",French,main,,1.69,507.23,3.13,,all_diets
5081,Wednesday Keto Diet Plan | Veg And Non-Vegetarian Recipes,American,main,,187.76,47.75,276.05,,all_diets
5082,"Almond Butter Freezer Fudge (Keto, Vegan, Gluten-Free, Paleo)",American,main,,55.06,75.09,200.22,,all_diets
5083,Keto Rocket Fuel Cafe Mocha With Chia Seeds Recipes,American,main,,4.5,9.77,27.72,,all_diets
5084,Priya'S Keto Avocado Garlic Chutney - Step By Step Recipe,Indian,main,,7.46,32.94,32.35,,all_diets
5085,Broccoli Kale Pizza Crust Recipe | Crispy Keto Pizza Crust,Italian,main,,47.53,71.41,39.84,,all_diets
5086,"Blta Stuffed Tomatoes - Low Carb, Paleo, Keto, Gf Recipes",Italian,main,,26.2,35.95,110.12,,all_diets
5087,Sara Louise'S Keto Herbed Mustard Cod With Cauliflower Rice,Mediterranean,main,,126.08,15.35,51.93,,all_diets
5088,4-Ingredient Thm Chocolate Coconut Candy (Easy Keto Fat Bombs!),French,main,,4.22,13.09,220.95,,all_diets
5089,Instant Pot® Keto Thai Chicken Soup (Tom Kha Gai),South East Asian,main,,175.18,57.38,209.5,,all_diets
5090,"Chocolate Keto Brownies (Low Carb, Sugar-Free, Grain-Free)",French,main,,34.4,32.72,123.11,,all_diets
5091,"Dry Rubbed Ribs - Low Carb, Keto, Gluten-Free Recipes",American,main,,210.22,23.49,180.76,,all_diets
5092,Coconut Curry Chicken: A Keto Low Carb Curry Recipe,Indian,main,,109.96,48.36,141.36,,all_diets
5093,"Keto Chicken Jalapeno Poppers Recipe [Dairy-Free, Low Carb, Paleo]",American,main,,58.62,4.96,85.31,,all_diets
5094,"Pumpkin Spice Vegan Keto Doughnuts (Paleo, Nut Free) Recipes",American,main,,8.88,36.52,37.88,,all_diets
5095,Sheet Pan Keto Chicken Sausage With Roasted Brussels Sprouts And Tomatoes,Mediterranean,main,,27.5,27.64,76.82,,all_diets
5096,Ultimate Keto Fathead Cauliflower Pizza Crust In The Known Universe,Italian,main,,53.33,34.03,79.24,,all_diets
5097,"Creamy Avocado Zoodles With Bacon {Keto, Low Carb, Paleo} — Steemit",American,main,,22.38,35.8,75.69,,all_diets
5098,"Creamy Paleo Cauliflower Mash Recipe [Dairy-Free, Keto, Aip]",American,main,,6.39,15.09,38.84,,all_diets
5099,"Dijon Chicken Drummies - Low Carb, Gluten-Free, Keto Recipes",French,main,,42.48,41.15,69.99,,all_diets
5100,Making Low Carb Keto Ice Cream For The First Time Recipes,American,main,,14.34,22.86,120.23,,all_diets
5101,Meat Lover'S Scramble Keto Egg Bake (Low Carb Friendly),American,main,,136.56,16.11,216.83,,all_diets
5102,"Gluten Free, Keto Friendly, Low Carb, Buffalo Chicken Casserole",American,main,,130.95,51.54,216.56,,all_diets
5103,"Keto Cauliflower Fried Rice Recipe, Low Calorie, Low Carb",Chinese,main,,32.67,58.26,39.18,,all_diets
5104,Creamy Blue Cheese Dressing – Low Carb Keto Nom! Recipes,American,main,,14.56,5.83,64.8,,all_diets
5105,Sara Louise'S Keto Four Cheese Zucchini And Cauliflower Gratin,French,main,,194.27,92.43,382.12,,all_diets
5106,"Keto Samoa Bars {Thm:S, Low Carb, Ketogenic, Sugar-Free}",American,main,,11.3,63.57,163.0,,all_diets
5107,Easy Low Carb Egg Salad And Day One Back On Keto,American,main,,32.7,3.07,46.98,,all_diets
5108,Easy Fresh Salsa – Low Carb Keto | Sugar Free Recipes,Mexican,main,,8.54,45.23,29.4,,all_diets
5109,"No-Cook Refreshing Mint Avocado Chilled Soup [Paleo, Keto, Aip]",American,main,,8.96,25.55,78.44,,all_diets
5110,Zesty Keto Chicken Broth With Broccoli Rice And Leafy Greens,American,main,,138.71,89.43,122.45,,all_diets
5111,Instant Pot® Keto Chicken Thighs In Lemon-Garlic Cream Sauce,American,main,,137.9,29.16,225.61,,all_diets
5112,Easy Keto Broccoli Slaw Recipe (Low Carb And Gluten Free),American,main,,11.34,29.01,75.19,,all_diets
5113,Keto Broccoli Cheddar Muffins (Gluten-Free/Low Carb) Recipes,Italian,main,,107.72,67.4,185.7,,all_diets
5114,"Keto Strip Steak Lettuce Wraps (Low Carb, Grain Free)",American,main,,180.65,51.49,165.55,,all_diets
5115,"Oven Roasted Garlic Parmesan Cabbage Steaks (Keto, Gaps, Low-Carb)",American,main,,17.59,21.55,44.56,,all_diets
5116,Interested In The Keto Diet? Try This Noodle Bowl | Cbc News,Asian,main,,37.81,86.64,22.39,,all_diets
5117,"Broccoli & Chicken Stir Fry Recipe – Low Carb, Keto & Paleo Recipes",Chinese,main,,104.47,48.84,99.09,,all_diets
5118,Fat Bomb Chive Cream Cheese Dip | Keto Fat Bomb Recipe,American,main,,15.82,13.9,133.7,,all_diets
5119,"Fresh Chive And Bacon Fat Roasted Black Radishes (Aip/Paleo, Keto)",French,main,,3.48,15.94,51.88,,all_diets
5120,"Aip Lime Pickled Radishes [Paleo, Keto] – An Easy Side Dish Recipe",American,main,,0.4,4.35,0.09,,all_diets
5121,"Low Carb Crispy Walnut Shrimp - Gluten-Free, Keto, Lchf Recipes",American,main,,100.18,10.03,103.53,,all_diets
5122,Bombay Sloppy Joe On Low-Carb Buns Recipes,American,main,,109.33,71.68,135.26,,all_diets
5123,"Crispy Fried Onions {Gluten-Free Fried Onions} - Whole30, Paleo, Keto",French,main,,29.05,107.97,99.77,,all_diets
5124,Low-Carb Chocolate Hazelnut Spread Aka Keto Nutella Recipes,American,main,,67.45,177.68,352.47,,all_diets
5125,Have A Very Keto Christmas With These 4-Ingredient Chocolate Orange Fat Bombs,Italian,main,,6.29,16.14,204.76,,all_diets
5126,"Easy Baked Jicama Fries | Low-Carb, Keto, Gf + Vegan",American,main,,5.83,53.49,69.01,,all_diets
5127,Keto Dinner Rolls - Egg And Dairy Free! (None Of That Fathead Here),American,main,,61.44,25.9,50.74,,all_diets
5128,"Strawberry Oregano Turkey Burgers (Whole30, Paleo, Keto, Nut Free) Recipes",American,main,,198.47,49.07,120.95,,all_diets
5129,"Low Carb Chicken And Cheese Quesadillas {Gluten-Free, Keto-Friendly} Recipes",Mexican,main,,105.69,24.26,73.94,,all_diets
5130,Pork Curry Over Cauliflower Rice | Low Carb | Keto | Gluten Free,South East Asian,main,,105.75,38.83,45.28,,all_diets
5131,"Low Carb Chocolate Peanut Butter Cups {Gluten Free, Keto-Friendly} Recipes",American,main,,25.59,44.3,268.92,,all_diets
5132,Keto Chicken Pad Thai - Low Carb Stir Fried Noodles Recipe,South East Asian,main,,161.6,409.17,151.65,,all_diets
5133,"Easy Tomato Feta Soup Recipe - Low Calorie, Low Carb, Keto",Mediterranean,main,,28.7,68.45,82.08,,all_diets
5134,4 Ingredient Mushroom Soup Recipe – Dairy Free + Low Carb + Keto Diet Recipes,American,main,,16.16,21.95,93.82,,all_diets
5135,"Keto Asian Meatballs Recipe With Dipping Sauce [Paleo, Dairy-Free]",Italian,main,,93.72,34.87,119.12,,all_diets
5136,"Low Carb Vegan Ranch Dressing (Dairy Free, Soy-Free, Keto) Recipes",American,main,,37.85,41.23,80.91,,all_diets
5137,Keto Lamb Shanks Recipe Pressure Cooker [Or Slow] - Falls Off The Bone,Middle Eastern,main,,221.08,32.92,208.59,,all_diets
5138,"The Best Keto Pizza - Gluten-Free, Low Carb And Protein-Packed! Recipes",Italian,main,,139.68,44.42,177.88,,all_diets
5139,"Vietnamese Pho-Inspired Tomato Beef Soup (Paleo, Whole30, Keto) Recipes",South East Asian,main,,100.9,39.23,73.2,,all_diets
5140,"Low Carb Beef And Cheddar Cauliflower Bake, Thm S Meal, Keto Too",British,main,,710.81,112.56,1154.61,,all_diets
5141,"Vegan Keto Buffalo Jackfruit Dip (Soy-Free, Dairy-Free, Coconut-Free)",American,main,,26.97,171.28,102.15,,all_diets
5142,Easy Keto And Low Carb Chicken Broccoli Casserole (Paleo And Gluten Free),Italian,main,,137.72,43.49,113.95,,all_diets
5143,Creamy Chicken Alfredo Zoodles With Mushrooms – Low Carb Keto Ease! Recipes,French,main,,42.13,22.91,59.02,,all_diets
5144,Keto-Friendly Watergate Salad (Aka Pistachio Cheesecake Mousse With Pineapple And Cherries),American,main,,17.99,47.38,120.16,,all_diets
5145,"No Bake Pumpkin Keto Cheesecake Bars (Low Carb, Sugar Free, Gluten Free)",American,main,,35.57,37.07,168.33,,all_diets
5146,Large Family Keto Instant Pot Beef Stew (Low Carb/Thm S),French,main,,268.97,68.02,57.98,,all_diets
5147,Sara Louise'S Keto Salmon Burgers With Homemade Thai Sweet Chilli Sauce,South East Asian,main,,237.19,43.08,207.35,,all_diets
5148,Pumpkin In Browned Butter – Aka Refried Pumpkin | Keto Allergy Kiss Day 2 Recipes,American,main,,10.58,24.24,40.3,,all_diets
5149,"Low Carb Blueberry Cheesecake Ice Cream (Keto, Sugar Free, Gluten Free)",American,main,,20.32,21.36,115.31,,all_diets
5150,"Wedge Salad With Homemade Blue Cheese Dressing - Low Carb, Keto, Gf Recipes",American,main,,79.65,51.24,369.24,,all_diets
5151,"Low Carb Taco Soup For The Instant Pot Or Slow Cooker, Keto, Thm Too",French,main,,581.42,102.78,677.8,,all_diets
5152,Never Fail Hollandaise – Low Carb Keto | Gluten Free | Egg Fast Magic Recipes,French,main,,7.63,4.35,114.38,,all_diets
5153,"Peanut Butter Chocolate Chip Mason Jar Ice Cream (Keto, L/C, S/F)",American,main,,13.33,58.46,111.04,,all_diets
5154,This Super-Greens Keto Omelette With Prawn And Avocado Is Your New Weeknight Saviour,Japanese,main,,77.64,90.8,154.27,,all_diets
5155,"Healthy Homemade Keto Ice Cream In A Jar | Low Carb, Trim Healthy Mama S, Too",American,main,,18.98,51.67,194.03,,all_diets
5156,Dinners Don'T Get Easier Than This Maple-Glazed Keto Salmon And Greens Recipe,American,main,,111.38,79.04,86.58,,all_diets
5157,"Pork Rind Tortillas: A Keto-Friendly Recipe That Replicates Our Go-To Shells For Tacos, Fajitas And More",Mexican,main,,56.65,1.08,61.73,,all_diets
5158,"No-Beans Hummus From The Keto Diet (Reprinted With Permission, ©Leanne Vogel, Victory, 2017) Recipes",Mediterranean,main,,23.05,49.3,119.18,,all_diets
5159,Egg Fast Recipe – Tex Mex White Egg Pizza A Low Carb Keto Pizza Bonanza! Recipes,Italian,main,,25.66,8.52,60.58,,all_diets
5160,"Thai Coconut Red Curry Chicken Thighs With Bok Choy - Paleo, Gluten-Free, Keto, Low Carb Recipes",South East Asian,main,,280.52,59.34,454.58,,all_diets
5161,Fried Cabbage And Sausage,Middle Eastern,main,,29.91,60.68,98.6,,all_diets
5162,"Low Carb ""Breading""",American,main,,57.11,6.27,40.34,,all_diets
5163,Banana Chia Pudding,British,main,,8.59,22.53,55.6,,all_diets
5164,Aunt Rocky’S Spam Scramble,American,main,,64.52,11.65,77.07,,all_diets
5165,Orange Cream Jello Cups,Mediterranean,main,,6.45,23.85,44.03,,all_diets
5166,Aunt Rocky’S Garlic Butter Shrimp With Asparagus,French,main,,50.72,12.14,70.62,,all_diets
5167,Egg And Mozzarella Pizza Crust (1/2 Pie),Italian,main,,137.39,14.28,147.09,,all_diets
5168,Aunt Rocky’S Chicken & Avocado Wraps Filling,American,main,,12.29,6.47,38.41,,all_diets
5169,Orange Dream,British,main,,16.27,90.19,133.44,,all_diets
5170,Adam'S Vanilla Chia Pudding,British,main,,19.78,51.14,76.19,,all_diets
5171,"Aunt Rocky’S Quick Protein Eggnog (Sugar Free, Low Carb)",World,main,,7.09,40.72,16.1,,all_diets
5172,Sausage And Cheese Balls,American,main,,217.14,13.59,335.53,,all_diets
5173,Macadamia Crusted Mahi Mahi,Mediterranean,main,,80.72,9.01,59.89,,all_diets
5174,Fully Loaded Pan Fried Radishes,British,main,,25.59,8.78,25.2,,all_diets
5175,Fathead Pizza Crust,Italian,main,,83.43,479.9,34.44,,all_diets
5176,Tuscan Pork Tenderloin,Italian,main,,375.92,8.09,64.63,,all_diets
5177,Aunt Rocky’S Almond Butter Fat Bomb,American,main,,26.23,64.01,110.21,,all_diets
5178,"Aunt Rocky’S Sausage & Cheddar Biscuit Snacks (Gluten-Free, Low Carb)",American,main,,142.12,37.8,245.26,,all_diets
5179,Aunt Rocky’S Spaghetti Squash Carbonara,Italian,main,,107.46,42.39,203.11,,all_diets
5180,Chocolate Mug Cake,British,main,,9.72,12.63,19.06,,all_diets
5181,Chicken Appetizer,British,main,,167.65,124.1,306.51,,all_diets
5182,Beef Crust For Pizza,Italian,main,,75.92,4.27,121.14,,all_diets
5183,Strawberry Chocolate Chip Cheesecake,American,main,,22.66,70.33,197.06,,all_diets
5184,Spinach Feta Fritatta,Mediterranean,main,,21.91,3.42,33.67,,all_diets
5185,Bacon Wrapped Meatloaf,American,main,,232.88,6.28,215.88,,all_diets
5186,Chocolate Almond Coconut Fat Bombs,French,main,,24.61,45.84,351.68,,all_diets
5187,Stuffed Pork Chops,American,main,,188.32,5.75,133.89,,all_diets
5188,Mascarpone Mousse,American,main,,18.61,20.85,166.17,,all_diets
5189,Mushroom Base,French,main,,19.67,32.14,132.2,,all_diets
5190,Aunt Rocky’S Colored Sprinkles (Sugar Free),American,main,,0.0,12.0,0.0,,all_diets
5191,Ham And Egg Salad,American,main,,70.04,10.85,128.41,,all_diets
5192,Succulent Sous Vide Chicken Thighs,American,main,,255.23,4.89,275.25,,all_diets
5193,Cream Of Mushrooms,American,main,,10.45,20.25,75.25,,all_diets
5194,Macadamia Fat Bread,French,main,,53.77,79.92,266.07,,all_diets
5195,"Beef, Cream Cheese & Shredded Cheese",American,main,,169.13,7.26,239.23,,all_diets
5196,No Carb (No Cauliflower) Pizza Crust,Italian,main,,225.2,10.55,94.58,,all_diets
5197,Indian Coconut Curry Salmon,Nordic,main,,62.59,39.71,65.81,,all_diets
5198,Eggnog,French,main,,11.78,30.36,140.04,,all_diets
5199,Mediterranean Cucumber Tonic,Mediterranean,main,,0.25,12.01,0.33,,all_diets
5200,Loup De Mer (Mediterranean Seabass),Mediterranean,main,,306.14,43.1,26.55,,all_diets
5201,"Mediterranean Baked Trout With Olives, Fennel & Tomatoes Recipes",Mediterranean,main,,187.14,42.31,87.94,,all_diets
5202,Mediterranean Salmon Risotto Recipes,Nordic,main,,395.5,287.1,291.04,,all_diets
5203,Mediterranean Pita Melts,Mediterranean,main,,46.57,139.71,37.7,,all_diets
5204,Mediterranean Salmon Stuffed Shells,Nordic,main,,333.01,414.66,230.05,,all_diets
5205,Easy Stuffed Peppers,Italian,main,,76.64,429.13,58.98,,all_diets
5206,Mediterranean Spiced Cucumber Medallions,Mediterranean,main,,29.67,23.24,28.44,,all_diets
5207,Marinated Mediterranean Olives,Mediterranean,main,,4.76,34.08,50.12,,all_diets
5208,Mediterranean Chicken,Mediterranean,main,,281.25,78.76,167.28,,all_diets
5209,Grilled Tofu With A Mediterranean Chopped Salad,Asian,main,,33.62,16.2,30.37,,all_diets
5210,Mediterranean Rub,Mediterranean,main,,1.09,4.56,0.18,,all_diets
5211,Mediterranean Chicken Lettuce Wrap Tacos Recipes,Mediterranean,main,,96.62,37.84,74.64,,all_diets
5212,Mediterranean Lasagna,Italian,main,,218.34,271.22,268.81,,all_diets
5213,Mediterranean Olive Hummus,Mediterranean,main,,25.97,78.69,57.46,,all_diets
5214,Flatbread Pizza With Prosciutto & Gorgonzola,Italian,main,,216.49,528.48,215.02,,all_diets
5215,Mediterranean Mix,Mediterranean,main,,8.11,9.59,14.64,,all_diets
5216,Mediterranean Wrap,Mediterranean,main,,135.85,31.94,40.02,,all_diets
5217,Mediterranean Marinade,Mediterranean,main,,1.5,12.79,68.75,,all_diets
5218,Mediterranean Spatchcock Chicken,Mediterranean,main,,159.58,10.45,168.86,,all_diets
5219,"Crab, Scallion And Tomato Quiche",French,main,,108.21,136.89,138.56,,all_diets
5220,Mediterranean Appetizer Board,Mediterranean,main,,88.77,305.3,112.14,,all_diets
5221,Homemade Labneh,Mexican,main,,25.18,12.46,59.23,,all_diets
5222,Mediterranean Slices,Mediterranean,main,,64.35,201.3,192.7,,all_diets
5223,Tapenade,Mediterranean,main,,8.08,22.69,56.26,,all_diets
5224,Mediterranean Tuna,Mediterranean,main,,69.04,28.09,42.29,,all_diets
5225,Mediterranean Couscous,Mediterranean,main,,47.95,284.92,8.88,,all_diets
5226,Mediterranean Pasta,Mediterranean,main,,77.45,363.81,112.54,,all_diets
5227,Mediterranean Pizza,Italian,main,,62.07,192.5,41.81,,all_diets
5228,Mediterranean Herb Rub,Mediterranean,main,,1.69,5.68,14.25,,all_diets
5229,Herby Mediterranean Fish With Wilted Greens & Mushrooms,Mediterranean,main,,68.27,41.25,50.83,,all_diets
5230,Mediterranean Guacamole,Mediterranean,main,,10.34,47.1,66.56,,all_diets
5231,Mediterranean Crostini,Mediterranean,main,,44.88,166.3,100.32,,all_diets
5232,Mediterranean Scones,Mediterranean,main,,68.48,300.62,96.8,,all_diets
5233,Mediterranean Brisket,Mediterranean,main,,206.85,29.03,258.03,,all_diets
5234,Mediterranean Succotash,American,main,,55.63,217.06,33.77,,all_diets
5235,Mediterranean Tuna Melt,Mediterranean,main,,140.01,68.39,108.71,,all_diets
5236,Mediterranean Ratatouille,French,main,,28.88,150.49,59.84,,all_diets
5237,Mediterranean Bruschetta,Mediterranean,main,,90.59,253.26,127.67,,all_diets
5238,Chicken Souvlaki Kebabs With Mediterranean Couscous,Mediterranean,main,,132.49,123.37,61.32,,all_diets
5239,Easy Mediterranean Spice,Mediterranean,main,,0.74,3.93,0.16,,all_diets
5240,Mediterranean Cod,Mediterranean,main,,88.36,39.99,25.91,,all_diets
5241,Mediterranean Potato Salad,Mediterranean,main,,35.22,172.83,72.64,,all_diets
5242,Mediterranean Risotto,Italian,main,,83.82,325.59,120.42,,all_diets
5243,Middle Eastern Salad Bowls With Farro & Chicken,Italian,main,,131.92,106.72,28.87,,all_diets
5244,Mediterranean Flounder,Mediterranean,main,,72.24,32.18,21.62,,all_diets
5245,Mediterranean Toast,Mediterranean,main,,9.99,21.92,8.78,,all_diets
5246,Mediterranean Salad,Mediterranean,main,,86.43,430.82,121.02,,all_diets
5247,Mediterranean Veggie Sandwiches,Mediterranean,main,,39.85,109.52,42.36,,all_diets
5248,Mediterranean Eggs,Mediterranean,main,,72.83,50.7,62.3,,all_diets
5249,Mediterranean Focaccia,Italian,main,,112.38,549.98,90.39,,all_diets
5250,Mediterranean Shrimp,Mediterranean,main,,162.9,260.05,110.64,,all_diets
5251,Mediterranean Tabbouleh,Middle Eastern,main,,27.05,120.15,46.85,,all_diets
5252,Orecchiette With Mixed Greens And Goat Cheese,Italian,main,,24.37,84.92,9.07,,all_diets
5253,Mediterranean Burgers,Nordic,main,,60.55,277.05,57.72,,all_diets
5254,Mediterranean Herb Mix,Mediterranean,main,,1.89,13.86,2.01,,all_diets
5255,Mediterranean Pork Chops,Mediterranean,main,,93.07,3.7,59.04,,all_diets
5256,Chopped Mediterranean Salad,Mediterranean,main,,7.71,12.57,12.37,,all_diets
5257,Mediterranean-Stuffed Chicken,Mediterranean,main,,251.23,12.72,54.64,,all_diets
5258,Mediterranean Bento Lunch,Mediterranean,main,,39.83,92.83,19.93,,all_diets
5259,Mediterranean Picnic Snack,Mediterranean,main,,7.17,20.8,5.87,,all_diets
5260,Mediterranean Omelet Recipes,Mediterranean,main,,17.88,6.39,21.62,,all_diets
5261,Mediterranean Fish Fillets,Mediterranean,main,,45.03,18.04,8.17,,all_diets
5262,Mediterranean Orzo Salad,Mediterranean,main,,52.08,191.86,79.51,,all_diets
5263,Grilled Mediterranean Snapper,Mediterranean,main,,145.7,35.22,41.89,,all_diets
5264,Mediterranean Salmon Skewers,Nordic,main,,94.73,17.42,69.99,,all_diets
5265,Mediterranean Zucchini Hash,Mediterranean,main,,14.73,76.43,12.57,,all_diets
5266,Mediterranean Pressed Sandwich,Italian,main,,119.01,180.49,96.61,,all_diets
5267,Mediterranean Lentil Salad,Mediterranean,main,,81.66,138.32,99.65,,all_diets
5268,Mediterranean Pasta Salad,Mediterranean,main,,31.63,47.39,23.33,,all_diets
5269,Mediterranean Chicken Recipes,Mediterranean,main,,146.34,20.28,109.94,,all_diets
5270,Mediterranean Creamsicle Floats,American,main,,9.24,189.03,29.04,,all_diets
5271,Mediterranean Rice Noodles,Asian,main,,33.97,395.16,41.01,,all_diets
5272,Mediterranean Corn Salad,Mediterranean,main,,136.26,391.03,123.88,,all_diets
5273,Mediterranean Baked Cod,Mediterranean,main,,167.34,14.3,6.9,,all_diets
5274,Mediterranean Crunch Salad,Mediterranean,main,,37.09,129.25,13.45,,all_diets
5275,Mediterranean Quinoa Bowl,Mediterranean,main,,65.37,233.41,74.62,,all_diets
5276,Mediterranean Prawn Salad,Mediterranean,main,,32.23,36.16,56.83,,all_diets
5277,Mediterranean Vegetable Hash,Mediterranean,main,,14.73,76.5,1.77,,all_diets
5278,Speedy Mediterranean Gnocchi,Mediterranean,main,,26.53,151.27,14.91,,all_diets
5279,Mediterranean Grain Salad,Mediterranean,main,,14.02,48.13,16.24,,all_diets
5280,Mediterranean Beef Pitas,Mediterranean,main,,111.97,137.91,140.62,,all_diets
5281,Mediterranean Cauliflower Pizza,Italian,main,,83.4,75.67,97.28,,all_diets
5282,Mediterranean Sardine Salad,Mediterranean,main,,51.52,5.77,40.72,,all_diets
5283,Mediterranean Stuffed Peppers,Mediterranean,main,,23.98,86.02,30.6,,all_diets
5284,Mediterranean Slaw Dogs,Mediterranean,main,,13.54,16.4,72.72,,all_diets
5285,Mediterranean Mackerel Salad,Mediterranean,main,,57.9,10.27,59.68,,all_diets
5286,Mediterranean Lamb Chops,Mediterranean,main,,134.07,41.94,245.28,,all_diets
5287,Mediterranean Tuna Salad,Mediterranean,main,,70.36,23.76,19.48,,all_diets
5288,Mediterranean Fish Parcels,Mediterranean,main,,69.49,52.45,11.42,,all_diets
5289,Mediterranean Fish Stew,Mediterranean,main,,115.25,167.93,32.56,,all_diets
5290,Mediterranean Shrimp Caesar,Mediterranean,main,,9.52,6.4,82.52,,all_diets
5291,Mediterranean Tuna Wrap,Mediterranean,main,,115.43,130.82,40.33,,all_diets
5292,Mediterranean Quesadillas Recipes,Mexican,main,,35.9,36.23,36.47,,all_diets
5293,Mediterranean Tuna Sandwiches,Mediterranean,main,,45.57,66.57,20.23,,all_diets
5294,Mediterranean Marinated Vegetables,Mediterranean,main,,34.59,147.52,142.69,,all_diets
5295,Mediterranean Pasta Shells,Mediterranean,main,,38.58,168.61,42.05,,all_diets
5296,Mediterranean Quinoa Salad,Mediterranean,main,,84.71,273.79,171.33,,all_diets
5297,Mediterranean Chicken Meatballs,Mediterranean,main,,131.67,60.02,68.43,,all_diets
5298,Mediterranean Chicken Couscous,Mediterranean,main,,171.8,202.28,75.79,,all_diets
5299,Romaine Hearts Mediterranean,Mediterranean,main,,20.78,69.35,76.67,,all_diets
5300,Mediterranean Chicken Stew,Mediterranean,main,,90.89,185.11,22.93,,all_diets
5301,Mediterranean Shrimp Wraps,Mediterranean,main,,37.18,159.12,37.76,,all_diets
5302,Mediterranean Lima Beans,Mediterranean,main,,25.08,106.65,31.38,,all_diets
5303,Mediterranean Salsa Couscous,Mediterranean,main,,43.46,157.3,54.19,,all_diets
5304,Mediterranean Olive Bread,Mediterranean,main,,52.1,227.41,82.75,,all_diets
5305,Roasted Mediterranean Chicken,Mediterranean,main,,166.33,154.45,133.42,,all_diets
5306,Mediterranean Deviled Eggs,Mediterranean,main,,18.06,4.74,18.24,,all_diets
5307,Mediterranean Olive Relish,Mediterranean,main,,3.88,23.5,65.63,,all_diets
5308,Mediterranean Potato Topper,Mediterranean,main,,16.57,93.13,28.15,,all_diets
5309,Mediterranean Style Linguini,Italian,main,,92.57,283.83,44.19,,all_diets
5310,Mediterranean Spiced Burgers,Mediterranean,main,,103.26,124.01,106.03,,all_diets
5311,Warm Mediterranean Olives,Mediterranean,main,,5.16,63.53,100.92,,all_diets
5312,Mediterranean Chopped Salad,Mediterranean,main,,54.74,145.83,77.87,,all_diets
5313,Mediterranean Eggs (Shakshuka),Mediterranean,main,,46.56,120.71,99.2,,all_diets
5314,Mediterranean Chickpea Salad,Mediterranean,main,,74.82,139.48,108.53,,all_diets
5315,Mediterranean Chicken Soup,Mediterranean,main,,291.3,388.61,204.18,,all_diets
5316,Mediterranean Mixed Grill,Mediterranean,main,,254.79,121.16,217.51,,all_diets
5317,Mediterranean Garbanzo Salad,Mediterranean,main,,19.9,103.46,8.1,,all_diets
5318,Eggplant Mediterranean Style,Mediterranean,main,,7.39,38.84,29.79,,all_diets
5319,Mediterranean Chuck Roast,Mediterranean,main,,193.16,58.12,46.71,,all_diets
5320,Mediterranean Marinated Shrimp,Mediterranean,main,,197.38,37.84,129.9,,all_diets
5321,Mediterranean Tofu Salad,Asian,main,,79.91,31.75,68.77,,all_diets
5322,Mediterranean Catfish Spaghetti,Mediterranean,main,,342.11,1796.28,42.97,,all_diets
5323,Mediterranean-Style Tuna,Mediterranean,main,,107.1,28.0,51.06,,all_diets
5324,Mediterranean Pepper Soup,Mediterranean,main,,108.38,99.73,120.17,,all_diets
5325,Mini Mediterranean Pizzas,Italian,main,,31.3,117.03,38.37,,all_diets
5326,Mediterranean Breakfast Sandwiches,Mediterranean,main,,50.25,111.92,52.68,,all_diets
5327,Mediterranean Beef Ragout,Mediterranean,main,,215.1,87.94,80.07,,all_diets
5328,Mediterranean Chicken Pizza,Italian,main,,132.19,188.73,117.34,,all_diets
5329,Mediterranean Hummus Trifle,Mediterranean,main,,158.51,400.73,182.47,,all_diets
5330,Mediterranean Bean Salad,Mediterranean,main,,51.53,121.44,71.63,,all_diets
5331,Mediterranean Shrimp Salad,Mediterranean,main,,122.76,142.57,38.35,,all_diets
5332,Mediterranean Steak Salad,Mediterranean,main,,82.5,46.84,121.42,,all_diets
5333,Mediterranean Tuna Panini,Italian,main,,161.8,120.49,36.58,,all_diets
5334,Mediterranean Salad-Wraps,Mediterranean,main,,39.99,123.57,30.42,,all_diets
5335,Mediterranean Salmon Spread,Nordic,main,,42.54,28.04,12.41,,all_diets
5336,Mediterranean Portobello Burger,Mediterranean,main,,50.92,214.43,46.68,,all_diets
5337,Spicy Mediterranean Vinaigrette,Mediterranean,main,,3.6,35.43,55.33,,all_diets
5338,Mediterranean Salad Tarts,Mediterranean,main,,62.33,231.79,162.89,,all_diets
5339,Mediterranean Artichoke Dip,Mediterranean,main,,199.98,127.87,391.13,,all_diets
5340,Mediterranean Beef Stew,Mediterranean,main,,98.1,168.47,129.44,,all_diets
5341,Mediterranean Snack Wrap,Mediterranean,main,,12.48,17.54,35.05,,all_diets
5342,Mediterranean Chickpea Burgers,Mediterranean,main,,116.19,238.09,58.18,,all_diets
5343,Mediterranean Fish Tacos,Mediterranean,main,,246.13,356.22,122.85,,all_diets
5344,Mediterranean Grilled Eggplant,Mediterranean,main,,34.38,112.75,162.01,,all_diets
5345,Mediterranean Tuna Melts,Mediterranean,main,,157.43,142.85,80.43,,all_diets
5346,Mediterranean Bison Sliders,American,main,,304.97,668.16,248.16,,all_diets
5347,Mediterranean Baked Penne,Mediterranean,main,,186.1,469.49,137.13,,all_diets
5348,Mediterranean Turkey Burgers,American,main,,104.48,26.48,135.66,,all_diets
5349,Mediterranean Roast Turkey,American,main,,369.58,69.97,124.59,,all_diets
5350,Mediterranean Vegetables Recipes,Mediterranean,main,,16.19,88.02,29.36,,all_diets
5351,Mediterranean Orzo Pilaf,Mediterranean,main,,39.38,194.4,53.3,,all_diets
5352,Mediterranean-Style Frittata,Italian,main,,58.32,28.12,39.16,,all_diets
5353,Roasted Mediterranean Vegetables,Mediterranean,main,,26.17,162.14,73.21,,all_diets
5354,Mediterranean Chicken Salad,Mediterranean,main,,126.39,137.7,59.16,,all_diets
5355,Mediterranean Fish Gratins,French,main,,276.13,118.02,84.93,,all_diets
5356,Mediterranean Vegetable Salad,Mediterranean,main,,28.89,120.63,97.89,,all_diets
5357,Mediterranean Summer Salad,Mediterranean,main,,55.89,205.66,72.34,,all_diets
5358,Mediterranean Cornish Hens,Indian,main,,201.99,305.31,155.22,,all_diets
5359,Mediterranean Lamb Salad,Mediterranean,main,,127.34,143.93,91.39,,all_diets
5360,Mediterranean Farro Salad,Mediterranean,main,,85.01,216.9,97.87,,all_diets
5361,Mediterranean Mac And Cheese,American,main,,92.93,346.28,85.18,,all_diets
5362,Tapas Night Shrimp,Mediterranean,main,,63.46,12.11,207.31,,all_diets
5363,Mediterranean Lettuce Wraps,Mediterranean,main,,83.08,245.78,128.92,,all_diets
5364,Mediterranean Cod Packets,Mediterranean,main,,135.89,107.54,73.46,,all_diets
5365,Helen’S Mediterranean Pie,Mediterranean,main,,118.05,472.46,69.56,,all_diets
5366,Mediterranean-Style Chicken,Mediterranean,main,,192.56,246.8,76.6,,all_diets
5367,5 Layer Mediterranean Dip,Mediterranean,main,,14.33,17.24,21.07,,all_diets
5368,Mediterranean Bulgar Salad,Mediterranean,main,,87.67,300.32,166.03,,all_diets
5369,Mediterranean Halibut Sandwiches,Mediterranean,main,,108.97,205.46,131.17,,all_diets
5370,Savory Beet And Brussels Sprout Tart,American,main,,79.92,157.36,256.33,,all_diets
5371,Mediterranean Whole Roasted Cauliflower,Mediterranean,main,,21.09,45.43,96.95,,all_diets
5372,Mediterranean Madness Salad,Mediterranean,main,,68.41,261.92,74.05,,all_diets
5373,Mediterranean Vegetables With Lamb,Mediterranean,main,,66.63,61.59,29.73,,all_diets
5374,Mediterranean Spinach Strata,American,main,,193.5,358.13,119.93,,all_diets
5375,Easy Mediterranean Grilled Chicken,French,main,,226.5,25.46,235.68,,all_diets
5376,Mediterranean Pasta With Broccoli,Mediterranean,main,,91.7,315.68,111.15,,all_diets
5377,Penne Rigate With Mixed Greens And Pine Nuts,Italian,main,,98.21,362.25,126.16,,all_diets
5378,Mediterranean Shrimp And Bulgur,Mediterranean,main,,119.32,113.6,44.36,,all_diets
5379,Mediterranean Penne With Sausage,Mediterranean,main,,114.96,295.14,44.41,,all_diets
5380,Mediterranean Mostaccioli With Feta,Mediterranean,main,,94.74,204.03,43.24,,all_diets
5381,Mediterranean Roasted Broccoli & Tomatoes,Mediterranean,main,,12.75,37.15,18.78,,all_diets
5382,Mediterranean Olive Hummus Recipes,Mediterranean,main,,22.48,72.94,28.65,,all_diets
5383,Mediterranean Tuna Cold Plate,Mediterranean,main,,19.93,38.85,28.8,,all_diets
5384,Mediterranean Chile Chicken Wings,Mediterranean,main,,119.97,72.43,99.75,,all_diets
5385,Grilled Mediterranean Chicken Salad,Mediterranean,main,,156.63,146.77,89.22,,all_diets
5386,Mediterranean Broccoli Pasta Salad,Mediterranean,main,,46.8,214.62,146.55,,all_diets
5387,Mediterranean Chicken Wrap Recipes,Mediterranean,main,,27.28,54.43,11.69,,all_diets
5388,Mediterranean Shrimp And Pasta,Mediterranean,main,,75.5,124.6,46.83,,all_diets
5389,Mediterranean Stuffed Chicken Breasts,Mediterranean,main,,216.89,14.55,57.17,,all_diets
5390,Mediterranean Chicken Tray Bake,Mediterranean,main,,168.78,35.86,101.78,,all_diets
5391,Crowd-Pleasing Mediterranean Salad,Mediterranean,main,,40.06,82.28,122.78,,all_diets
5392,Chicken-Arugula Focaccia Sandwiches,Italian,main,,63.36,103.49,44.53,,all_diets
5393,Mediterranean Grilled Vegetable Soup,Mediterranean,main,,13.42,66.73,7.59,,all_diets
5394,Mediterranean-Style Grilled Sardines,Mediterranean,main,,24.99,30.4,46.94,,all_diets
5395,Mediterranean Chickpea Quinoa Bowl,Mediterranean,main,,61.46,208.07,99.16,,all_diets
5396,Mediterranean-Style Bean Salad,Mediterranean,main,,77.52,122.27,71.98,,all_diets
5397,Six Layer Mediterranean Dip,Mediterranean,main,,29.4,77.5,73.15,,all_diets
5398,Stuffed Roasted Bell Peppers (Poivrons Farcis),Middle Eastern,main,,33.96,33.52,63.65,,all_diets
5399,Mediterranean Grilled Veggie Wraps,Mediterranean,main,,35.34,131.79,38.0,,all_diets
5400,Mediterranean Lentil & Kale Salad,Mediterranean,main,,76.31,187.12,35.35,,all_diets
5401,Mediterranean Hummus Flat Bread,Mediterranean,main,,383.71,1117.03,407.58,,all_diets
5402,Mediterranean Tuna Salad Recipes,Mediterranean,main,,70.89,16.12,7.68,,all_diets
5403,"Grilled Whole Fish, Greek-Style",Mediterranean,main,,314.63,10.1,196.5,,all_diets
5404,Mediterranean Chicken Packets Recipes,Mediterranean,main,,207.97,77.55,52.58,,all_diets
5405,Mediterranean Lamb Burgers Recipes,Mediterranean,main,,133.6,104.57,186.81,,all_diets
5406,Mediterranean Fig & Mozzarella Salad,Italian,main,,39.62,102.71,97.15,,all_diets
5407,Mediterranean Grilled Cheese Skewers,Mediterranean,main,,68.59,38.41,161.2,,all_diets
5408,Mediterranean Tuna-Noodle Casserole,Asian,main,,343.82,471.09,209.11,,all_diets
5409,Mediterranean Stuffed Pork Chops,Mediterranean,main,,174.71,9.39,98.21,,all_diets
5410,Mediterranean Orzo Salad Recipes,Mediterranean,main,,112.64,444.14,118.56,,all_diets
5411,Mediterranean Crescent Pinwheels Recipes,Mediterranean,main,,109.67,127.98,86.41,,all_diets
5412,Mediterranean Lemon Hummus Wrap,Mediterranean,main,,21.45,76.91,12.84,,all_diets
5413,Mediterranean Tuna-Spinach Salad,Mediterranean,main,,71.64,25.0,23.37,,all_diets
5414,Mediterranean Yogurt Dip Recipes,Mediterranean,main,,46.18,57.38,32.25,,all_diets
5415,Mediterranean Chicken Bake Recipes,Mediterranean,main,,457.76,209.37,413.59,,all_diets
5416,Mediterranean Chopped Salad Recipes,Mediterranean,main,,52.77,140.38,77.39,,all_diets
5417,Mediterranean Mezze Platter Recipes,Mediterranean,main,,68.83,266.19,132.63,,all_diets
5418,Mediterranean Mashed Broccoli And Potatoes,Mediterranean,main,,33.22,134.41,57.05,,all_diets
5419,Greek Barley Salad,Mediterranean,main,,35.38,106.67,55.96,,all_diets
5420,Mediterranean Chicken Salad Pitas,Mediterranean,main,,188.74,286.48,72.65,,all_diets
5421,Mediterranean JalapeñO Poppers Recipes,Mediterranean,main,,21.35,26.15,87.65,,all_diets
5422,Mediterranean Quinoa Salad Recipes,Mediterranean,main,,62.71,225.97,74.79,,all_diets
5423,Grilled Mediterranean Potato Salad,Mediterranean,main,,28.22,185.36,98.99,,all_diets
5424,Mediterranean White Bean Salad,Mediterranean,main,,198.07,241.66,110.27,,all_diets
5425,Mixed Mediterranean Vegetable Bake,Mediterranean,main,,29.25,177.06,30.37,,all_diets
5426,Mediterranean Grilled Chicken Kebabs,Mediterranean,main,,157.09,84.48,169.12,,all_diets
5427,Mediterranean Lamb Burger Recipes,Mediterranean,main,,149.82,145.23,290.32,,all_diets
5428,Mediterranean Chicken Stew Recipes,Mediterranean,main,,165.83,183.79,32.66,,all_diets
5429,Mediterranean Turkey Meat Loaf,American,main,,120.07,72.86,57.3,,all_diets
5430,Mediterranean Roast Beef Pita,Mediterranean,main,,82.54,173.17,66.01,,all_diets
5431,Cold Provençal White Bean Salad,American,main,,78.35,213.41,126.95,,all_diets
5432,Mediterranean Braised Chard Recipes,Mediterranean,main,,26.24,67.75,62.97,,all_diets
5433,Mediterranean Couscous Salad With Chickpeas,Mediterranean,main,,62.92,261.21,46.11,,all_diets
5434,Mediterranean Grilled Steak Wraps,Mediterranean,main,,107.46,145.52,115.87,,all_diets
5435,Mediterranean Grilled Chicken Salad,Mediterranean,main,,169.19,99.96,176.9,,all_diets
5436,Mediterranean Inspired Fish Tacos,Mediterranean,main,,201.82,263.9,82.54,,all_diets
5437,Mediterranean Turkey Sliders Recipes,American,main,,171.62,276.81,100.32,,all_diets
5438,Mediterranean Udon Salad Recipes,Mediterranean,main,,28.69,131.26,44.41,,all_diets
5439,Zesty Mediterranean Quinoa Salad,Mediterranean,main,,44.57,175.14,114.78,,all_diets
5440,Mediterranean Roast Vegetables Pasta,Mediterranean,main,,20.46,67.02,37.55,,all_diets
5441,Mediterranean Chicken Salad Sandwiches,Mediterranean,main,,65.28,133.12,65.89,,all_diets
5442,Mediterranean Beef Stew Recipes,Mediterranean,main,,98.1,168.47,129.44,,all_diets
5443,Mediterranean Cucumber Salad Recipes,Mediterranean,main,,64.85,129.27,126.54,,all_diets
5444,Beetroot Pasta With Mediterranean Flavors,Mediterranean,main,,54.14,148.37,47.94,,all_diets
5445,Mediterranean Tuna Pasta Recipes,Mediterranean,main,,179.69,280.95,123.53,,all_diets
5446,Mediterranean Fish En Papillote,American,main,,65.75,17.32,9.5,,all_diets
5447,Mediterranean Warm Partridge Salad,Mediterranean,main,,65.74,134.05,43.7,,all_diets
5448,Mediterranean Veggie Burgers Recipes,Mediterranean,main,,23.05,98.49,10.43,,all_diets
5449,Mediterranean Chicken And Mushroom Skillet,Mediterranean,main,,139.15,41.59,47.86,,all_diets
5450,Mediterranean Couscous Salad Recipes,Mediterranean,main,,125.93,479.51,173.01,,all_diets
5451,Pan-Seared Mediterranean Chicken,Mediterranean,main,,147.65,44.13,59.24,,all_diets
5452,Seared Mediterranean Tuna Steaks,Mediterranean,main,,169.63,19.19,32.74,,all_diets
5453,Mediterranean Shrimp Caesar Salad,Mediterranean,main,,136.5,103.98,127.58,,all_diets
5454,Mediterranean Vegetable-Cheese Pie,Mediterranean,main,,71.89,108.28,34.5,,all_diets
5455,Mediterranean Rice-Stuffed Escarole,Italian,main,,89.29,219.85,159.32,,all_diets
5456,Mediterranean White Bean Soup,Mediterranean,main,,10.61,47.92,56.1,,all_diets
5457,Mediterranean Chicken Quinoa Bowl,South American,main,,133.61,112.72,99.29,,all_diets
5458,Mediterranean Cod With Roasted Tomatoes,Mediterranean,main,,86.61,29.54,30.67,,all_diets
5459,Mediterranean Kale Soup Recipe,Mediterranean,main,,36.8,99.83,4.21,,all_diets
5460,Mediterranean Radicchio And Farro Salad,Mediterranean,main,,65.64,201.94,81.84,,all_diets
5461,Mediterranean Salmon En Papillote,Nordic,main,,62.61,22.08,52.67,,all_diets
5462,Mediterranean Chicken With Orzo Salad,Mediterranean,main,,96.13,76.13,85.73,,all_diets
5463,Silvana'S Mediterranean & Basil Pasta,Mediterranean,main,,68.45,353.45,40.49,,all_diets
5464,Mediterranean Tuna Antipasto Salad,Mediterranean,main,,160.84,321.64,85.89,,all_diets
5465,Mediterranean-Style Poached Eggs,Mediterranean,main,,81.71,211.34,46.37,,all_diets
5466,Mediterranean Salmon Cooked In Parchment,Nordic,main,,96.98,37.39,72.95,,all_diets
5467,Zesty Mediterranean Couscous Salad,Mediterranean,main,,101.57,285.16,136.31,,all_diets
5468,Mediterranean Macaroni And Cheese Recipes,Mediterranean,main,,85.21,247.19,119.88,,all_diets
5469,Mediterranean Poached Eggs With Quinoa,Mediterranean,main,,78.76,211.12,90.15,,all_diets
5470,Mediterranean Flavors: Tzatziki Recipe,Mediterranean,main,,46.45,44.94,31.28,,all_diets
5471,Mediterranean Vegetable Soup With Couscous,Mediterranean,main,,24.29,83.22,6.49,,all_diets
5472,Mediterranean Chicken And Couscous Salad,Mediterranean,main,,114.91,154.47,63.75,,all_diets
5473,Mediterranean Vinaigrette For Pasta Salad,Mediterranean,main,,23.57,49.84,180.53,,all_diets
5474,Mediterranean Shrimp & Rice Soup,Mediterranean,main,,181.55,156.15,34.61,,all_diets
5475,Mediterranean Chicken With Roasted Vegetables,Mediterranean,main,,80.43,95.36,59.9,,all_diets
5476,Mediterranean Couscous Cabbage Rolls,Mediterranean,main,,37.34,177.4,42.9,,all_diets
5477,Mediterranean Roasted Fish & Vegetables,Mediterranean,main,,155.9,253.69,47.55,,all_diets
5478,Mediterranean Pressed Picnic Sandwich,South East Asian,main,,124.61,62.55,91.28,,all_diets
5479,Mediterranean Salad With Chickpea Patties,Mediterranean,main,,46.57,146.44,42.64,,all_diets
5480,Marinated Shrimp With Mediterranean Salad,Mediterranean,main,,186.72,110.23,84.7,,all_diets
5481,Mediterranean Salad With Halloumi Croutons,Mediterranean,main,,37.01,50.13,94.2,,all_diets
5482,Mediterranean Salad With Feta Cheese,Mediterranean,main,,38.3,93.48,77.28,,all_diets
5483,Whole Branzino Roasted In Sea Salt With Aromatic Herbs,Mediterranean,main,,188.47,29.81,32.72,,all_diets
5484,Mediterranean Tuna And Artichoke Pasta,Mediterranean,main,,222.7,231.4,131.14,,all_diets
5485,Ultimate Roast Chicken,American,main,,175.44,20.12,155.5,,all_diets
5486,Grilled Salmon With Mediterranean Salsa,Nordic,main,,101.94,9.54,100.76,,all_diets
5487,Mediterranean Beef And Bean Stew,Mediterranean,main,,230.79,131.98,104.49,,all_diets
5488,Braised Mediterranean Chicken With Polenta,Mediterranean,main,,276.26,137.25,298.42,,all_diets
5489,Mediterranean Chicken With Soft Polenta,Mediterranean,main,,262.68,194.06,285.81,,all_diets
5490,Sidekick Tomato Soup,American,main,,12.97,66.16,51.97,,all_diets
5491,Mediterranean Salad With Grilled Chicken,Mediterranean,main,,140.06,67.18,154.02,,all_diets
5492,Lamb Meatballs With Mediterranean Dips,Mediterranean,main,,143.24,331.15,362.73,,all_diets
5493,Big Batch Mediterranean Herb Rub,American,main,,9.75,31.85,4.29,,all_diets
5494,Slow-Cooker Mediterranean Chicken & Orzo,Mediterranean,main,,121.95,84.05,21.39,,all_diets
5495,Mediterranean Swordfish Wrapped In Prosciutto,American,main,,443.89,121.59,250.79,,all_diets
5496,Mediterranean Ravioli With Artichokes & Olives,Mediterranean,main,,108.1,351.54,63.13,,all_diets
5497,Mediterranean Tuna Salad With Croutons,Mediterranean,main,,123.77,111.23,94.53,,all_diets
5498,Mediterranean Chicken And Vegetables Recipes,Mediterranean,main,,276.3,157.66,291.99,,all_diets
5499,Mediterranean Pasta With Feta And Olives,Mediterranean,main,,89.7,373.02,45.09,,all_diets
5500,Fresh City Mediterranean Salmon Spaghetti,Nordic,main,,161.71,368.53,79.63,,all_diets
5501,Dinner Tonight: Mediterranean Poached Eggs,Mediterranean,main,,26.35,68.86,43.69,,all_diets
5502,Mediterranean Pasta With Tomatoes And Arugula,Mediterranean,main,,66.83,321.2,57.11,,all_diets
5503,Mediterranean Salad With Prosciutto And Pomegranate,Mediterranean,main,,56.52,46.97,57.12,,all_diets
5504,Herb-Crusted Mediterranean Sea Bass,Mediterranean,main,,275.35,127.17,88.71,,all_diets
5505,Mediterranean Fish Stew With Chard,French,main,,242.5,249.96,23.45,,all_diets
5506,Farmer'S Fridge Mediterranean Salad,Mediterranean,main,,11.95,46.81,35.36,,all_diets
5507,Artichoke & Black Olive Tart,Mediterranean,main,,102.45,237.63,78.35,,all_diets
5508,Eggplant Bruschetta With Pita Chips,Italian,main,,145.7,594.59,261.44,,all_diets
5509,Spiralized Mediterranean Cucumber Salad Recipes,Mediterranean,main,,15.43,30.89,74.44,,all_diets
5510,Mediterranean Tuna-Noodle Casserole Recipes,Asian,main,,351.62,499.77,209.24,,all_diets
5511,Mediterranean Herbed Pork Roast Recipes,Mediterranean,main,,342.31,24.32,147.2,,all_diets
5512,Mediterranean Bean And Bacon Soup,American,main,,149.69,341.02,131.89,,all_diets
5513,Mediterranean Chopped-Chicken Pita Recipes,Mediterranean,main,,125.96,175.09,74.4,,all_diets
5514,Whole Roasted Mediterranean-Style Fish,Mediterranean,main,,165.02,24.3,46.4,,all_diets
5515,Mediterranean Brown Rice Salad Recipes,Mediterranean,main,,46.05,193.53,129.0,,all_diets
5516,Mediterranean Fish Stew With Garlic Toasts,French,main,,369.38,291.68,149.5,,all_diets
5517,"Mediterranean Tuna, Pepper & Courgette Tart",Mediterranean,main,,115.09,250.06,196.55,,all_diets
5518,Loaded Mediterranean Chicken-Quinoa Salad,South American,main,,43.45,38.05,30.13,,all_diets
5519,Mediterranean Vegetable Stew With Olives,Mediterranean,main,,56.65,227.36,53.62,,all_diets
5520,Mediterranean Chicken And Bulgur Skillet,Mediterranean,main,,143.33,85.48,83.26,,all_diets
5521,Grilled Mediterranean Veg With Bean Mash,Mediterranean,main,,41.97,143.05,31.75,,all_diets
5522,Mediterranean Grilled Shrimp Lettuce Wraps,Mediterranean,main,,102.42,26.37,132.34,,all_diets
5523,Roasted Guinea Hen Mediterranean Style,Mediterranean,main,,293.92,92.77,191.76,,all_diets
5524,Mediterranean Tortellini Pasta Salad Recipes,Italian,main,,40.38,134.05,69.41,,all_diets
5525,"Chicken With Olives, Caramelized Onions, And Sage",Mediterranean,main,,453.98,311.78,529.02,,all_diets
5526,Mediterranean Brown Rice Salad Recipe,Mediterranean,main,,46.41,195.73,129.11,,all_diets
5527,Mediterranean Chicken And Couscous Bowls,Mediterranean,main,,131.8,227.55,96.14,,all_diets
5528,Vegetable Couscous,Mediterranean,main,,56.11,344.85,31.98,,all_diets
5529,Mediterranean Quiche With Sweet Potato Crust,French,main,,65.86,73.77,68.32,,all_diets
5530,Mediterranean Roasted Chickpea And Spinach Salad,Mediterranean,main,,35.73,113.93,95.39,,all_diets
5531,Slow-Cooker Mediterranean Quinoa With Arugula,Mediterranean,main,,83.86,294.94,82.96,,all_diets
5532,Two -Acid Mediterranean Pasta Salad,Mediterranean,main,,89.74,405.64,260.21,,all_diets
5533,A Mediterranean Twist To Your Bbq,American,main,,28.74,191.58,28.33,,all_diets
5534,Mediterranean Roast Vegetables With Bulgar Wheat,Mediterranean,main,,34.76,223.52,32.97,,all_diets
5535,Eat-Your-Veggies Mediterranean Meatballs,Mediterranean,main,,140.09,134.08,76.19,,all_diets
5536,Mediterranean Sardines With Lemon And Garlic,Mediterranean,main,,41.21,39.23,284.62,,all_diets
5537,Mediterranean Salmon Cooked In Parchment Recipes,Nordic,main,,99.21,50.53,75.7,,all_diets
5538,Braised Mediterranean Chicken With Polenta Recipes,Mediterranean,main,,276.26,137.25,298.42,,all_diets
5539,Spaghetti Puttanesca,Italian,main,,83.5,410.36,65.98,,all_diets
5540,Mediterranean Potato Salad With Haricots Verts,Mediterranean,main,,30.37,249.23,84.95,,all_diets
5541,"Mediterranean Pasta With Artichokes, Olives, And Tomatoes",Mediterranean,main,,72.52,299.04,47.31,,all_diets
5542,Spinach Salad With Grilled Mediterranean Vegetables,Mediterranean,main,,28.79,59.5,75.02,,all_diets
5543,Mediterranean Mini Tuna Cakes With Pesto,American,main,,106.3,28.87,87.74,,all_diets
5544,Mediterranean Orzo And Chicken Salad Recipes,Mediterranean,main,,122.02,103.08,133.39,,all_diets
5545,Mediterranean Grilled Chicken And Grape Skewers,Mediterranean,main,,97.38,54.11,123.84,,all_diets
5546,Mediterranean Feta Salad With Pomegranate Dressing,Mediterranean,main,,51.84,175.52,195.42,,all_diets
5547,Mediterranean Eggplant Dip With Sizzled Garlic,Mediterranean,main,,19.61,35.1,65.1,,all_diets
5548,Mediterranean Flavors: Baba Ghanoush Recipe,Mediterranean,main,,13.49,58.44,51.42,,all_diets
5549,Mediterranean Chopped Salad With Shrimp Recipe,Mediterranean,main,,182.05,381.92,101.23,,all_diets
5550,Mediterranean Salad With Lemon-Herb Vinaigrette,Mediterranean,main,,36.81,91.24,164.3,,all_diets
5551,Weekday Vegetarian Roast And Mediterranean Salada,Mediterranean,main,,17.79,144.7,49.16,,all_diets
5552,Zesty Roasted Chicken With Mediterranean Potatoes,Mediterranean,main,,100.23,182.1,145.95,,all_diets
5553,Mediterranean-Style Chicken And Bean Stew,Mediterranean,main,,265.63,145.05,270.15,,all_diets
5554,Mediterranean Salad With Smoked Paprika Vinaigrette,Mediterranean,main,,46.76,251.61,129.47,,all_diets
5555,Mediterranean Slow-Cooker Chicken Noodle Soup,Asian,main,,178.92,194.05,41.63,,all_diets
5556,Swordfish Baked In Foil With Mediterranean Flavors,Mediterranean,main,,161.94,89.31,38.95,,all_diets
5557,Mediterranean Mackerel With A Tomato Panzanella Salad,Mediterranean,main,,106.42,110.37,109.31,,all_diets
5558,Mediterranean Tuna Antipasto Salad For Two,Mediterranean,main,,54.84,82.03,35.4,,all_diets
5559,Slow-Cooker Mediterranean Chicken Thigh Stew,Mediterranean,main,,286.36,66.04,73.74,,all_diets
5560,Four-Cheese Baked Penne,Italian,main,,189.69,441.86,86.94,,all_diets
5561,Mediterranean Salad With Chickpeas And Arugula Recipes,Mediterranean,main,,89.1,144.34,118.55,,all_diets
5562,Mini Mediterranean Chicken Meatloaf With Chimichurri,Mediterranean,main,,105.07,49.59,82.15,,all_diets
5563,Dutch Baby Takes A Mediterranean Holiday,American,main,,46.03,103.49,99.18,,all_diets
5564,Mediterranean Fish Soup With Garlicky Rouille,Mediterranean,main,,443.98,276.18,385.16,,all_diets
5565,Mediterranean Flavors: Spinach And Artichoke Dip Recipe,Mediterranean,main,,24.03,32.4,97.42,,all_diets
5566,Hummus-And-Rice Fritters With Mediterranean Salad,Mediterranean,main,,58.16,290.41,73.18,,all_diets
5567,Mediterranean Tuna Salad With Roasted Potato Wedges,Mediterranean,main,,127.99,303.53,44.31,,all_diets
5568,Mediterranean Potato Salad With Haricots Verts Recipes,Mediterranean,main,,30.37,249.23,84.95,,all_diets
5569,Chicken Chopped Mediterranean Salad With Feta Vinaigrette,Mediterranean,main,,92.17,48.22,126.85,,all_diets
5570,Mediterranean Rice Salad With Roasted Red Peppers,Mediterranean,main,,60.67,519.99,83.21,,all_diets
5571,Marinated Mediterranean Chicken Pita & Slaw Recipe,Mediterranean,main,,183.83,243.83,101.02,,all_diets
5572,Mediterranean Chicken Stew With Prunes And Pumpkin,Mediterranean,main,,199.71,260.08,201.94,,all_diets
5573,Mediterranean Chicken Kebabs With Lemon-Tahini Sauce,Mediterranean,main,,117.97,40.32,54.52,,all_diets
5574,Slow-Cooker Mediterranean Chicken & Chickpea Soup,Mediterranean,main,,235.11,284.52,177.74,,all_diets
5575,Lamb Loin Chops With Mediterranean Stuffing Recipes,Mediterranean,main,,182.21,134.25,289.28,,all_diets
5576,Mediterranean Salad With Creamy Herb Dressing Recipes,Mediterranean,main,,80.8,394.49,66.59,,all_diets
5577,Baked Red Snapper In A Mediterranean Tomato Sauce,Mediterranean,main,,440.58,109.18,39.36,,all_diets
5578,Mediterranean Salad With Green Beans And Feta Recipes,Mediterranean,main,,71.48,180.63,67.65,,all_diets
5579,Seared Fresh Sardines And Tomato Soup,South East Asian,main,,50.03,136.55,157.33,,all_diets
5580,Shredded Mediterranean Chicken A La Crock Pot,Mediterranean,main,,93.37,99.32,56.08,,all_diets
5581,Mediterranean Zucchini Ribbon Sauté With Balsamic Reduction,Mediterranean,main,,6.01,46.96,28.11,,all_diets
5582,Grilled Peppered Pork Chops With Mediterranean Relish,Mediterranean,main,,246.45,27.14,97.85,,all_diets
5583,"Mediterranean Bean, Potato And Vegetable Salad Platter",Mediterranean,main,,42.14,238.2,19.21,,all_diets
5584,Mediterranean Country Pasta Salad With Fresh Herbs,Mediterranean,main,,111.04,399.52,172.24,,all_diets
5585,Mediterranean Salad With Olive-Bread Croutons Recipes,Mediterranean,main,,36.17,88.18,126.69,,all_diets
5586,Best Ever Mediterranean Grilled Lamb Chops,Mediterranean,main,,280.74,59.41,495.9,,all_diets
5587,"Sheet-Pan Mediterranean Chicken, Brussels Sprouts & Gnocchi",Mediterranean,main,,191.74,204.42,91.57,,all_diets
5588,"Mediterranean Chicken With Dijon Mustard, Tomato And Lemon",Mediterranean,main,,45.15,39.74,59.25,,all_diets
5589,Mediterranean Grilled Chicken Salad With Hummus Recipes,Mediterranean,main,,263.07,130.94,148.11,,all_diets
5590,Mayo-Free Mediterranean Tuna Salad Sandwiches Recipe,Mediterranean,main,,193.1,128.94,195.48,,all_diets
5591,Mediterranean Portobello Mushroom Pizzas With Arugula Salad,Italian,main,,71.58,105.74,76.67,,all_diets
5592,A Healthy Mediterranean Dip For Super Bowl Sunday,Mediterranean,main,,92.93,183.79,136.57,,all_diets
5593,Mediterranean Egg And Tomato Skillet With Pita (Shakshouka),Mediterranean,main,,59.22,131.34,53.08,,all_diets
5594,Pistou: Mediterranean Vegetable Soup With Basil Sauce,French,main,,131.9,263.82,194.07,,all_diets
5595,Mediterranean Mussel And Chickpea Soup With Fennel And Lemon,Mediterranean,main,,126.24,181.78,55.14,,all_diets
5596,Mediterranean Spinach Salad With Tomatoes And Lemon Dressing,Mediterranean,main,,30.9,57.09,92.21,,all_diets
5597,"Mediterranean ""Salad Pasta"" (Not To Be Confused With ""Pasta Salad"")",Mediterranean,main,,76.7,349.79,58.29,,all_diets
5598,"Mediterranean Sausage, Fennel, Canellini Bean And Tomato Gratin",French,main,,55.88,152.46,41.88,,all_diets
5599,The Ultimate Greek Salad Recipe,Mediterranean,main,,22.26,37.87,138.39,,all_diets
5600,Mediterranean Farro Bowl With Lemon-Tahini-Yogurt Dressing,Mediterranean,main,,199.7,837.65,117.79,,all_diets
5601,"Mediterranean Chopped Salad With Tomatoes, Peppers, Feta, And Basil Recipe",Mediterranean,main,,23.0,39.76,66.29,,all_diets
5602,Mediterranean Sweet & Spicy Salad With Greek Vinaigrette Dressing,Mediterranean,main,,33.21,97.68,93.28,,all_diets
5603,"Cranberry Sauce With Red Wine, Pomegranate Molasses, And Mediterranean Herbs",American,main,,2.01,361.31,0.63,,all_diets
5604,Mark Bittman'S Grilled Mediterranean Chicken Thighs Recipe,Mediterranean,main,,257.37,20.68,280.46,,all_diets
5605,Pan-Seared Mediterranean Chicken Burgers With Whipped Feta,Mediterranean,main,,186.01,44.61,155.54,,all_diets
5606,My Favorite Falafel Sandwich,American,main,,166.85,609.84,248.82,,all_diets
5607,Grilled Greek-Style Meatloaf With Herbed Potatoes And Grilled Lemon Recipe,Mediterranean,main,,199.9,261.85,240.23,,all_diets
5608,Gigante Beans,Caribbean,main,,60.36,137.21,69.17,,all_diets
5609,Mediterranean Chicken And Fennel Bake With Preserved Lemon And Harissa,Mediterranean,main,,197.25,41.64,247.52,,all_diets
5610,Mediterranean Vegetable Sandwich With Sundried Tomato Pesto And Fresh Mozzarella,Italian,main,,74.43,233.24,103.37,,all_diets
5611,Zucchini Pastitsio (Mediterranean Baked Beef And Pasta Casserole) Recipe,Italian,main,,320.52,358.1,388.93,,all_diets
5612,Mediterranean Veggie Burgers With Mint-Yogurt Sauce And Carrot Salad,Mediterranean,main,,73.73,218.66,62.93,,all_diets
5613,"Mediterranean Salad With Artichokes, Penne, And Sun-Dried Tomatoes Recipes",Mediterranean,main,,88.87,246.89,65.12,,all_diets
5614,Mediterranean Flavors: White Bean Spread With Za'Atar Recipe,Mediterranean,main,,37.49,123.55,165.87,,all_diets
5615,"Mediterranean Chicken, Feta, And Herb Wrap With Stewed Potatoes Recipe",Mediterranean,main,,372.14,112.53,106.82,,all_diets
5616,Mediterranean Grilled Tuna Steaks And Sicilian-Style Potato Salad,Mediterranean,main,,192.74,181.7,97.7,,all_diets
5617,"Chicken Sausage, Pepper And Onion Stoup With Tomato-Basil Gobble-'Ums",Italian,main,,107.95,347.26,143.44,,all_diets
5618,Mediterranean Grilled Whole Snapper With Fennel And A Pernod Butter Sauce,Mediterranean,main,,289.65,60.75,116.53,,all_diets
5619,"Mediterranean Rotisserie Leg Of Lamb With Potatoes, Fennel, And Olives Recipes",Mediterranean,main,,269.85,179.15,243.65,,all_diets
5620,Mediterranean Veggie Burgers With Mint-Yogurt Sauce And Carrot Salad Recipes,Mediterranean,main,,78.62,229.63,63.14,,all_diets
5621,"Mediterranean Squid (Calamari) Filled With Shellfish, Saffron Risotto And Ink Sauce",Italian,main,,283.8,82.89,71.18,,all_diets
5622,"Mediterranean Farro And Green Lentil Bowl With Feta, Olives&Sundried Tomatoes",Mediterranean,main,,95.21,285.36,88.55,,all_diets
5623,Bouillabaisse,American,main,,312.48,248.86,205.87,,all_diets
5624,Mediterranean Grilled Chicken And Roasted Red Pepper Pizza With Feta And Balsamic Glaze Recipes,Mediterranean,main,,133.53,164.18,137.67,,all_diets
5625,Mediterranean Citrus Olive Oil Cake With Sweet Basil Drizzle And Candied Olives (Gluten Free),American,main,,22.02,713.9,160.83,,all_diets
5626,Tomato And Black Olive Orzo Salad,Mediterranean,main,,100.69,314.24,375.24,,all_diets
5627,Chard Stalk Hummus,Mediterranean,main,,30.55,47.32,86.47,,all_diets
5628,Minted Courgette Salad,French,main,,6.54,24.63,28.59,,all_diets
5629,Tuscan White Beans,Italian,main,,108.6,291.91,76.37,,all_diets
5630,Grilled Lamb And Onion Kabobs With Olive Aioli,Mediterranean,main,,173.7,49.02,219.77,,all_diets
5631,Crispy Garlic & Rosemary Slices,French,main,,30.25,260.19,41.96,,all_diets
5632,Fig & Honey Yogurt,Mediterranean,main,,10.03,47.06,2.83,,all_diets
5633,"Pork, Fennel & Chilli Meatballs",American,main,,88.07,23.33,134.21,,all_diets
5634,Rosemary Pork Chops,American,main,,106.38,3.92,86.73,,all_diets
5635,"Warm Chickpea, Chorizo & Pepper Salad",Mediterranean,main,,104.19,257.47,110.55,,all_diets
5636,Tangy Roasted Peppers,Mediterranean,main,,4.83,23.97,68.51,,all_diets
5637,Tortellini With Pesto & Broccoli,Italian,main,,20.87,51.53,38.62,,all_diets
5638,Sticky Lemon Chicken,American,main,,95.55,33.1,42.2,,all_diets
5639,Italian Butter Beans,Italian,main,,60.18,190.28,21.48,,all_diets
5640,"Red Potatoes With Olive, Feta, And Mint",Mediterranean,main,,50.1,156.78,113.96,,all_diets
5641,Olive-Garlic Deviled Eggs,Italian,main,,51.2,6.31,100.89,,all_diets
5642,Roasted Chicken Souvlaki,Mediterranean,main,,137.05,4.98,43.18,,all_diets
5643,Courgette & Quinoa-Stuffed Peppers,Mediterranean,main,,89.99,359.55,50.55,,all_diets
5644,Chicken & Chorizo Traybake,Mediterranean,main,,278.51,183.35,259.41,,all_diets
5645,Gin Mare'S Red Tonic,World,main,,0.17,19.3,0.06,,all_diets
5646,Deli Pasta Salad,American,main,,77.67,269.73,40.34,,all_diets
5647,"Flash-Fried Prawns With Chilli, Lemon & Parsley",Mediterranean,main,,42.29,11.62,30.6,,all_diets
5648,Lemon & Parsley Butter Beans,American,main,,58.54,184.62,21.07,,all_diets
5649,Fig & Ricotta Toast,Mediterranean,main,,11.72,30.74,10.4,,all_diets
5650,Baked Hummus,Mediterranean,main,,59.63,73.86,114.77,,all_diets
5651,School Of Tapas: Catalan Cod Brandada,Italian,main,,75.66,6.74,405.28,,all_diets
5652,Spice Route Chicken,Mediterranean,main,,264.82,80.26,249.16,,all_diets
5653,Roasted Veggie & Hummus Pita Pockets,Mediterranean,main,,13.19,41.15,10.48,,all_diets
5654,Deli Couscous,Mediterranean,main,,85.79,357.52,114.03,,all_diets
5655,Rosemary Roast Lamb Chops,Mediterranean,main,,147.94,195.26,245.52,,all_diets
5656,Endive And Fennel With Tarragon Avgolemono Sauce,Mediterranean,main,,21.32,43.53,24.99,,all_diets
5657,Grilled Eggplant With Rosemary,American,main,,7.14,42.74,41.91,,all_diets
5658,Honey Yogurt Cheesecake,American,main,,106.14,420.12,409.12,,all_diets
5659,Grilled Fennel-Cumin Lamb Chops,Indian,main,,83.69,3.61,196.71,,all_diets
5660,Spanish Rice & Prawn One-Pot,Mediterranean,main,,63.01,235.56,37.66,,all_diets
5661,Tostones With Herbed Salt,Mediterranean,main,,5.0,115.96,433.39,,all_diets
5662,Rosemary-Roasted Leg Of Lamb,Mediterranean,main,,392.94,4.74,306.31,,all_diets
5663,Rouille,South American,main,,3.67,20.16,41.82,,all_diets
5664,Piedmontese Peppers,Mediterranean,main,,46.08,59.35,88.77,,all_diets
5665,Herbed Lamb Cutlets With Roasted Vegetables,French,main,,135.21,68.9,217.87,,all_diets
5666,Orange & Black Olive Salad,Mediterranean,main,,7.88,93.25,16.75,,all_diets
5667,Salmon Steaks With White-Bean And Olive Saute,Mediterranean,main,,243.73,174.96,158.3,,all_diets
5668,Olive-Topped Orange Slices,American,main,,4.07,47.79,9.58,,all_diets
5669,Italian-Style Chicken Burger & Chips,Nordic,main,,164.68,503.04,109.98,,all_diets
5670,Roasted Pepper Salad With Capers & Pine Nuts,South East Asian,main,,8.51,39.76,53.35,,all_diets
5671,Cook The Book: Turkish Yogurt Soup With Mint,Middle Eastern,main,,105.69,131.7,55.13,,all_diets
5672,Garlic-Mint Yogurt Spread Recipe,American,main,,12.97,11.85,8.16,,all_diets
5673,Garlicky Escarole,Italian,main,,38.37,116.47,15.47,,all_diets
5674,"Aubergine, Chilli & Bacon Pasta",Italian,main,,75.33,300.22,104.05,,all_diets
5675,Lamb Chops With Pistachio Sauce And Vegetable Saute,Mediterranean,main,,177.96,70.81,308.26,,all_diets
5676,Lamb Chops With Asparagus And Farro,Italian,main,,329.78,282.19,732.29,,all_diets
5677,Panzanella (Tuscan Tomato And Bread Salad),Italian,main,,6.78,38.12,95.71,,all_diets
5678,Cold Pudding With Bulgur Grain,British,main,,49.03,116.12,148.69,,all_diets
5679,The Corsican Cocktail Recipe,World,main,,1.75,155.39,0.99,,all_diets
5680,Roasted Red Pepper And Feta Dip,Mediterranean,main,,33.94,19.35,58.05,,all_diets
5681,Spanikopi-Taters,American,main,,47.11,182.6,39.28,,all_diets
5682,"Eggplant, Pepper And Feta-Stuffed Phyllo Boreks",Mediterranean,main,,41.25,170.46,236.04,,all_diets
5683,Zucchini Babaghanouj,Mediterranean,main,,18.73,43.96,73.73,,all_diets
5684,Pomegranate Martini Recipe,World,main,,0.13,8.42,0.2,,all_diets
5685,Baked Ham With Rosemary And Sweet Vermouth,American,main,,450.55,176.05,315.42,,all_diets
5686,Lemony Orzo With Tuna,Mediterranean,main,,238.42,358.03,140.01,,all_diets
5687,Eggplant Dip (Baba Ghanoush),Middle Eastern,main,,29.02,110.85,79.73,,all_diets
5688,Slow-Baked Salmon With Lemon And Thyme,Nordic,main,,325.06,11.85,233.29,,all_diets
5689,Sardine Beccafico,Mediterranean,main,,41.45,146.5,53.19,,all_diets
5690,Crudités With Feta Pistachio Dip,Mediterranean,main,,51.97,44.78,128.17,,all_diets
5691,Broccoli With Red Pepper Flakes And Toasted Garlic,British,main,,13.32,25.55,10.61,,all_diets
5692,"Tilapia With Arugula, Capers, And Tomatoes",American,main,,48.26,7.99,18.59,,all_diets
5693,Tuna With Warm Cucumber And Fennel Salad,Mediterranean,main,,171.33,62.31,88.67,,all_diets
5694,Spicy Red-Pepper And Eggplant Confit,French,main,,21.97,121.53,221.82,,all_diets
5695,Classic Cookbooks: Elizabeth David'S Ratatouille Recipe,French,main,,24.77,141.96,38.07,,all_diets
5696,Tomato And Cucumber Couscous,Middle Eastern,main,,24.2,112.28,10.19,,all_diets
5697,Mini Mezze Bento Box,Mediterranean,main,,15.02,35.93,17.64,,all_diets
5698,Zucchini Tapenade,Mediterranean,main,,6.94,17.34,55.8,,all_diets
5699,Black Olive Tapenade,French,main,,8.37,14.68,92.56,,all_diets
5700,Warm Quinoa Salad,Mexican,main,,73.78,249.0,37.79,,all_diets
5701,Greek Lamb & Macaroni Bake,Mediterranean,main,,264.91,358.69,202.33,,all_diets
5702,Orzo & Mozzarella Salad,Italian,main,,128.71,282.28,165.42,,all_diets
5703,Baked Shrimp With Tomatoes And Feta,Mediterranean,main,,136.89,107.9,60.69,,all_diets
5704,"Chicken With Ham, Spinach & Pine Nuts",British,main,,530.63,75.37,212.81,,all_diets
5705,"Mahimahi With Onion, Capers, And Lemon",Mediterranean,main,,129.0,19.34,80.39,,all_diets
5706,Coney Island Skewered Shrimp,Mediterranean,main,,247.98,23.15,45.62,,all_diets
5707,Spinach Tabbouleh,Middle Eastern,main,,24.7,97.07,57.77,,all_diets
5708,Garbanzo Bean Stew With Escarole,South East Asian,main,,45.16,133.63,14.41,,all_diets
5709,Greek Kale Salad With Quinoa & Chicken,Mediterranean,main,,63.71,48.83,49.45,,all_diets
5710,"Zucchini, Lamb, And Summer Squash With Buttermilk Dill Marinade",American,main,,148.79,57.98,132.77,,all_diets
5711,Eggplant & Chickpea Baked Pasta,Italian,main,,59.71,220.29,52.11,,all_diets
5712,"Tomato, Onion, Black Olive, And Feta Fish Packets",Mediterranean,main,,132.3,22.39,74.82,,all_diets
5713,Mini Lamb Burgers With Pineapple Salsa,Nordic,main,,124.59,154.6,157.35,,all_diets
5714,Birds Eye® Greek Veggie & Hummus Wrap,Mediterranean,main,,147.3,594.51,227.82,,all_diets
5715,White Bean Soup (Fassoulatha),American,main,,114.77,335.39,32.6,,all_diets
5716,Spanish Meatball & Butter Bean Stew,Mediterranean,main,,99.28,150.74,90.43,,all_diets
5717,Radicchio And Haricot Vert Salad With Candied Walnuts,American,main,,7.65,76.77,66.46,,all_diets
5718,Orange And Cumin Leg Of Lamb With Roasted Tomatoes And Garlic Recipe,Mediterranean,main,,607.03,109.27,489.93,,all_diets
5719,Grilled Radicchio Salad With Gorgonzola And Balsamic Vinaigrette Recipe,Mediterranean,main,,28.47,18.27,87.46,,all_diets
5720,Frozen Apricot Soufflé,French,main,,34.52,256.36,177.34,,all_diets
5721,Corn On The Cob With Mint-Feta Butter,Mediterranean,main,,74.2,304.9,103.62,,all_diets
5722,White Bean Salad With Carrots And Tomatoes,South American,main,,51.11,151.17,43.07,,all_diets
5723,Portobello “Pizza” Margherita,Italian,main,,35.08,46.33,31.2,,all_diets
5724,"Pan-Seared Rib-Eye Steaks With Goat Cheese, Caper And Sun-Dried Tomato Butter",American,main,,140.37,3.65,176.65,,all_diets
5725,"Radicchio With Pine Nuts, Currants, And Aged Balsamic",Mediterranean,main,,5.7,26.33,66.04,,all_diets
5726,Roasted Vegetable And Prosciutto Lasagna With Alfredo Sauce,Italian,main,,47.39,131.33,35.18,,all_diets
5727,Raw Artichoke Salad With Mint And Feta Vinaigrette,Mediterranean,main,,60.95,186.23,85.08,,all_diets
5728,Chickpea Spread,Mediterranean,main,,145.6,489.97,274.51,,all_diets
5729,Tabbouleh With Edamame And Feta,Mediterranean,main,,59.57,180.26,41.17,,all_diets
5730,Hake With Stewed Peppers,Eastern Europe,main,,137.59,109.12,90.22,,all_diets
5731,"Balsamic-Glazed Salmon With Spinach, Olives, And Golden Raisins",Nordic,main,,76.13,94.2,72.1,,all_diets
5732,Panzanella,Mediterranean,main,,43.1,237.81,221.51,,all_diets
5733,"Tabouli Salad With Cucumber, Tomato, Feta, And Olives",Mediterranean,main,,34.78,137.31,79.1,,all_diets
5734,Tuna Salad,American,main,,82.73,40.17,21.91,,all_diets
5735,Roasted Fish Catalan,Mediterranean,main,,96.52,32.82,20.63,,all_diets
5736,Grilled Peaches With Franklin'S Teleme,Mediterranean,main,,30.57,69.51,46.1,,all_diets
5737,Lemon And Mint Seafood Skewers With Tabbouleh,Middle Eastern,main,,132.09,144.52,19.92,,all_diets
5738,Easy Shrimp Skillet,Mediterranean,main,,63.81,178.34,52.16,,all_diets
5739,Chicken With Cherry Tomato And Olive Topping,American,main,,155.25,10.07,31.41,,all_diets
5740,Pointsplus Bulgur Pilaf With Pistachios And Raisins,Mediterranean,main,,29.87,171.54,36.44,,all_diets
5741,Greek Layer Dip,Mediterranean,main,,86.52,207.99,53.49,,all_diets
5742,Niçoise Toasts,French,main,,50.13,177.58,60.1,,all_diets
5743,Cat Cora'S Olive Oil Chocolate Cake,American,main,,72.74,336.95,148.19,,all_diets
5744,Lentil Stew With Spinach And Potatoes,Middle Eastern,main,,60.81,189.87,30.64,,all_diets
5745,Skewered Greek Meatballs,Mediterranean,main,,176.19,29.61,218.5,,all_diets
5746,Fava Beans And Orzo Salad,Mediterranean,main,,94.19,276.06,53.22,,all_diets
5747,"Braised Chicken With Artichokes, Olives, And Lemon",Mediterranean,main,,241.76,159.0,214.7,,all_diets
5748,Pan-Fried Tomatoes With A Cornmeal Crust,American,main,,12.46,92.77,74.97,,all_diets
5749,Spicy Brussels Sprouts With Fried Capers,Italian,main,,36.59,89.88,76.79,,all_diets
5750,Grilled Lamb Meatballs,Middle Eastern,main,,84.91,25.57,138.48,,all_diets
5751,Honey-Glazed Doughnuts With Raisins And Pine Nuts,American,main,,55.5,750.0,46.32,,all_diets
5752,"Onion, Pepper & Feta Quiche",Mediterranean,main,,60.01,160.48,149.63,,all_diets
5753,Greek Vegetarian Stuffed Zucchini,Mediterranean,main,,32.34,92.2,39.11,,all_diets
5754,Cook The Book: Pita Bread,Mediterranean,main,,44.66,319.61,58.39,,all_diets
5755,Salmon With Salsa Verde,Nordic,main,,357.97,189.46,315.0,,all_diets
5756,Moutabal,Mediterranean,main,,34.92,112.17,24.8,,all_diets
5757,Sea Bass & Seafood Italian One-Pot,American,main,,163.9,50.07,45.18,,all_diets
5758,Fattoush With Yogurt-Tahini Dressing,Mediterranean,main,,22.88,49.4,26.34,,all_diets
5759,"Roasted Red Pepper, Spinach & Feta Penne Pasta",Mediterranean,main,,79.14,306.42,84.84,,all_diets
5760,Grilled Chicken With Rustic Mustard Cream,American,main,,154.38,6.93,54.97,,all_diets
5761,Orzo Olive Salad,Mediterranean,main,,35.83,141.46,70.35,,all_diets
5762,Moroccan Ratatouille,Middle Eastern,main,,28.14,151.73,41.51,,all_diets
5763,Vegetarian Mezze Lunch To Go,Mediterranean,main,,31.83,50.32,56.31,,all_diets
5764,Tuna And Olive Salad Sandwich,Mediterranean,main,,132.98,167.73,110.4,,all_diets
5765,Hamburger Imbottiti (Stuffed Hamburgers),American,main,,146.05,23.09,175.75,,all_diets
5766,Grilled Squid With Olive Oil And Lemon Recipe,Mediterranean,main,,71.04,15.83,20.36,,all_diets
5767,Corn And Fregola With Grilled Halloumi Cheese,Italian,main,,74.43,272.88,137.59,,all_diets
5768,Greek Roasted Fish With Vegetables,Mediterranean,main,,146.81,132.48,117.38,,all_diets
5769,Spiced Silverbeet And Pumpkin Hash,American,main,,20.99,88.57,107.25,,all_diets
5770,Greek Chicken Sheet Pan Dinner With Green Beans And Feta,Mediterranean,main,,247.52,176.44,55.68,,all_diets
5771,Mykonos Pork Roast With Tzatziki Sauce,Mediterranean,main,,347.08,35.21,183.42,,all_diets
5772,Salmon With Roasted Red Pepper Quinoa Salad,Nordic,main,,139.98,98.53,138.01,,all_diets
5773,Greek Stuffed Portobello Mushrooms,Mediterranean,main,,17.61,26.48,54.76,,all_diets
5774,Ratatouille,French,main,,10.97,56.46,56.84,,all_diets
5775,Cheesy Greek-Style Baked Quinoa,Mediterranean,main,,73.56,143.19,89.34,,all_diets
5776,Branzino Al Forno,Italian,main,,431.11,70.42,122.31,,all_diets
5777,"Zucchini Noodle ""Pasta"" Salad",Asian,main,,111.27,362.9,123.01,,all_diets
5778,Vegetable Saute,American,main,,56.93,186.48,32.98,,all_diets
5779,Lamb Chops With Mint Gremolata,American,main,,65.75,11.65,218.95,,all_diets
5780,Fresh Athenos® Salsa,Mexican,main,,41.67,55.89,91.17,,all_diets
5781,Almond-Apricot Chicken With Mint Pesto,Italian,main,,199.63,84.21,194.66,,all_diets
5782,Greek Burgers With Herb-Feta Sauce,Mediterranean,main,,122.62,83.43,118.48,,all_diets
5783,Lamb & Eggplant Ragu,Italian,main,,63.04,198.15,41.35,,all_diets
5784,Shepherd'S Salad,American,main,,14.98,32.93,40.38,,all_diets
5785,Tomatoes Stuffed With Puréed Cauliflower And Feta,Mediterranean,main,,44.16,57.12,80.85,,all_diets
5786,"Pork Roast Stuffed With Roasted Red Peppers, Feta, And Spinach",Mediterranean,main,,308.94,55.85,222.81,,all_diets
5787,Pita Bread,Middle Eastern,main,,89.23,583.51,83.38,,all_diets
5788,North African Vegetable Stew With Poached Eggs,Mexican,main,,80.33,196.54,47.17,,all_diets
5789,Slow-Cooked Lamb With Lemons & Pomegranate,Mediterranean,main,,193.76,128.33,232.77,,all_diets
5790,Gluten-Free Greek Halva Recipe,Mediterranean,main,,36.4,550.77,134.86,,all_diets
5791,Spanish Clam Soup,Mediterranean,main,,304.84,226.63,109.62,,all_diets
5792,Wilted Dandelion Greens With Toasted Matzo Crumbles,Eastern Europe,main,,10.35,122.36,55.72,,all_diets
5793,Tilapia & Summer Vegetable Packets,Mediterranean,main,,97.34,33.28,25.89,,all_diets
5794,Holly Clegg’S Eight Layered Greek Dip,Mediterranean,main,,30.48,67.11,49.64,,all_diets
5795,Greek-Style Chicken Salad,Mediterranean,main,,68.33,42.72,122.26,,all_diets
5796,Diy Amaretto Recipe,World,main,,13.6,299.79,19.72,,all_diets
5797,Pomegranate Molasses-Glazed Chicken And Carrots,American,main,,117.65,112.5,141.64,,all_diets
5798,Raw Artichoke Salad,Mediterranean,main,,17.84,92.7,136.41,,all_diets
5799,"Warm Black-Eyed Peas Salad With Collard Greens, Spinach, Feta & Sun-Dried Tomato",Mediterranean,main,,35.35,90.7,73.71,,all_diets
5800,Lamb Chops With Moroccan Salad,Middle Eastern,main,,193.58,121.61,339.61,,all_diets
5801,"Cucumber, Tomato & Feta Salad",Mediterranean,main,,11.2,27.29,50.67,,all_diets
5802,Greek Cauliflower Rice Bowls With Grilled Chicken,Mediterranean,main,,118.21,44.88,107.69,,all_diets
5803,Herbed Lima Bean Hummus,Mediterranean,main,,42.95,140.33,73.51,,all_diets
5804,Sun-Dried-Tomato Relish With Cayenne Toasts,American,main,,85.58,194.56,170.81,,all_diets
5805,Vegetarian Stuffed Grape Leaves,Mediterranean,main,,57.9,363.37,98.45,,all_diets
5806,Turkish Meat Bread,Middle Eastern,main,,59.02,186.01,62.86,,all_diets
5807,Athenos Seven-Layer Dip,American,main,,107.37,302.39,100.57,,all_diets
5808,Hummus With Slow-Roasted Vegetables,Mediterranean,main,,59.16,153.47,119.03,,all_diets
5809,"Baked Chicken Legs With Chickpeas, Olives, And Greens",Mediterranean,main,,290.36,192.97,380.9,,all_diets
5810,Bistro Chicken-Pasta Salad,French,main,,103.41,194.15,67.1,,all_diets
5811,Orzo Salad With Chickpeas & Artichoke Hearts,Mediterranean,main,,43.47,137.98,24.82,,all_diets
5812,Greek-Style Shrimp And Feta Tacos Recipe,Mediterranean,main,,112.06,150.51,98.17,,all_diets
5813,Hazelnut Panna Cotta With Berry Compote,Italian,main,,34.69,212.32,265.0,,all_diets
5814,"Greek Turkey Burgers With Spinach, Feta & Tzatziki",Mediterranean,main,,120.5,84.5,76.57,,all_diets
5815,Vegetarian Casserole,French,main,,41.67,149.77,19.93,,all_diets
5816,"Marinated Olives With Lemon, Thyme & Rosemary",Mediterranean,main,,7.05,50.56,113.5,,all_diets
5817,Marinated Chickpeas,Mediterranean,main,,65.86,202.86,47.13,,all_diets
5818,Grilled Portabella Burgers With Pesto Mayo,American,main,,80.69,141.91,103.0,,all_diets
5819,Tomato Dolma With Roasted Eggplant (Köz Patlicanli Domates Dolmasi),Middle Eastern,main,,107.48,149.43,123.96,,all_diets
5820,Baby-Artichoke Sandwich,Mediterranean,main,,128.75,376.68,160.56,,all_diets
5821,Pita Chip Nachos,Mexican,main,,134.26,154.66,68.87,,all_diets
5822,Herb And Mustard-Crusted Rack Of Lamb,Mediterranean,main,,101.96,21.02,232.49,,all_diets
5823,Kale Salad With Preserved Lemon & Walnuts,Mediterranean,main,,16.94,29.43,97.55,,all_diets
5824,Chickpea-Farro Salad,Eastern Europe,main,,53.42,184.36,41.09,,all_diets
5825,Mexican Roasted Corn Salad With Buttermilk Dressing,Mexican,main,,40.09,145.0,37.25,,all_diets
5826,Sumac Hummus,Mediterranean,main,,29.36,76.22,66.49,,all_diets
5827,Walnut-Date Torte,Mediterranean,main,,54.68,383.6,112.39,,all_diets
5828,"Mussels With Tomatoes, Wine, And Anise",Italian,main,,117.86,116.72,76.96,,all_diets
5829,Sea Bream With A Courgette Salad With Fresh Mint And Rocket,Mediterranean,main,,179.26,66.72,234.79,,all_diets
5830,Caramelized Onion And Sour Cream Spread,American,main,,78.92,277.84,151.23,,all_diets
5831,Braised Lamb Shanks & Eggplant,Middle Eastern,main,,224.43,78.02,183.6,,all_diets
5832,Rouget And Shrimp With Lemon Sauce,American,main,,175.91,50.03,138.15,,all_diets
5833,Bacon Baklava,Mediterranean,main,,163.49,823.99,554.46,,all_diets
5834,Lemon-Avocado Spaghetti With Shrimp,Mediterranean,main,,111.44,379.01,53.54,,all_diets
5835,"Stuffed Peppers, Tomatoes, And Mushrooms",Italian,main,,71.26,254.86,101.36,,all_diets
5836,Roman-Jewish Fried Artichokes (Carciofi Alla Giudia) Recipe,Mediterranean,main,,46.41,159.23,235.33,,all_diets
5837,Yogurt-Marinated Lamb Kebabs,Middle Eastern,main,,91.02,277.49,64.45,,all_diets
5838,Zaatar And Lemon Grilled Chicken,French,main,,262.62,43.46,368.27,,all_diets
5839,Tzatziki,Mediterranean,main,,50.78,68.75,32.66,,all_diets
5840,Fish Niçoise,French,main,,76.03,41.4,24.7,,all_diets
5841,Greek Salad Chicken Pita,Mediterranean,main,,133.23,281.65,82.39,,all_diets
5842,Tomato & Artichoke Gnocchi,Mediterranean,main,,65.29,296.05,47.01,,all_diets
5843,Couscous-Stuffed Chicken,Italian,main,,166.03,46.07,64.46,,all_diets
5844,One-Pot Greek Pasta,Mediterranean,main,,138.67,512.17,98.42,,all_diets
5845,Roasted Garlic And Olive Salsa Recipe,Mediterranean,main,,32.22,78.46,72.25,,all_diets
5846,Warm Tuna Salad Niçoise,French,main,,77.19,129.82,31.19,,all_diets
5847,Acorn Squash Stuffed With Chard & White Beans,Italian,main,,67.87,233.76,52.7,,all_diets
5848,"Peppers Stuffed With Lamb, Feta, Couscous, And Black Olives",Mediterranean,main,,173.33,227.55,281.84,,all_diets
5849,Mustard Aioli-Grilled Potatoes With Fines Herbes,American,main,,25.75,206.27,91.42,,all_diets
5850,Broiled Lamb Chops With Walnut And Mint Gremolata,American,main,,178.2,14.66,343.4,,all_diets
5851,Our Paella,Mediterranean,main,,436.65,283.86,388.51,,all_diets
5852,Cod Baked With Tomatoes And Feta,Mediterranean,main,,107.81,69.5,59.74,,all_diets
5853,Tangy-Sweet Lemon Chicken,American,main,,235.01,289.66,164.76,,all_diets
5854,Whipped Salt-Cod Spread (Brandade De Morue) Recipe,Mediterranean,main,,297.98,79.44,304.11,,all_diets
5855,Grilled Lamb And Pistachio Burgers,American,main,,100.79,14.53,160.58,,all_diets
5856,Fish Soup With Saffron And Fennel,Mediterranean,main,,329.4,106.49,93.1,,all_diets
5857,Bacon Swiss Burgers With Tomato And Avocado,American,main,,174.59,97.06,164.78,,all_diets
5858,Orgeat Recipe,Mediterranean,main,,60.49,361.57,142.8,,all_diets
5859,Provençal Baked Fish With Roasted Potatoes & Mushrooms,Mediterranean,main,,98.38,104.75,34.74,,all_diets
5860,Roasted Kale And Eggplant Tapenade,Mediterranean,main,,18.29,68.88,30.22,,all_diets
5861,"Chickpea, Chorizo & Spinach Soup",Mediterranean,main,,87.97,182.05,76.83,,all_diets
5862,Skordalia Trio,Mediterranean,main,,31.51,144.29,90.4,,all_diets
5863,Labneh Stuffed Grape Leaves Preserved In Oil,Mediterranean,main,,95.12,34.35,784.56,,all_diets
5864,Acorn Squash Stuffed With Chard & White Beans For Two,French,main,,34.18,115.22,27.23,,all_diets
5865,Dinner Tonight: Red Snapper With Tomatoes And Olives Baked In Foil Recipe,American,main,,73.25,19.56,35.43,,all_diets
5866,Greek-Style Chicken Breasts,Mediterranean,main,,163.25,36.27,61.89,,all_diets
5867,Spring Lamb With Grilled Baby Artichokes – Mr. Bean,Mediterranean,main,,247.58,224.63,259.78,,all_diets
5868,"Skillet Cod With Bulgur, Zucchini, And Tomatoes",Italian,main,,205.84,145.35,50.36,,all_diets
5869,Eggs Baked Over A Spicy Vegetable Ragout,South American,main,,46.52,78.19,41.24,,all_diets
5870,Instant Pot Chicken Breast,French,main,,102.22,1.1,25.48,,all_diets
5871,Baccalà In Zimino (Salted Cod With Greens),American,main,,297.23,43.93,53.0,,all_diets
5872,Chicken-Garbanzo Salad,Mediterranean,main,,97.63,143.47,37.37,,all_diets
5873,Spicy Lamb Burgers With Grilled Eggplant,South East Asian,main,,251.96,152.38,325.38,,all_diets
5874,Spiced Braised Lamb With Carrots And Spinach,Mediterranean,main,,294.18,100.24,375.0,,all_diets
5875,Cook The Book: Piedmontese Peppers,French,main,,14.67,55.62,67.77,,all_diets
5876,Greek Meatball Mezze Bowls,Mediterranean,main,,129.23,118.99,93.66,,all_diets
5877,Dinner Tonight: Zucchini Galette,American,main,,48.52,37.77,40.98,,all_diets
5878,Vasilopita,French,main,,103.98,798.0,274.18,,all_diets
5879,Yellow Tomato Gazpacho,Mediterranean,main,,20.33,90.1,22.66,,all_diets
5880,Lamb Meatballs With Dilled Carrots,Mediterranean,main,,143.68,100.92,181.74,,all_diets
5881,Ratatouille & Tabouleh,French,main,,30.7,197.55,113.49,,all_diets
5882,Sweet Orange Couscous With Dried Fruit,Mediterranean,main,,18.2,288.56,1.71,,all_diets
5883,Provençal Turkey Kebabs With Grilled Lemon,American,main,,127.42,27.02,58.44,,all_diets
5884,Whole-Grain Orzo & Grilled Vegetable Salad,Mediterranean,main,,82.67,149.58,128.16,,all_diets
5885,Persian Spinach And Yogurt Dip (Borani Esfanaj),American,main,,17.38,27.36,16.82,,all_diets
5886,Sheet-Pan Chicken & Vegetables With Romesco Sauce,Mediterranean,main,,130.42,169.05,169.26,,all_diets
5887,Shrimp Prepared In The Scampi Style,South East Asian,main,,220.9,37.84,136.03,,all_diets
5888,Slow-Cooker Turkish Lamb & Vegetable Stew,Middle Eastern,main,,152.35,165.11,122.58,,all_diets
5889,Grilled Merguez With Ratatouille,French,main,,99.76,107.78,307.18,,all_diets
5890,Fava Bean Salad With Mountain Ham And Mint,American,main,,970.31,823.34,322.84,,all_diets
5891,Golden Panko Latkes With Sour Cream And Chives,American,main,,48.52,268.05,278.23,,all_diets
5892,Roasted Black Sea Bass With Tomato And Olive Salad,French,main,,103.41,42.09,97.54,,all_diets
5893,Veal Meatballs With Braised Vegetables,Italian,main,,113.91,113.69,164.46,,all_diets
5894,Escabeche,Mediterranean,main,,218.54,308.96,147.28,,all_diets
5895,Kimchi-Sesame Hummus,Mediterranean,main,,42.04,115.5,71.36,,all_diets
5896,"Mussels With Spices, Ginger, Lemongrass And Coriander",Mediterranean,main,,111.01,63.06,49.44,,all_diets
5897,Korean Hummus,Mediterranean,main,,101.15,309.08,67.03,,all_diets
5898,Espinacas Con Garbanzos/Spinach And Garbanzos,Mediterranean,main,,46.05,128.0,51.71,,all_diets
5899,Quinoa Salad With Pistachios And Currants,Mediterranean,main,,43.09,209.08,59.17,,all_diets
5900,Chicken In Garlic-Vinegar Sauce,French,main,,181.1,69.02,141.49,,all_diets
5901,Ouzo Poached Shrimp With Tomatoes And Corn Salad,Mediterranean,main,,66.88,66.05,73.57,,all_diets
5902,Greek Salmon Salad,Nordic,main,,13.44,99.69,22.25,,all_diets
5903,"Dinner Tonight: Orzo With Cherry Tomatoes, Capers, And Lemon Recipe",Italian,main,,35.82,115.03,31.12,,all_diets
5904,Cider Doughnuts With Maple-Tahini Glaze,American,main,,39.26,347.85,83.29,,all_diets
5905,"Falafel, Feta, And Tomato Salad",Mediterranean,main,,37.66,84.02,108.06,,all_diets
5906,Seaside Salad,Mediterranean,main,,227.93,51.62,184.65,,all_diets
5907,Southeast Asian Carrot Salad With Mint And Roasted Peanuts,South East Asian,main,,22.49,54.43,46.33,,all_diets
5908,Tunisian Leblebi,Mediterranean,main,,98.69,215.1,32.2,,all_diets
5909,Stuffed Red Bell Peppers,Middle Eastern,main,,127.0,151.18,150.93,,all_diets
5910,"Whole Wheat Spaghetti Salad With Grilled Zucchini, Kalamata Olives, And Feta Recipe",Mediterranean,main,,102.41,387.6,126.97,,all_diets
5911,Braised Leg Of Lamb With Juniper,French,main,,355.04,112.89,304.93,,all_diets
5912,"Swordfish With Olives, Capers & Tomatoes Over Polenta",Italian,main,,100.42,85.94,51.15,,all_diets
5913,Falafel Pizza,Italian,main,,71.31,218.32,60.34,,all_diets
5914,Spanakopita Grilled Cheese,Mediterranean,main,,44.64,80.82,70.43,,all_diets
5915,Autumn Olive Medley,French,main,,363.39,112.36,306.17,,all_diets
5916,Greek Tomato And Cucumber Salad With Farro,Mediterranean,main,,43.63,168.35,66.91,,all_diets
5917,Ancient Arabic Coffee Shows Guests You Think They’Re Worth It,Middle Eastern,main,,1.64,10.27,0.2,,all_diets
5918,Lemon-Herb Salmon With Caponata & Farro,Nordic,main,,152.24,158.87,79.49,,all_diets
5919,Fried Squid Po' Boy With Avocado And Black Chile Oil Recipe,American,main,,99.63,192.2,220.65,,all_diets
5920,Roasted Tomatoes And Sage Pesto,Italian,main,,54.18,114.77,258.04,,all_diets
5921,Sea Bass Crusted With Moroccan Spices,Middle Eastern,main,,129.58,20.8,30.88,,all_diets
5922,"Rustic Rosemary, Grape And Feta Galette With Caramelized Onions",Mediterranean,main,,38.36,154.91,79.92,,all_diets
5923,Piled-High Greek Vegetable Pitas,Mediterranean,main,,51.34,172.22,41.36,,all_diets
5924,Greek Chicken & Cucumber Pita Sandwiches With Yogurt Sauce,Mediterranean,main,,104.99,164.17,98.54,,all_diets
5925,Honeyed Prawns & Polenta,Italian,main,,96.31,318.46,47.83,,all_diets
5926,Pâtes Aux Cêpes (Tagliatelle With Porcini Mushrooms And Crème Fraîche) Recipe,French,main,,71.92,389.19,57.18,,all_diets
5927,Savory Lamb Shanks With Eggplant And Barley,American,main,,377.68,241.99,275.44,,all_diets
5928,Artichokes With Broad Beans And Almonds,Mediterranean,main,,63.55,128.47,254.0,,all_diets
5929,"Salad With Kale, Snap Peas And Lemony Feta Dressing",Mediterranean,main,,35.42,78.76,93.12,,all_diets
5930,Irish Pizza,Italian,main,,110.38,202.45,185.25,,all_diets
5931,Chickpea Salad With Cumin Vinaigrette Recipe,American,main,,66.72,205.83,159.5,,all_diets
5932,Scrambled Eggs With Goat Cheese And Aleppo Pepper,Mediterranean,main,,51.0,14.13,75.57,,all_diets
5933,Za'Atar-Crusted Chicken Schnitzel,Central Europe,main,,255.46,81.7,166.3,,all_diets
5934,Pita Panzanella Salad With Meatballs,Italian,main,,158.84,149.37,128.05,,all_diets
5935,Chicken Hash Recipe,French,main,,145.1,112.03,134.68,,all_diets
5936,Hamachi Carpaccio With Piquillo Peppers And Grilled Lemon,Mediterranean,main,,108.86,29.66,132.56,,all_diets
5937,Linguine With Shellfish Sauce,Italian,main,,398.42,444.69,118.77,,all_diets
5938,Braised Chicken With Fennel And Dried Figs,French,main,,218.73,156.01,193.1,,all_diets
5939,Garlic Croutons With Eggplant And Roasted Pepper Spread Topped With Grilled Shrimp,Mediterranean,main,,43.83,78.64,72.47,,all_diets
5940,Tabbouleh Tacos With Tahini-Garlic Dressing,Mediterranean,main,,97.53,371.53,54.73,,all_diets
5941,Fennel Braised With Artichokes,Mediterranean,main,,28.54,114.37,58.47,,all_diets
5942,Sweet Chile Pork Over Cumin Beans And Cilantro Rice,Mexican,main,,407.45,881.0,145.87,,all_diets
5943,Roasted Garlic Vegetable Soup,American,main,,70.08,161.99,152.23,,all_diets
5944,Spicy Shrimp Tortillitas With Mango Mayonnaise,Mediterranean,main,,84.45,218.71,191.1,,all_diets
5945,Ripe'S Radicchio Salad With Tahini Lemon Drizzle,Mediterranean,main,,18.08,62.76,102.97,,all_diets
5946,Beef And Vegetable Shish Kebabs Recipe,Middle Eastern,main,,168.59,57.28,183.82,,all_diets
5947,Watermelon Feta Tomato Salad With Basil Vinaigrette,Mediterranean,main,,14.91,97.1,77.79,,all_diets
5948,Eggplant Napoleon,Mediterranean,main,,66.6,308.96,526.89,,all_diets
5949,Sheep'S-Milk Yogurt Cheesecakes With Grilled Figs And Pistachios,American,main,,30.45,202.73,138.23,,all_diets
5950,Greek Grilled Salmon Kebabs With Tzatziki & Green Beans,Mediterranean,main,,141.41,99.83,114.17,,all_diets
5951,Salmon And Potatoes Roasted On Fig Leaves With Fresh Fig Salad,Nordic,main,,175.17,163.48,189.39,,all_diets
5952,"Salad Of Limas, Green Beans, And Chickpeas With Lemon And Parsley",American,main,,30.56,113.35,31.73,,all_diets
5953,Dinner Tonight: Curried Pork Noodles Recipe,Asian,main,,97.73,201.04,127.89,,all_diets
5954,Lamb Dumplings With Cucumber Vinegar Dipping Sauce,Chinese,main,,128.29,324.19,135.9,,all_diets
5955,Pulled Blackened Chicken With Toasted Couscous,American,main,,216.24,210.88,260.79,,all_diets
5956,Beef Stew,American,main,,168.43,101.65,50.5,,all_diets
5957,"Lamb Meatballs With Yogurt, Eggs, And Mint",American,main,,265.8,228.03,337.78,,all_diets
5958,"Cook The Book: Cumin Seed Roasted Cauliflower With Salted Yogurt, Mint, And Pomegranate Seeds",Mediterranean,main,,23.51,99.19,35.13,,all_diets
5959,Provencal Seafood Pie,Mediterranean,main,,190.2,302.85,254.22,,all_diets
5960,"Chicken, Sausage, And Red Pepper Paella",Mediterranean,main,,247.13,394.06,303.66,,all_diets
5961,Monkfish And Clam Bourride,American,main,,146.42,197.86,56.9,,all_diets
5962,"Grilled Swordfish With Artichokes, Tomatoes, And Olives",Mediterranean,main,,192.6,54.69,196.83,,all_diets
5963,"Sabich Sandwiches (Pitas With Eggplant, Eggs, Hummus, And Tahini) Recipe",Mediterranean,main,,89.55,241.62,359.36,,all_diets
5964,Lamb Kofta With Pomegranate Glaze,American,main,,55.89,62.62,46.94,,all_diets
5965,Healthy & Delicious: Irio Recipe,American,main,,38.49,221.18,3.83,,all_diets
5966,"Meat, Bulgur, And Rice Dolmades",Mediterranean,main,,59.78,108.31,72.74,,all_diets
5967,Cardoon Soup With Black Truffle Carpaccio Recipe,French,main,,20.65,136.09,67.09,,all_diets
5968,Must-Try Hummus And Tortilla Chips,Mediterranean,main,,55.11,194.3,53.91,,all_diets
5969,Irish Soda Bread With Ancient Grains,American,main,,62.34,282.4,54.59,,all_diets
5970,Zuk’S Grilled Octopus Salad,South American,main,,287.5,138.38,174.66,,all_diets
5971,Pork Chile Verde With Red Chile Salsa,Mexican,main,,294.51,207.31,334.53,,all_diets
5972,"Slow-Cooker Pork Shoulder With Tomatoes, Fennel, And Pasta Recipe",Italian,main,,502.47,659.32,429.03,,all_diets
5973,Cook The Book: Harissa Ravioli,Italian,main,,63.35,183.09,112.59,,all_diets
5974,Cook The Book: Stuffed Baby Eggplants And Zucchini In Pomegranate Sauce,Middle Eastern,main,,148.0,503.8,1004.58,,all_diets
5975,Pasta With Saffron,Mediterranean,main,,74.99,263.03,102.01,,all_diets
5976,Cooking From The Glossies: White Bean And Roasted Garlic Hummus Recipe,Mediterranean,main,,110.67,340.66,85.54,,all_diets
5977,Butternut Squash Soup With Apple And Ginger,American,main,,81.03,403.57,496.19,,all_diets
5978,Lemony Chicken With Root Vegetables,Mediterranean,main,,191.64,220.82,212.79,,all_diets
5979,Cook The Book: Middle Eastern Lamb Pizza,Italian,main,,94.42,262.65,113.23,,all_diets
5980,Easy Provençal Lamb,French,main,,446.71,234.62,448.83,,all_diets
5981,Dinner Recipe For Two: Duck Breast With Pomegranate-Citrus Glaze,French,main,,66.43,23.5,14.25,,all_diets
5982,Cook The Book: Al Halabi Style Kebabs With Potato Moutabel,Middle Eastern,main,,155.62,177.35,250.51,,all_diets
5983,Capers: What'S Not To Love? Recipe,Italian,main,,82.98,25.84,105.67,,all_diets
5984,Herby Lamb And Turkey Meatballs,American,main,,174.42,19.0,148.2,,all_diets
5985,Chickpeas With Spinach,Indian,main,,198.07,208.61,102.58,,all_diets
5986,Meat Lite: Eggs Any Style Shaksouka Recipe,Mediterranean,main,,34.97,15.12,39.65,,all_diets
5987,Sweet Potato Bisteeya,South American,main,,88.12,518.34,245.25,,all_diets
5988,Cook The Book: Fried Halloumi Salad,Asian,main,,40.3,66.18,121.73,,all_diets
5989,Eat For Eight Bucks: Sardine Linguine With Sundried Tomatoes And Olives Recipe,American,main,,73.02,276.1,85.51,,all_diets
5990,Italian Mixed Seafood Soup,Italian,main,,309.78,107.85,55.37,,all_diets
5991,Recipe: Spiced Oven Fries With Garlic Spread,American,main,,4.45,22.53,15.58,,all_diets
5992,"Casserole Of Lentils, Eggplant, And Mint",Middle Eastern,main,,49.8,189.68,77.8,,all_diets
5993,Red Snapper With Provencal Tomato Sauce,French,main,,202.0,168.47,119.43,,all_diets
5994,Egyptian Fried Fish Fillets,American,main,,211.86,236.26,235.28,,all_diets
5995,Chicken Souvlaki With Tzatziki Sauce And Greek Salad Recipe,Mediterranean,main,,288.73,236.89,176.56,,all_diets
5996,Meatballs Braised With Kale,Mediterranean,main,,531.48,279.16,566.41,,all_diets
5997,"Balsamic-Braised Pot Roast With Tomatoes, Lemons, Raisins, And Black Olive–Pine Nut Relish",American,main,,280.68,268.31,211.91,,all_diets
5998,Det Burgers,Japanese,main,,211.09,119.36,144.07,,all_diets
5999,Poached Salt Cod With Vegetables And Garlic Mayonnaise,Mediterranean,main,,656.65,315.52,73.73,,all_diets
6000,"Scooped: Rosemary, Olive Oil, And Pine Honey Ice Cream",Mediterranean,main,,35.31,176.89,213.81,,all_diets
6001,Crabby Falafel 'Sliders' Recipe,American,main,,161.34,442.12,189.36,,all_diets
6002,Chicken Thighs Confit,Mediterranean,main,,226.06,20.76,1092.92,,all_diets
6003,Meat Lite: Eggplant Lamb Lavash Wraps Recipe,American,main,,119.73,253.72,95.35,,all_diets
6004,"Braised Chicken With Saffron Onions, Italian Couscous, And Dates",Italian,main,,442.1,603.47,503.79,,all_diets
6005,The Secret Ingredient: Preserved Lemons Recipe,American,main,,326.24,283.27,390.59,,all_diets
6006,Mediterranean Dip,Mediterranean,main,,21.71,40.46,32.12,,all_diets
6007,Mediterranean Pan Roasted Salmon,Nordic,main,,97.73,52.22,84.28,,all_diets
6008,Mediterranean Olive Spread,Mediterranean,main,,2.2,5.02,11.12,,all_diets
6009,Lamb With Mediterranean Couscous,Mediterranean,main,,186.2,214.33,118.24,,all_diets
6010,"Hummus Pizza, Mediterranean Style",Italian,main,,54.84,188.68,89.59,,all_diets
6011,Mediterranean Antipasto Salad,Mediterranean,main,,64.98,63.17,110.36,,all_diets
6012,Roasted Mediterranean Chick Pea’S Recipes,Mediterranean,main,,14.51,51.09,15.81,,all_diets
6013,Mediterranean Elote,Mediterranean,main,,16.26,70.2,21.02,,all_diets
6014,5 Ingredient Mediterranean Dip Recipes,Mediterranean,main,,22.95,13.03,52.44,,all_diets
6015,Mediterranean Hummus,Mediterranean,main,,36.11,111.87,52.67,,all_diets
6016,Chunky Mediterranean Vegetable Soup Recipe,Mediterranean,main,,53.71,128.07,19.18,,all_diets
6017,Mediterranean Feta And Avo Stack With Balsamic Tomatoes,Mediterranean,main,,49.4,169.6,62.28,,all_diets
6018,Mediterranean Mussels With Lemon Basil & Shallot,Mediterranean,main,,120.08,118.34,48.7,,all_diets
6019,Healthy Mediterranean Veggie Omelette Recipes,French,main,,17.82,10.57,19.72,,all_diets
6020,Mediterranean Vegetable Chip Crusted Chicken,Mediterranean,main,,103.54,88.85,144.51,,all_diets
6021,Mediterranean Stuffed Mushroom Appetizer Recipes,Mediterranean,main,,15.59,28.52,36.19,,all_diets
6022,3-Minute Mediterranean Vegetable Lasagne Recipes,Italian,main,,107.91,287.32,75.99,,all_diets
6023,Creamy Mediterranean Chicken Pasta Primavera,Italian,main,,156.4,254.11,60.3,,all_diets
6024,Mediterranean Flatbread Sandwiches,Mediterranean,main,,36.69,156.32,46.86,,all_diets
6025,Mediterranean White Bean Bruschetta,Mediterranean,main,,66.11,256.88,90.16,,all_diets
6026,Easy Mediterranean Pot Roast,Mediterranean,main,,263.44,73.29,102.77,,all_diets
6027,Mediterranean Chickpea Burger Phyllo Bites,Mediterranean,main,,127.39,473.44,96.86,,all_diets
6028,Mediterranean Chicken Salad Recipes,Mediterranean,main,,34.06,54.17,35.91,,all_diets
6029,Sheet Pan Mediterranean Cod,Mediterranean,main,,88.21,40.02,12.85,,all_diets
6030,Roasted Mediterranean Vegetables With Fetta And Olives,Mediterranean,main,,37.88,106.66,56.81,,all_diets
6031,Mediterranean Quinoa With Cashew Tzatziki,Mediterranean,main,,65.39,232.64,74.8,,all_diets
6032,Alouette Crumbled Feta Mediterranean Caponata,Mediterranean,main,,37.35,64.48,107.8,,all_diets
6033,Alouette Crumbled Feta Mediterranean Caponata Recipe,Mediterranean,main,,37.35,64.48,107.8,,all_diets
6034,Mediterranean Grilled Chicken,Mediterranean,main,,78.2,12.18,44.72,,all_diets
6035,Mediterranean Couscous With Steamed Beets And Microgreens,Mediterranean,main,,81.52,130.91,182.29,,all_diets
6036,Sam'S Mediterranean Rotini Pasta Salad,Italian,main,,64.44,294.7,252.4,,all_diets
6037,Mediterranean Chicken Lettuce Wrap Salad,Mediterranean,main,,96.62,37.84,74.64,,all_diets
6038,Mediterranean Salad With Crispy Chickpeas,Mediterranean,main,,51.99,192.73,36.48,,all_diets
6039,Mediterranean Stuffed Peppers Recipe,Mediterranean,main,,246.19,479.71,243.89,,all_diets
6040,Seared Chicken Thighs With Mediterranean Orzo Salad Recipes,Mediterranean,main,,301.35,303.15,79.53,,all_diets
6041,Cheesy Chicken Mediterranean Pasta Bake Recipes,Mediterranean,main,,222.04,249.55,218.59,,all_diets
6042,Mediterranean Mackerel And Potato Patties,Mediterranean,main,,104.59,301.23,68.45,,all_diets
6043,Mediterranean Cauliflower White Bean Dip,Mediterranean,main,,54.04,158.03,72.18,,all_diets
6044,Greek Chicken Roulade Recipes,Mediterranean,main,,212.92,20.97,131.37,,all_diets
6045,Provolone Tartare,Mediterranean,main,,58.89,7.65,83.83,,all_diets
6046,Quick And Easy Grilled Potatoes (4 Pts),Mediterranean,main,,15.79,133.36,27.59,,all_diets
6047,Mediterranean Tomato Stew With Braised Swo,Mediterranean,main,,175.75,78.91,115.15,,all_diets
6048,Mediterranean Shrimp ‘N Couscous Salad Recipes,Mediterranean,main,,160.22,230.34,93.64,,all_diets
6049,Kalamata Basil Cream Cheese Spread,American,main,,14.57,15.71,84.57,,all_diets
6050,Mediterranean Pizza With Whole Wheat Crust,Italian,main,,164.08,374.81,182.37,,all_diets
6051,Il Panino Toscano,Italian,main,,100.19,74.38,101.21,,all_diets
6052,Almond Apricot Dips Recipe,British,main,,13.63,100.74,49.17,,all_diets
6053,Mediterranean Salad With Hummus And Fried Halloumi,Mediterranean,main,,85.27,189.55,257.96,,all_diets
6054,Yogurt Cheese And Pistachio Spread,American,main,,181.29,95.95,231.94,,all_diets
6055,Fresh Dates Filled With Mascarpone Cheese,American,main,,19.24,58.76,83.7,,all_diets
6056,Za'Atar And Lemon Roast Chickpeas,Mediterranean,main,,32.76,108.11,26.86,,all_diets
6057,Italian Pork Chops,Italian,main,,219.7,16.96,119.67,,all_diets
6058,Cucumber And Feta Appetizer Bites,Mediterranean,main,,11.97,10.18,16.2,,all_diets
6059,Paprika Beyond Chicken - And Tofu!,Asian,main,,3.79,26.17,0.77,,all_diets
6060,Italian Herb Seasoning,Italian,main,,0.49,3.01,0.47,,all_diets
6061,Dijon Pork Medallions With Roasted Carrot And Zucchini Fries,French,main,,78.18,59.79,14.87,,all_diets
6062,Fried Provolone Stuffed Olives,Italian,main,,32.09,143.97,253.87,,all_diets
6063,Prosciutto-Wrapped Apricots Recipe,American,main,,37.97,45.47,66.82,,all_diets
6064,Tuscan Chicken And Artichokes With Toasted Pine Nut Couscous Recipe,Mediterranean,main,,194.02,217.71,153.61,,all_diets
6065,Lemon Garlic Olives,Mediterranean,main,,5.56,42.09,48.92,,all_diets
6066,Herb Braised Chicken With Mushrooms And Tomatoes,French,main,,124.82,254.42,152.74,,all_diets
6067,Holiday Bark W/Toasted Quinoa Recipes,South American,main,,123.91,368.32,94.37,,all_diets
6068,Greek Salad,Mediterranean,main,,14.99,66.76,35.63,,all_diets
6069,Spanish Bruschetta (Pan Con Tomate),Mediterranean,main,,14.74,66.78,9.22,,all_diets
6070,Warm Pasta Salad,Italian,main,,42.2,192.58,63.85,,all_diets
6071,Spicy Feta Spread,Mediterranean,main,,36.4,31.12,63.61,,all_diets
6072,Baccala With Tomato And Olives,Mediterranean,main,,153.5,161.76,99.42,,all_diets
6073,Grilled Mackerel,American,main,,299.3,17.94,246.42,,all_diets
6074,Israeli Couscous Salad With Mediterranean Roasted Vegetables Recipes,Middle Eastern,main,,55.29,259.84,175.55,,all_diets
6075,Easy Lemon Parmesan Baked Salmon,Nordic,main,,54.37,5.12,63.36,,all_diets
6076,Fava Bean And Farfalle Soup,American,main,,196.11,424.6,56.58,,all_diets
6077,Baked Feta Cheese With Canned Sardines And Olives,Mediterranean,main,,30.47,6.71,79.32,,all_diets
6078,Feta Stuffed Lamb And Beef Burgers,Mediterranean,main,,157.08,4.13,203.02,,all_diets
6079,Egg Casserole For Two,Italian,main,,69.95,117.51,42.43,,all_diets
6080,Lemony Kale Salad,Mediterranean,main,,12.42,16.03,47.0,,all_diets
6081,Marinated Olives,Mediterranean,main,,9.33,66.12,151.73,,all_diets
6082,Pickling Spice,American,main,,8.17,24.54,9.86,,all_diets
6083,Linguini With Coriander Pesto And Chilli Calamari,Italian,main,,51.98,75.46,20.73,,all_diets
6084,Best Ever Gluten Free Veggie Supreme Pizza Recipes,Italian,main,,202.68,347.95,223.18,,all_diets
6085,Rustic New Potato And Bean Salad,American,main,,25.91,173.42,1.76,,all_diets
6086,Stuffed Baby Capsicums,Mediterranean,main,,28.99,275.69,22.43,,all_diets
6087,Easy Sausage Vegetable Bake,American,main,,91.34,114.09,305.39,,all_diets
6088,Roasted Vegetable & Ham Pasta Salad,Italian,main,,73.61,211.5,34.84,,all_diets
6089,Mushroom Steaks,American,main,,7.83,23.26,28.67,,all_diets
6090,Italian Sausage & Vegetable Stew Recipes,Italian,main,,120.35,97.18,216.44,,all_diets
6091,Easy Lemon Parmesan Baked Salmon Recipes,Nordic,main,,60.17,5.18,67.17,,all_diets
6092,Simple Herb Roasted Carrots,American,main,,9.61,97.15,56.73,,all_diets
6093,Fugazza,Italian,main,,93.01,295.81,63.97,,all_diets
6094,Mediterranean Tapenade,Mediterranean,main,,4.91,17.12,52.21,,all_diets
6095,Herbed Vegetable Ribbons,Mediterranean,main,,17.04,79.11,58.81,,all_diets
6096,Pasta With Olives And Tomatoes,Italian,main,,48.11,194.24,58.47,,all_diets
6097,Mediterranean Steak,Mediterranean,main,,398.62,14.54,362.06,,all_diets
6098,Fetta Fennel And Dill Salad,American,main,,20.4,112.23,20.73,,all_diets
6099,Mediterranean Smash,Mediterranean,main,,1.33,6.1,76.91,,all_diets
6100,Mediterranean Nachos,Mediterranean,main,,171.56,558.02,137.66,,all_diets
6101,Mediterranean Scramble,Mediterranean,main,,16.06,3.49,26.79,,all_diets
6102,Mediterranean Pizzas,Italian,main,,126.18,271.03,129.4,,all_diets
6103,Mediterranean Wraps,Mediterranean,main,,18.51,71.82,19.35,,all_diets
6104,Mediterranean Lamburgers,Mediterranean,main,,105.38,132.84,138.37,,all_diets
6105,Chipotle Roast Chicken,Mexican,main,,305.15,255.9,216.68,,all_diets
6106,Mediterranean Herbs,Mediterranean,main,,0.78,4.29,0.58,,all_diets
6107,Mediterranean Fritters,Mediterranean,main,,41.31,137.53,44.65,,all_diets
6108,Feta-Stuffed Romano Peppers,Mediterranean,main,,36.98,30.73,49.97,,all_diets
6109,Mediterranean Mince,Mediterranean,main,,86.6,141.45,46.35,,all_diets
6110,"Aubergine, Pepper And Feta Parcels Recipes",Mediterranean,main,,72.02,234.74,114.23,,all_diets
6111,Mediterranean Quinoa,Mediterranean,main,,72.84,164.58,31.77,,all_diets
6112,Mediterranean Sandwich,Mediterranean,main,,38.53,66.3,37.83,,all_diets
6113,Mediterranean Pinwheels,Mediterranean,main,,9.34,20.65,24.42,,all_diets
6114,Mediterranean Capriata,Mediterranean,main,,117.79,341.13,117.64,,all_diets
6115,Mediterranean Peppers,Mediterranean,main,,7.46,62.84,28.91,,all_diets
6116,Mediterranean Kebabs,Mediterranean,main,,25.42,29.5,57.79,,all_diets
6117,Asparagus And Brie Open Pastry,French,main,,48.32,39.28,65.74,,all_diets
6118,Mediterranean Salmon,Nordic,main,,71.42,18.31,153.77,,all_diets
6119,Greek Edamame Salad,Mediterranean,main,,83.46,103.01,76.1,,all_diets
6120,Mediterranean Meatloaf,Mediterranean,main,,181.08,106.71,192.38,,all_diets
6121,Mediterranean Platter,Mediterranean,main,,112.56,256.94,174.63,,all_diets
6122,Mediterranean Salsa,Mediterranean,main,,24.3,86.45,29.49,,all_diets
6123,"Arugula, Feta, Artichoke & Tomato Flat",Mediterranean,main,,92.69,133.64,134.27,,all_diets
6124,Courgette Mediterranean,Mediterranean,main,,11.39,34.69,29.76,,all_diets
6125,Mediterranean Palmiers,French,main,,56.22,241.15,243.69,,all_diets
6126,Mediterranean Soup,Mediterranean,main,,99.81,27.97,91.99,,all_diets
6127,Mediterranean Mackerel,Mediterranean,main,,170.71,23.08,195.12,,all_diets
6128,Mediterranean Kale,Mediterranean,main,,7.54,20.8,15.11,,all_diets
6129,Braised Herb Chicken With Shallots And Garlic,Mediterranean,main,,142.2,56.24,162.61,,all_diets
6130,Mediterranean Chard,Mediterranean,main,,4.04,15.53,5.2,,all_diets
6131,Branzino Mediterranean,Mediterranean,main,,67.5,27.99,33.7,,all_diets
6132,Vegan Basil Hummus Stuffed Mushrooms,American,main,,9.35,21.07,1.7,,all_diets
6133,Mediterranean Ribs,Mediterranean,main,,348.41,13.85,368.92,,all_diets
6134,Mediterranean Tapanade,Mediterranean,main,,2.07,9.93,34.55,,all_diets
6135,Zucchini Mediterranean,Mediterranean,main,,11.34,34.34,29.74,,all_diets
6136,Mediterranean Quesadillas,Mexican,main,,130.34,128.61,162.46,,all_diets
6137,Mediterranean Scallops,Mediterranean,main,,88.05,54.15,42.11,,all_diets
6138,Mediterranean Quiche,French,main,,125.65,66.02,208.96,,all_diets
6139,Mediterranean Beans,Mediterranean,main,,21.97,70.41,14.4,,all_diets
6140,Mediterranean Mushrooms,Mediterranean,main,,19.64,64.67,2.54,,all_diets
6141,Mediterranean Flatbread,Mediterranean,main,,105.38,276.44,109.64,,all_diets
6142,Mediterranean Frittata,Mediterranean,main,,67.17,31.66,81.51,,all_diets
6143,Mediterranean Spread,Mediterranean,main,,32.18,21.15,113.26,,all_diets
6144,Mediterranean Halibut,Mediterranean,main,,4.78,16.13,54.57,,all_diets
6145,Mediterranean Omelet,Mediterranean,main,,60.23,23.96,68.92,,all_diets
6146,Garmugia (Spring Vegetable Soup),Italian,main,,106.28,201.71,155.3,,all_diets
6147,Mediterranean Lamb,Mediterranean,main,,46.24,60.14,127.25,,all_diets
6148,Mediterranean Quesadilla,Mexican,main,,85.99,106.14,113.46,,all_diets
6149,Salmon Mediterranean,Nordic,main,,146.51,256.79,100.11,,all_diets
6150,Mediterranean Vegetables,Mediterranean,main,,8.74,34.9,48.95,,all_diets
6151,Botanical Sandwich,American,main,,39.09,100.57,13.04,,all_diets
6152,Mediterranean Muffins,Mediterranean,main,,72.87,259.08,135.85,,all_diets
6153,Miss Kitty'S Oven-Roasted Potatoes,Mediterranean,main,,10.79,86.97,28.13,,all_diets
6154,Mediterranean Burger,Mediterranean,main,,106.2,125.7,188.29,,all_diets
6155,Mediterranean Spinach,Mediterranean,main,,26.51,34.25,14.15,,all_diets
6156,Mediterranean Skillet,Mediterranean,main,,93.0,143.27,99.0,,all_diets
6157,Mediterranean Carp,Mediterranean,main,,171.12,57.68,106.51,,all_diets
6158,Mediterranean Roast,Mediterranean,main,,105.42,96.43,48.64,,all_diets
6159,Mediterranean Pesto,Mediterranean,main,,36.6,30.78,238.38,,all_diets
6160,Mediterranean Scampi,Mediterranean,main,,111.07,36.19,35.41,,all_diets
6161,Italian French Bread Pizza,Italian,main,,85.6,204.82,132.69,,all_diets
6162,Crock Pot Pull Apart Pizza Bread Recipes,Italian,main,,177.78,408.92,203.05,,all_diets
6163,5-Ingredient Lemon Yogurt Marinated Grilled Chicken Breasts,American,main,,129.13,8.13,73.69,,all_diets
6164,Greek Potatoes With Lemons And Oregano Recipe,Mediterranean,main,,32.87,279.11,56.05,,all_diets
6165,Baked Tomato And Olive Risotto,Italian,main,,37.17,363.43,39.18,,all_diets
6166,Penne Mediterranean,Mediterranean,main,,30.4,154.47,59.88,,all_diets
6167,Mediterranean Orzo,Mediterranean,main,,53.13,124.98,40.1,,all_diets
6168,Mediterranean Farfalle,Mediterranean,main,,192.03,286.46,352.75,,all_diets
6169,Mediterranean Fish,Mediterranean,main,,146.76,49.0,47.11,,all_diets
6170,Mediterranean Rice,Mediterranean,main,,21.47,181.58,30.31,,all_diets
6171,Mediterranean Salad:,Mediterranean,main,,6.45,18.39,18.8,,all_diets
6172,Mediterranean Grits,Mediterranean,main,,64.69,138.02,127.42,,all_diets
6173,Mediterranean Fettuccine,Mediterranean,main,,70.87,315.74,67.61,,all_diets
6174,Flounder Mediterranean,Mediterranean,main,,71.77,29.34,52.22,,all_diets
6175,Mediterranean Potatoes,Mediterranean,main,,50.06,240.54,66.9,,all_diets
6176,Mediterranean Strata,Mediterranean,main,,440.81,1309.5,246.42,,all_diets
6177,Mediterranean Chili,American,main,,49.8,154.59,40.87,,all_diets
6178,Mediterranean Panzanella,Mediterranean,main,,41.93,166.85,37.79,,all_diets
6179,Calamari Mediterranean,Mediterranean,main,,32.17,33.94,54.83,,all_diets
6180,Rigatoni Mediterranean,Mediterranean,main,,161.18,479.59,140.64,,all_diets
6181,Mediterranean Morsels,Mediterranean,main,,44.28,204.34,48.32,,all_diets
6182,Mediterranean Wontados,Mediterranean,main,,340.89,1540.91,273.57,,all_diets
6183,Mediterranean Noodles,Asian,main,,145.88,322.04,150.4,,all_diets
6184,Shrimp Mediterranean,Mediterranean,main,,40.69,120.6,37.82,,all_diets
6185,Mediterranean Penne,Mediterranean,main,,71.0,411.54,22.85,,all_diets
6186,Mediterranean Swai,Mediterranean,main,,24.77,27.31,31.06,,all_diets
6187,Mediterranean Pie,Mediterranean,main,,281.54,435.21,505.95,,all_diets
6188,Polenta Pizzas With Herbed Goat Cheese,Italian,main,,80.19,552.52,56.64,,all_diets
6189,Pollo Mediterranean,Mediterranean,main,,280.29,307.74,346.05,,all_diets
6190,Mediterranean Squash,Mediterranean,main,,29.91,125.14,19.34,,all_diets
6191,Mediterranean Torte,Mediterranean,main,,245.46,399.69,192.34,,all_diets
6192,Homemade Greek Salad Dressing,Mediterranean,main,,0.67,4.8,108.3,,all_diets
6193,Mediterranean Stew,Mediterranean,main,,267.95,94.63,56.41,,all_diets
6194,Mediterranean Meatballs,Mediterranean,main,,121.99,159.24,111.56,,all_diets
6195,Pear And Apple Pork Chop Skillet,American,main,,85.41,74.04,50.78,,all_diets
6196,Mediterranean Asparagus,Nordic,main,,68.02,196.24,241.91,,all_diets
6197,"Provence On A Plate - Roasted Eggplant, Tomato And Tapenade Pizza With Goat Cheese",Italian,main,,50.08,160.41,50.8,,all_diets
6198,Mediterranean Risoni,Mediterranean,main,,57.02,141.24,87.62,,all_diets
6199,Seafood In Garlic Butter,French,main,,338.21,345.34,77.24,,all_diets
6200,Grilled Vegetables,American,main,,45.74,95.12,113.15,,all_diets
6201,Steak And Pesto Spaghetti,Italian,main,,172.43,252.29,163.0,,all_diets
6202,Mediterranean Ravioli,Italian,main,,111.85,173.92,211.19,,all_diets
6203,Mediterranean Muffuletta,Italian,main,,191.86,244.34,210.3,,all_diets
6204,Mediterranean Calzone,Mediterranean,main,,109.85,244.76,73.04,,all_diets
6205,Mediterranean Tarts,Mediterranean,main,,74.0,340.61,209.49,,all_diets
6206,"Riso, Cozze E Patate Recipe",French,main,,163.16,519.7,81.16,,all_diets
6207,Tunisian Potato & Olive Salad,Mediterranean,main,,11.0,91.99,47.62,,all_diets
6208,Greek Turkey Burgers,American,main,,124.68,105.99,56.89,,all_diets
6209,Vanilla Shrimp Crostini,Italian,main,,111.52,164.39,76.33,,all_diets
6210,Feta-Olive Bison Sliders Recipes,Mediterranean,main,,214.21,14.59,62.09,,all_diets
6211,The Mediterranean [Sandwich],Mediterranean,main,,53.13,158.56,71.36,,all_diets
6212,Melanzane Ripiene,Italian,main,,62.99,145.51,116.56,,all_diets
6213,Mackerel Stuffed With Lime And Herbs,American,main,,305.28,32.01,297.48,,all_diets
6214,Salad Lyonnaise,French,main,,80.41,248.81,39.6,,all_diets
6215,Greek Salad Dressing,Mediterranean,main,,20.54,17.46,133.1,,all_diets
6216,Tomato Pickle Mix Recipes,American,main,,5.61,25.78,28.7,,all_diets
6217,Creamy Mediterranean Bites,Mediterranean,main,,64.35,42.01,164.34,,all_diets
6218,Italian Hoagie Sandwich Recipes,Italian,main,,69.48,26.37,114.28,,all_diets
6219,Mediterranean Lemon Rub,Mediterranean,main,,6.47,40.12,2.25,,all_diets
6220,Mediterranean Pork Kabobs,Mediterranean,main,,102.72,23.97,53.77,,all_diets
6221,Mediterranean Veggie Sandwich,Mediterranean,main,,15.45,45.81,9.41,,all_diets
6222,"Roasted Acorn Squash Stuffed With Fennel Sausage, Farro, Goat Cheese & Spinach Recipes",Italian,main,,64.53,133.6,130.47,,all_diets
6223,Mediterranean Stuffed Chicken,Mediterranean,main,,260.18,12.51,101.24,,all_diets
6224,Mediterranean Chicken & Pasta,Mediterranean,main,,302.2,189.34,77.69,,all_diets
6225,Mediterranean Zucchini Boats,Mediterranean,main,,46.87,48.09,40.92,,all_diets
6226,Squid Ink Fettuccine With Crab And Chilli,Italian,main,,57.6,308.47,47.09,,all_diets
6227,Mediterranean Red Snapper,Mediterranean,main,,188.31,13.38,53.22,,all_diets
6228,Brandade De Morue,South American,main,,289.65,9.87,241.83,,all_diets
6229,Mediterranean Crescent Pinwheels,Mediterranean,main,,104.44,124.69,71.82,,all_diets
6230,Oven Roasted Lechon Asado,American,main,,237.99,38.81,245.99,,all_diets
6231,Mediterranean Bbq Chicken,Mediterranean,main,,148.98,296.25,65.78,,all_diets
6232,Mediterranean Marinated Cucumbers,Mediterranean,main,,3.2,24.32,0.83,,all_diets
6233,Mediterranean Lamb Sub,Mediterranean,main,,291.27,183.3,367.56,,all_diets
6234,Mediterranean Tomato Salad,Mediterranean,main,,13.35,13.37,16.76,,all_diets
6235,Mediterranean Pita Pizza,Italian,main,,107.03,106.72,136.32,,all_diets
6236,Mediterranean Style Eggplant,Mediterranean,main,,11.44,66.82,42.37,,all_diets
6237,Mediterranean Ratatouille Chicken,French,main,,166.18,378.9,57.98,,all_diets
6238,Mediterranean Style Quesadilla,Mexican,main,,1.8,6.98,0.31,,all_diets
6239,Mediterranean Starter Sticks,Mediterranean,main,,57.92,47.91,76.64,,all_diets
6240,Mediterranean Breakfast Sandwich,Mediterranean,main,,48.66,136.81,41.74,,all_diets
6241,Mediterranean Kale Recipes,Mediterranean,main,,9.37,22.46,15.46,,all_diets
6242,Quick Mediterranean Vegetables,Mediterranean,main,,7.29,49.74,15.09,,all_diets
6243,Mediterranean Salad Recipe,Mediterranean,main,,5.6,27.96,14.45,,all_diets
6244,Mediterranean Antipasto Tart,Mediterranean,main,,14.2,47.61,65.84,,all_diets
6245,Mediterranean Roast Vegetables,Mediterranean,main,,47.73,339.45,30.88,,all_diets
6246,Mediterranean Baked Sausages,Mediterranean,main,,135.03,56.64,207.86,,all_diets
6247,Homemade Greek Seasoning Mix,Mediterranean,main,,4.4,20.74,1.09,,all_diets
6248,Mediterranean Lemon Chicken,Mediterranean,main,,339.33,13.64,343.03,,all_diets
6249,Mediterranean Kale Salad,Mediterranean,main,,165.98,434.59,177.45,,all_diets
6250,Mediterranean Spice Mix,Mediterranean,main,,4.33,23.41,6.15,,all_diets
6251,Mediterranean Jewel Cocktail,World,main,,0.17,32.52,0.22,,all_diets
6252,Mediterranean Chicken Bake,Mediterranean,main,,297.99,77.43,255.25,,all_diets
6253,Chicken Yakitori,Japanese,main,,425.71,41.07,356.44,,all_diets
6254,Mediterranean Chicken Pitas,Mediterranean,main,,62.93,77.31,49.84,,all_diets
6255,Mediterranean Greek Salad,Mediterranean,main,,4.06,24.72,0.89,,all_diets
6256,Quick Mediterranean Pasta,Mediterranean,main,,33.43,189.81,18.43,,all_diets
6257,Mediterranean Carrot Dip,Mediterranean,main,,4.95,70.02,41.6,,all_diets
6258,Mediterranean Grilled Vegetables,Mediterranean,main,,12.12,52.16,64.52,,all_diets
6259,Mediterranean Flatbread Recipes,Mediterranean,main,,48.42,166.33,39.19,,all_diets
6260,Mediterranean Chicken Orzo,Mediterranean,main,,270.66,361.56,73.83,,all_diets
6261,Ricotta Mediterranean Pita,Mediterranean,main,,10.04,17.74,22.29,,all_diets
6262,Mediterranean Turkey Bagelwiches,American,main,,109.0,249.03,32.58,,all_diets
6263,Mediterranean London Broil,Mediterranean,main,,103.07,8.12,40.11,,all_diets
6264,Mediterranean Summer Tomatoes,Mediterranean,main,,45.36,240.07,116.79,,all_diets
6265,Mediterranean Balsamic Mushrooms,Mediterranean,main,,14.45,24.17,55.61,,all_diets
6266,Chicken Ala Mediterranean,Mediterranean,main,,87.67,51.19,65.71,,all_diets
6267,Mediterranean Sausage Bake,Mediterranean,main,,110.91,41.82,171.06,,all_diets
6268,Mediterranean Polenta Rounds,Italian,main,,45.14,415.71,64.81,,all_diets
6269,Mediterranean Sandwich Recipe,Mediterranean,main,,24.15,41.64,25.66,,all_diets
6270,Mediterranean Sandwich Recipe - How To Make Mediterranean Sandwich - How To Prepare Mediterranean Sandwich Recipe,Mediterranean,main,,51.62,218.53,109.59,,all_diets
6271,Warm Mediterranean Salad,Mediterranean,main,,55.8,277.97,91.88,,all_diets
6272,Mediterranean Bread Bake,Mediterranean,main,,133.83,188.22,156.16,,all_diets
6273,Mediterranean Baked Spinach,Mediterranean,main,,68.38,37.24,94.82,,all_diets
6274,Mediterranean Crushed Potatoes,Mediterranean,main,,11.4,92.65,24.94,,all_diets
6275,Bouillabaisse With Rouille,American,main,,240.19,255.96,259.63,,all_diets
6276,Mediterranean Chicken Rolls,Mediterranean,main,,111.25,26.36,62.11,,all_diets
6277,Mediterranean Tuna Bruschetta,Mediterranean,main,,81.41,244.7,202.18,,all_diets
6278,Mediterranean Pinwheel Appetizers,Mediterranean,main,,44.21,133.17,51.31,,all_diets
6279,Mediterranean Pesto Pizza,Italian,main,,77.34,272.43,86.57,,all_diets
6280,Mediterranean Ravioletti Salad,Mediterranean,main,,159.23,36.33,322.68,,all_diets
6281,Whole30 Mediterranean Chicken,Mediterranean,main,,105.78,27.81,60.87,,all_diets
6282,Mediterranean Naan Pizza,Italian,main,,99.1,104.32,144.97,,all_diets
6283,Mediterranean Hummus Pizza,Italian,main,,89.62,205.69,114.48,,all_diets
6284,Mediterranean Stuffed Swordfish,Mediterranean,main,,46.55,4.22,33.37,,all_diets
6285,Mediterranean Buttermilk Chicken,Mediterranean,main,,120.69,31.78,18.44,,all_diets
6286,Marinated Mediterranean Steaks,Mediterranean,main,,471.11,39.21,195.93,,all_diets
6287,Mediterranean Halibut Bake,Mediterranean,main,,322.35,102.48,25.62,,all_diets
6288,Mediterranean Style Cod,Mediterranean,main,,175.38,47.96,36.52,,all_diets
6289,Mediterranean Roast Lamb,Mediterranean,main,,295.85,11.02,262.57,,all_diets
6290,Mediterranean Bento Box,Mediterranean,main,,71.14,325.72,101.73,,all_diets
6291,Gyro Burgers With Tzatziki Recipes,Mediterranean,main,,137.89,60.12,161.56,,all_diets
6292,Mediterranean Chicken Recipe,Mediterranean,main,,116.22,29.22,110.62,,all_diets
6293,Mediterranean Barley Salad,Mediterranean,main,,7.58,44.38,17.9,,all_diets
6294,Mediterranean Tuna Capellini,Mediterranean,main,,145.5,406.38,92.94,,all_diets
6295,Lorraine'S Grilled Pork Chops,French,main,,184.63,23.21,102.71,,all_diets
6296,Mediterranean Vegetable Soup,Mediterranean,main,,64.16,191.01,30.18,,all_diets
6297,Mediterranean Broccoli Salad,Mediterranean,main,,68.9,159.98,78.87,,all_diets
6298,Philly Mediterranean Dip,American,main,,21.86,15.11,67.9,,all_diets
6299,Mediterranean Lentil Patties,Mediterranean,main,,257.34,920.2,366.13,,all_diets
6300,Skillet Mediterranean Chicken,Mediterranean,main,,131.41,18.79,50.07,,all_diets
6301,Mediterranean Casserole Recipe,Mediterranean,main,,135.97,100.77,99.0,,all_diets
6302,Turkey & Mediterranean Melt,American,main,,110.27,93.77,72.73,,all_diets
6303,Nutty Mediterranean Buns,American,main,,78.87,485.67,98.6,,all_diets
6304,Mediterranean Tuna Steaks,Mediterranean,main,,229.34,58.14,94.59,,all_diets
6305,Mediterranean Style Corn,Mediterranean,main,,19.37,110.72,34.91,,all_diets
6306,Mediterranean Chicken Wrap,Mediterranean,main,,41.38,55.18,45.58,,all_diets
6307,Quick Mediterranean Bolognaise,Mediterranean,main,,178.37,460.01,88.99,,all_diets
6308,Frozen Mediterranean Delite,Mediterranean,main,,63.72,323.17,55.77,,all_diets
6309,Mediterranean Guacamole Recipes,Mediterranean,main,,15.88,54.24,84.01,,all_diets
6310,Mediterranean Harvest Pasta,Mediterranean,main,,75.73,402.65,44.31,,all_diets
6311,Mediterranean Cod Recipes,Mediterranean,main,,167.58,14.49,37.43,,all_diets
6312,Mediterranean Farro Dish,Mediterranean,main,,38.86,188.14,60.51,,all_diets
6313,Lemony Sprouts And Shoots,Mediterranean,main,,17.4,46.08,10.77,,all_diets
6314,Mediterranean Scrambled Eggs,Mediterranean,main,,25.77,22.91,33.02,,all_diets
6315,Mediterranean Spice Rub,Mediterranean,main,,4.05,28.59,6.07,,all_diets
6316,Mediterranean Chickpea Stew,Mediterranean,main,,9.92,58.09,56.15,,all_diets
6317,Mediterranean Mini Meatloaves,Mediterranean,main,,168.62,376.92,54.76,,all_diets
6318,Mediterranean Carrot Salad,Mediterranean,main,,2.59,25.3,27.67,,all_diets
6319,Mediterranean Vegetable Skewers,Mediterranean,main,,22.18,53.17,58.03,,all_diets
6320,Mediterranean Meatless Pizza,Italian,main,,27.54,177.77,57.07,,all_diets
6321,Mediterranean-Style Focaccia,Mediterranean,main,,83.29,338.17,95.9,,all_diets
6322,Mediterranean Remix Pasta,Mediterranean,main,,72.81,370.69,29.16,,all_diets
6323,Mediterranean Dip Recipe,Mediterranean,main,,32.91,98.66,73.52,,all_diets
6324,Mediterranean Stuffed Zucchini,Mediterranean,main,,169.85,155.51,245.76,,all_diets
6325,Mediterranean Chicken Patties,Mediterranean,main,,121.53,59.26,57.06,,all_diets
6326,Mediterranean Chicken Tostadas,South American,main,,42.61,82.49,48.25,,all_diets
6327,Mediterranean Herb Oil,Mediterranean,main,,4.5,23.45,865.66,,all_diets
6328,Mediterranean Pizza Pocket,Italian,main,,69.57,257.77,77.07,,all_diets
6329,Mediterranean Quick Bread,Mediterranean,main,,55.92,241.32,112.54,,all_diets
6330,Mediterranean Couscous Salad,Mediterranean,main,,92.89,275.53,85.94,,all_diets
6331,Creamy Mediterranean Spread,Mediterranean,main,,36.57,45.6,111.89,,all_diets
6332,Mediterranean Green Beans,Mediterranean,main,,9.06,37.93,12.41,,all_diets
6333,Hot Mediterranean Dip,Mediterranean,main,,41.67,93.7,180.27,,all_diets
6334,Mediterranean Chicken Thighs:,Mediterranean,main,,191.18,10.24,100.86,,all_diets
6335,Mediterranean Couscous Recipes,Mediterranean,main,,41.65,155.0,45.03,,all_diets
6336,Mediterranean Baked Halibut,Mediterranean,main,,86.03,7.97,41.09,,all_diets
6337,Feta Mediterranean Hummus,Mediterranean,main,,53.64,116.58,86.54,,all_diets
6338,Mediterranean Toasted Roll,Mediterranean,main,,112.64,170.45,120.89,,all_diets
6339,Mediterranean Cucumber Salad,Mediterranean,main,,4.65,26.18,65.66,,all_diets
6340,Mediterranean Watermelon Salad,Mediterranean,main,,13.65,53.95,52.21,,all_diets
6341,Mediterranean Chicken Focaccia,Mediterranean,main,,127.55,186.18,174.71,,all_diets
6342,Mediterranean Stir Fry,Mediterranean,main,,27.82,123.41,29.41,,all_diets
6343,Mediterranean Stuffed Eggplant,Mediterranean,main,,52.9,241.17,48.61,,all_diets
6344,Mediterranean Baked Peppers,Mediterranean,main,,12.17,32.61,20.58,,all_diets
6345,Mediterranean Eggplant Dip,Mediterranean,main,,12.78,82.05,56.22,,all_diets
6346,Mediterranean Bread Salad,Mediterranean,main,,35.72,179.17,101.63,,all_diets
6347,Mediterranean Layered Meatloaf,Mediterranean,main,,220.05,183.93,310.21,,all_diets
6348,Mediterranean Couscous Fritters,South East Asian,main,,54.53,142.01,103.18,,all_diets
6349,Mediterranean Bruschetta (Dip),Mediterranean,main,,27.21,97.8,57.11,,all_diets
6350,Mediterranean Zucchini Salad,Mediterranean,main,,24.04,47.78,21.2,,all_diets
6351,Mediterranean Rice Bowl,Mediterranean,main,,45.76,236.0,82.43,,all_diets
6352,Lemon Turkey Rice Soup Recipes,American,main,,144.51,400.54,85.45,,all_diets
6353,Mediterranean Marinated Cheese,Mediterranean,main,,16.14,28.33,141.54,,all_diets
6354,Mediterranean Layered Dip,Mediterranean,main,,31.71,94.69,73.45,,all_diets
6355,Mediterranean Braised Cucumbers,Mediterranean,main,,23.12,44.4,65.52,,all_diets
6356,Layered Mediterranean Pie,Mediterranean,main,,134.27,280.41,221.68,,all_diets
6357,Mediterranean Tapas Potatoes,Mediterranean,main,,11.57,85.65,60.96,,all_diets
6358,Mediterranean Egg Muffins,Mediterranean,main,,69.61,78.68,42.98,,all_diets
6359,Stuffed Mediterranean Meatballs,Mediterranean,main,,136.78,107.33,143.7,,all_diets
6360,Mediterranean Turkey Bake,American,main,,73.2,47.64,37.72,,all_diets
6361,Nutrition – Mediterranean Hummus,Mediterranean,main,,98.78,301.25,97.85,,all_diets
6362,Stuffed Mediterranean Beef,World,main,,43.66,211.49,56.75,,all_diets
6363,Mediterranean Bean Dip,Mediterranean,main,,30.22,84.53,55.66,,all_diets
6364,Mediterranean Caesar Salad,Mediterranean,main,,44.68,194.48,112.39,,all_diets
6365,Mediterranean Tortellini Salad,Italian,main,,44.15,108.14,152.42,,all_diets
6366,Mediterranean Chicken Panini,Italian,main,,143.8,18.11,161.24,,all_diets
6367,Mediterranean Tuna Pizza,Italian,main,,78.1,205.28,66.05,,all_diets
6368,Baked Mediterranean Quesadillas,Mexican,main,,171.37,266.83,201.51,,all_diets
6369,Grilled Mediterranean Pizza,Italian,main,,134.36,151.1,92.61,,all_diets
6370,Grilled Mediterranean Quesadillas,Mexican,main,,103.18,225.17,110.42,,all_diets
6371,Mediterranean Baked Catfish,American,main,,74.18,23.64,41.91,,all_diets
6372,Mediterranean Tilapia Recipes,Mediterranean,main,,49.36,11.93,6.35,,all_diets
6373,Mediterranean Sardine Dish,Mediterranean,main,,109.58,40.75,44.44,,all_diets
6374,Mediterranean Bagel Snacks,Mediterranean,main,,45.15,114.29,9.79,,all_diets
6375,Mediterranean Tortilla Pizza,Italian,main,,60.98,119.92,90.42,,all_diets
6376,Mediterranean Cheese Spread,Mediterranean,main,,23.21,18.59,92.69,,all_diets
6377,Grilled Mediterranean Chicken,Mediterranean,main,,130.0,17.89,28.89,,all_diets
6378,Mediterranean Tuna Cups,Mediterranean,main,,94.14,50.34,15.1,,all_diets
6379,Mediterranean Veggie Wrap,Mediterranean,main,,20.52,60.14,24.79,,all_diets
6380,Mediterranean Tuna Linguine,Mediterranean,main,,93.42,234.27,27.0,,all_diets
6381,Mediterranean Bulgur Wheat,Mediterranean,main,,46.67,190.01,22.49,,all_diets
6382,Mediterranean Pasta Recipes,Mediterranean,main,,151.81,210.45,101.45,,all_diets
6383,Mediterranean Broccoflower Salad,Mediterranean,main,,17.15,86.23,32.71,,all_diets
6384,Mediterranean Palmiers Recipe,French,main,,55.71,240.03,247.16,,all_diets
6385,Mediterranean Chicken Marinade,Mediterranean,main,,1.71,13.79,55.0,,all_diets
6386,Mediterranean Tuna Pasta,Mediterranean,main,,81.25,202.44,55.02,,all_diets
6387,Mediterranean Avocado Dip,Mediterranean,main,,40.33,86.13,97.19,,all_diets
6388,Mediterranean Fish Marinade,Mediterranean,main,,4.25,26.14,56.76,,all_diets
6389,Mediterranean Medley Salad,Mediterranean,main,,20.93,56.59,44.63,,all_diets
6390,Mediterranean Hummus Bites,Mediterranean,main,,52.13,142.15,53.65,,all_diets
6391,Mediterranean Tomatoes & Mozzarella,Italian,main,,54.64,29.97,84.16,,all_diets
6392,Mediterranean Meatball Subs,Mediterranean,main,,216.92,699.93,171.56,,all_diets
6393,Mediterranean Salad Recipes,Mediterranean,main,,27.65,69.18,64.67,,all_diets
6394,Mediterranean Quinoa — Steemit,Mediterranean,main,,78.17,338.55,51.33,,all_diets
6395,Mediterranean Macaroni Salad,Mediterranean,main,,42.82,186.66,112.92,,all_diets
6396,Mediterranean Rice Pilaf,Mediterranean,main,,29.19,178.41,51.61,,all_diets
6397,Mediterranean Capsicum Rolls,Mediterranean,main,,24.69,72.29,104.29,,all_diets
6398,Mediterranean Fried Rice,Mediterranean,main,,30.3,98.92,60.28,,all_diets
6399,Rigatoni Mediterranean Casserole,Mediterranean,main,,234.6,526.92,216.68,,all_diets
6400,Mediterranean Turkey Wrap,American,main,,106.31,126.39,55.61,,all_diets
6401,Mediterranean Tofu Pie,Asian,main,,83.38,214.44,56.91,,all_diets
6402,Mediterranean American Loaf,Mediterranean,main,,190.26,202.28,98.83,,all_diets
6403,Easy Mediterranean Chicken,Mediterranean,main,,130.73,12.48,33.59,,all_diets
6404,Mediterranean Potatoes Recipes,Mediterranean,main,,42.19,232.08,74.11,,all_diets
6405,Mediterranean Vegetarian Bites,Mediterranean,main,,86.94,17.12,97.85,,all_diets
6406,Chicken Mediterranean Recipes,Mediterranean,main,,76.68,104.36,49.95,,all_diets
6407,Mediterranean Mussel Salad,Mediterranean,main,,52.19,286.24,77.77,,all_diets
6408,Mediterranean Avocado Toast,Mediterranean,main,,17.06,48.92,39.44,,all_diets
6409,Mediterranean Vegie Cakes,Mediterranean,main,,43.86,127.06,33.68,,all_diets
6410,Mediterranean Pizza Recipes,Italian,main,,370.85,86.18,160.17,,all_diets
6411,Mediterranean Mashed Potatoes,Mediterranean,main,,20.33,164.14,55.36,,all_diets
6412,Mediterranean Salmon Burgers,Nordic,main,,76.28,24.09,48.76,,all_diets
6413,Mediterranean Cauliflower Salad,Mediterranean,main,,38.39,113.01,40.4,,all_diets
6414,Mediterranean Pasta Frittata,Mediterranean,main,,96.39,126.2,90.21,,all_diets
6415,Mediterranean Chicken Packets,Mediterranean,main,,207.97,77.55,52.58,,all_diets
6416,Mediterranean Baked Fish,Mediterranean,main,,100.07,36.49,52.77,,all_diets
6417,Mediterranean Filled Loaf,Mediterranean,main,,80.75,244.13,68.82,,all_diets
6418,Mediterranean Feta Dip,Mediterranean,main,,25.25,15.49,80.5,,all_diets
6419,Mediterranean Roasted Fingerlings,Mediterranean,main,,32.81,191.19,45.05,,all_diets
6420,Mediterranean Garden Salad,Mediterranean,main,,15.46,41.16,55.98,,all_diets
6421,Mediterranean Spinach Pie,Mediterranean,main,,62.45,53.28,75.4,,all_diets
6422,Mediterranean Cauliflower Steaks,Mediterranean,main,,41.47,81.91,45.07,,all_diets
6423,Mediterranean Peasant Soup,Mediterranean,main,,23.25,72.91,8.86,,all_diets
6424,Mediterranean Veggie Tart,Mediterranean,main,,74.04,250.85,236.13,,all_diets
6425,Mediterranean Mozza-Chicken,Mediterranean,main,,163.5,37.93,100.69,,all_diets
6426,Mediterranean Roasted Cauliflower,Mediterranean,main,,18.89,27.15,37.67,,all_diets
6427,Mediterranean Fish Bake,Mediterranean,main,,145.21,124.45,38.28,,all_diets
6428,Mediterranean Layer Dip,Mediterranean,main,,63.35,234.24,79.27,,all_diets
6429,Mediterranean Egg Salad,Mediterranean,main,,67.0,39.79,50.55,,all_diets
6430,Mediterranean Marinated Chicken,Mediterranean,main,,103.28,5.78,84.19,,all_diets
6431,Mediterranean Turkey Patties,American,main,,100.48,6.75,91.45,,all_diets
6432,Chicken Mediterranean Pizza,Italian,main,,189.16,525.3,209.89,,all_diets
6433,Mediterranean Tuna Casserole,Mediterranean,main,,188.35,255.65,139.76,,all_diets
6434,Mediterranean Vegetable Gratin,French,main,,40.47,72.77,65.54,,all_diets
6435,Mediterranean Pita Triangles,Mediterranean,main,,23.21,87.56,22.26,,all_diets
6436,Mediterranean Asparagus Quiche,French,main,,102.08,279.38,265.32,,all_diets
6437,Mediterranean Pork Medallions,Mediterranean,main,,130.01,325.07,130.98,,all_diets
6438,Mediterranean Watermelon Salsa,Mediterranean,main,,22.44,74.32,37.82,,all_diets
6439,Mediterranean Lentil Soup,Mediterranean,main,,242.28,653.67,38.43,,all_diets
6440,Lamb Shanks Mediterranean,Mediterranean,main,,353.38,106.35,293.06,,all_diets
6441,Mediterranean Pork Roulade,American,main,,214.74,22.19,155.9,,all_diets
6442,Mediterranean Vegan Bowl,American,main,,33.75,147.86,66.38,,all_diets
6443,Mediterranean Breakfast Wrap,Mediterranean,main,,18.12,34.75,12.27,,all_diets
6444,Mediterranean Chicken Casserole,Mediterranean,main,,103.02,75.06,46.85,,all_diets
6445,Mediterranean Seafood Salad,Mediterranean,main,,122.99,103.28,369.35,,all_diets
6446,Mediterranean Pork Loin,Mediterranean,main,,224.93,67.17,271.27,,all_diets
6447,Mediterranean Vegetable Pizza,Italian,main,,109.51,146.24,109.73,,all_diets
6448,Mediterranean-Style Prawns,Mediterranean,main,,151.49,92.26,50.03,,all_diets
6449,Mediterranean Vegetable Broth,Mediterranean,main,,0.44,3.1,1.16,,all_diets
6450,Mediterranean Cauliflower Couscous,Mediterranean,main,,27.41,72.07,63.71,,all_diets
6451,Mediterranean Chicken Alfredo,Mediterranean,main,,217.5,192.13,79.72,,all_diets
6452,Mediterranean-Style Onions,Mediterranean,main,,9.76,135.61,28.19,,all_diets
6453,Mediterranean Style Couscous,Mediterranean,main,,48.27,202.1,44.22,,all_diets
6454,Mediterranean Salmon Recipes,Nordic,main,,193.03,49.31,139.65,,all_diets
6455,Flounder Mediterranean Recipes,Mediterranean,main,,69.04,17.28,51.6,,all_diets
6456,Mediterranean Quinoa Patties,Mediterranean,main,,56.32,231.83,11.15,,all_diets
6457,Mediterranean Turkey Skillet,American,main,,132.14,300.03,100.99,,all_diets
6458,Mediterranean Rice Salad,Mediterranean,main,,19.36,189.03,56.95,,all_diets
6459,Half-Sours Pickles | Fermenting! Recipes,American,main,,4.03,21.76,0.84,,all_diets
6460,Mediterranean Bean Patties,Mediterranean,main,,27.53,257.47,9.55,,all_diets
6461,Mediterranean Calamari Stew,Mediterranean,main,,86.38,95.3,40.58,,all_diets
6462,Philadelphia Mediterranean Dip,American,main,,19.36,34.69,100.56,,all_diets
6463,Mediterranean Stuffed Mushrooms,Mediterranean,main,,40.79,48.42,81.02,,all_diets
6464,Healthy Mediterranean Cooking,Mediterranean,main,,84.44,215.58,96.75,,all_diets
6465,Mediterranean Chickpea Guacamole,Mediterranean,main,,71.54,236.41,77.58,,all_diets
6466,Mediterranean Lamb Pizza,Italian,main,,141.2,146.67,184.09,,all_diets
6467,Speedy Mediterranean Chicken,Mediterranean,main,,138.74,133.68,129.21,,all_diets
6468,Mediterranean Pita Pizzas,Italian,main,,42.1,172.33,30.48,,all_diets
6469,Mediterranean Bulgur Salad,Mediterranean,main,,48.49,210.31,40.92,,all_diets
6470,Mediterranean Socca Pizza,Italian,main,,37.44,93.87,54.63,,all_diets
6471,Organic Grilled Portabella Mushroom Burger With Roasted Red Peppers And Goat Cheese Recipe,American,main,,43.98,84.11,53.6,,all_diets
6472,Mediterranean Pork Roast,Mediterranean,main,,223.24,108.67,214.68,,all_diets
6473,Mediterranean Chicken & Rice,Mediterranean,main,,264.03,116.86,112.5,,all_diets
6474,Mediterranean Chicken Drumsticks,Mediterranean,main,,98.55,20.63,103.39,,all_diets
6475,Mediterranean Chickpea Wrap,Mediterranean,main,,13.99,106.7,31.26,,all_diets
6476,Mediterranean Grilled Artichokes,Mediterranean,main,,24.84,52.46,198.55,,all_diets
6477,Roasted Mediterranean Cauliflower,Mediterranean,main,,36.65,119.52,90.97,,all_diets
6478,Mediterranean Shrimp Recipes,Mediterranean,main,,97.71,29.56,33.95,,all_diets
6479,Mediterranean Grilled Veggies,Mediterranean,main,,27.55,151.75,75.31,,all_diets
6480,Mediterranean Chicken Stacks,Mediterranean,main,,154.81,64.44,131.11,,all_diets
6481,Mediterranean Baguette Pizza,Italian,main,,90.49,185.8,124.37,,all_diets
6482,Mediterranean Inspired Shrimp,Mediterranean,main,,55.43,15.4,115.03,,all_diets
6483,Mediterranean Melt Recipes,Mediterranean,main,,100.94,320.71,125.91,,all_diets
6484,Mediterranean-Style Sandwiches,Mediterranean,main,,68.58,128.32,100.43,,all_diets
6485,Poached Mediterranean Salmon,Nordic,main,,141.28,12.85,92.73,,all_diets
6486,Brownies Mediterranean Fish,French,main,,87.39,44.94,36.23,,all_diets
6487,Mediterranean Spaghetti Squash,Mediterranean,main,,17.52,57.97,53.3,,all_diets
6488,Quick Mediterranean Chicken,Mediterranean,main,,126.34,39.98,77.67,,all_diets
6489,Mediterranean Summer Pasta,Mediterranean,main,,24.86,143.12,30.54,,all_diets
6490,Mediterranean Seafood Pasta,Mediterranean,main,,163.61,444.26,73.31,,all_diets
6491,Mediterranean Chicken Kabobs,Mediterranean,main,,158.27,40.29,100.87,,all_diets
6492,Mediterranean Roast Peppers,Mediterranean,main,,24.63,55.06,64.83,,all_diets
6493,Veggie Frittata Breakfast Sandwiches,Italian,main,,140.19,229.04,88.4,,all_diets
6494,Greek Pasta Salad Recipes,Mediterranean,main,,85.26,372.58,115.38,,all_diets
6495,Pumpkin Amaretti Mousse,French,main,,18.66,147.52,107.98,,all_diets
6496,Mediterranean Quinoa Recipes,Mediterranean,main,,40.07,137.12,41.06,,all_diets
6497,Mediterranean Skillet Chicken,Mediterranean,main,,155.19,27.48,86.89,,all_diets
6498,Crockpot Mediterranean Chicken,Mediterranean,main,,230.09,69.01,80.62,,all_diets
6499,Mediterranean Chicken Breasts,Mediterranean,main,,238.41,392.19,34.03,,all_diets
6500,Baked Mediterranean Tilapia,Mediterranean,main,,110.34,127.93,68.38,,all_diets
6501,The Mediterranean Pasta Salad,Mediterranean,main,,56.57,239.05,89.2,,all_diets
6502,Beefy Mediterranean Soup,American,main,,99.92,40.15,108.74,,all_diets
6503,Mediterranean Veggie Saute,Mediterranean,main,,7.15,32.31,10.82,,all_diets
6504,Mediterranean Mince Tarts,American,main,,71.68,93.69,116.02,,all_diets
6505,Mediterranean Cheese Strata,Mediterranean,main,,97.62,128.44,84.26,,all_diets
6506,Mediterranean-Style Mushrooms,Mediterranean,main,,9.3,18.75,28.35,,all_diets
6507,Mediterranean Spring Salad,Mediterranean,main,,39.45,79.5,29.97,,all_diets
6508,Mediterranean Herbed Rice,Mediterranean,main,,22.45,167.61,16.09,,all_diets
6509,100-Mile Dash,American,main,,1.9,236.76,1.02,,all_diets
6510,Goulash In A Dash,French,main,,137.31,120.32,35.92,,all_diets
6511,Garlicky Wilted Kale (With A Dash Of Nutmeg),American,main,,29.41,75.78,47.8,,all_diets
6512,Modern Cocktail No. 2 Recipe,World,main,,0.06,18.81,0.17,,all_diets
6513,Three Dots And A Dash,American,main,,0.51,139.67,0.0,,all_diets
6514,Brooklyn Cocktail Recipes,World,main,,0.02,1.06,0.0,,all_diets
6515,Pegu,World,main,,0.12,10.92,0.1,,all_diets
6516,Aztec Chocolate Bark,American,main,,34.28,227.68,134.18,,all_diets
6517,Celery Cider,Mediterranean,main,,0.07,7.07,0.08,,all_diets
6518,Spaghetti Squash With Maple Syrup And Shallots Recipes,American,main,,8.54,128.66,39.43,,all_diets
6519,Emeril'S Sazerac,World,main,,0.09,5.2,0.02,,all_diets
6520,Al'S Bloody Best,World,main,,1.0,4.81,0.35,,all_diets
6521,My Favorite Bloody Mary,World,main,,0.81,4.85,0.26,,all_diets
6522,The Fourth Regiment Cocktail Recipes,World,main,,0.11,1.76,0.02,,all_diets
6523,Vieux Carré Recipe,World,main,,0.02,1.53,0.01,,all_diets
6524,The Berkeley Free Speech Cocktail,World,main,,0.08,11.69,0.04,,all_diets
6525,Sazerac,World,main,,0.0,4.87,0.0,,all_diets
6526,H-O-T Hot Boneless Buffalo Wings,American,main,,274.74,32.48,228.5,,all_diets
6527,Garbo Gargle Cocktail Recipes,World,main,,0.06,6.05,0.02,,all_diets
6528,Pinnacleandreg; Sunday Funday,World,main,,4.34,19.35,0.99,,all_diets
6529,The Red Snapper From The King Cole Bar Recipes,World,main,,0.56,2.84,0.25,,all_diets
6530,3 Delicious Ways To Roast Your Cauliflower Recipes,American,main,,2.85,15.5,1.13,,all_diets
6531,Lemon-Basil Risotto With Tomato Topping,Italian,main,,2.28,11.32,7.3,,all_diets
6532,Green Beans With Shallots,British,main,,22.61,103.61,15.74,,all_diets
6533,The Cool Cucumber,World,main,,0.41,4.71,0.09,,all_diets
6534,Asparagus With Warm Vinaigrette,French,main,,10.38,31.92,0.63,,all_diets
6535,Agave Lime Chicken Recipes,American,main,,150.85,124.57,144.13,,all_diets
6536,The Ginger Side,World,main,,0.03,5.49,0.0,,all_diets
6537,Cuba Libre,World,main,,0.18,9.9,0.05,,all_diets
6538,Spiced Old Fashioned,American,main,,0.25,9.07,0.15,,all_diets
6539,Agave Lime Chicken,American,main,,228.97,115.98,222.1,,all_diets
6540,Love In Jalisco,World,main,,0.05,5.45,0.05,,all_diets
6541,Biriyani,Indian,main,,284.38,496.15,245.96,,all_diets
6542,Pomegranate Chicken With Preserved Lemon And Almond Rice Pilaf Recipe,Mediterranean,main,,280.03,290.25,277.65,,all_diets
6543,La Paloma,World,main,,0.23,3.59,0.07,,all_diets
6544,Bonus Recipe: Do The Cabbage Pack!,American,main,,10.9,35.69,34.85,,all_diets
6545,Michelada,World,main,,2.12,19.87,0.14,,all_diets
6546,I Love Ny Veggie Pizza,Italian,main,,51.86,169.4,30.88,,all_diets
6547,Baked Cheese Spread,American,main,,66.25,36.82,440.83,,all_diets
6548,Healthy Whiskey & Ginger,World,main,,0.11,6.38,0.04,,all_diets
6549,Maple-Gingerbread Pots De Crème,American,main,,34.51,152.25,85.14,,all_diets
6550,Bloody Mary,World,main,,1.08,5.44,0.36,,all_diets
6551,Easy Pot Roast,Nordic,main,,492.51,78.8,153.25,,all_diets
6552,"Garganelli Pasta With Scallops, Tomatoes And Green Beans",Italian,main,,65.15,303.67,36.05,,all_diets
6553,Bourbon Old Fashioned Recipe,British,main,,0.0,10.42,0.0,,all_diets
6554,Jalapeño-Spiked Cherry Preserves,American,main,,7.28,593.23,2.23,,all_diets
6555,"Potato, Leek And Parmesan Cheese Dumplings",Chinese,main,,219.19,653.27,99.29,,all_diets
6556,Old-Fashioned Cornbread Stuffing,American,main,,62.04,264.05,147.9,,all_diets
6557,Mezcal Paloma,World,main,,0.06,1.25,0.01,,all_diets
6558,Avocado-Sprout Toast,American,main,,5.54,17.37,9.62,,all_diets
6559,Pepperoni Pizza Wrap,Italian,main,,50.91,31.1,84.27,,all_diets
6560,"Peaches With Creme Fraiche, Brown Sugar, Cinnamon And Nutmeg",French,main,,1.51,19.1,3.2,,all_diets
6561,Men Are From Mars,World,main,,0.27,10.65,0.1,,all_diets
6562,Crunchy Baked Fish,American,main,,131.61,14.66,21.66,,all_diets
6563,Simple Savory Scallops,American,main,,3.03,0.92,0.14,,all_diets
6564,Karthago Cocktail,World,main,,0.46,4.56,0.15,,all_diets
6565,Pink Pasta,Italian,main,,72.88,388.59,124.26,,all_diets
6566,Candy Corn Milkshake,American,main,,20.41,105.95,44.92,,all_diets
6567,Coconut Black Beans,South East Asian,main,,60.77,177.7,92.44,,all_diets
6568,Pasta With Tuna And Roasted Asparagus,Italian,main,,57.42,217.37,45.53,,all_diets
6569,Spiked Eggnog,British,main,,5.47,27.03,4.28,,all_diets
6570,Sweet Potato Hash,South American,main,,36.91,132.92,48.02,,all_diets
6571,Ketel One Vodka Dutch Chocolate,Eastern Europe,main,,28.26,83.18,27.33,,all_diets
6572,Mezcal Michelada,World,main,,0.38,15.01,0.03,,all_diets
6573,Screwdriver Recipe,World,main,,0.0,0.07,0.0,,all_diets
6574,Stuffed Shells With Creamy Tomato Parmesan Sauce,Italian,main,,315.57,424.32,326.86,,all_diets
6575,Very Merry Bourbon Alexander,American,main,,9.27,18.46,7.19,,all_diets
6576,Milk And Honey Recipe,American,main,,7.18,16.97,7.37,,all_diets
6577,Carrot Gnocchi With Chard Two Ways,Italian,main,,64.63,207.5,139.97,,all_diets
6578,Oven-Dried Kale,Mediterranean,main,,8.76,18.4,15.38,,all_diets
6579,Kale And Cheese Calzone,Italian,main,,24.56,37.88,24.28,,all_diets
6580,Chocolate Hummus With Candied Bacon,Mediterranean,main,,91.45,177.59,193.53,,all_diets
6581,All-Purpose Citrus Dressing,Mediterranean,main,,0.64,3.77,27.41,,all_diets
6582,Honey Walnut Crusted Salmon,Nordic,main,,151.1,80.12,151.21,,all_diets
6583,Sriracha Bloody Mary Recipe,World,main,,1.06,5.58,0.39,,all_diets
6584,Raw Shiitake Kale Salad Recipes,Mediterranean,main,,10.38,22.63,38.08,,all_diets
6585,Cod With Rosemary Polenta And Beans,Italian,main,,23.91,41.84,11.13,,all_diets
6586,Pineapple Mango Salsa Recipes,Mexican,main,,9.22,183.91,2.68,,all_diets
6587,Burrata Pizza,Italian,main,,72.76,130.13,59.23,,all_diets
6588,"Sweet, Spicy, Easy Green Beans",Mexican,main,,29.4,14.45,21.51,,all_diets
6589,Scones With Currants,British,main,,18.2,137.06,25.92,,all_diets
6590,Double Avocado Cobb Salad,American,main,,71.44,82.8,276.64,,all_diets
6591,The Ultimate Ketel One Bloody Mary,World,main,,1.35,9.04,0.41,,all_diets
6592,Carrots And Blue Cheese,American,main,,12.18,38.19,38.32,,all_diets
6593,Raita (Indian Yogurt And Cucumber Condiment),Indian,main,,19.64,41.6,16.6,,all_diets
6594,Roast Chicken,American,main,,399.78,44.14,355.83,,all_diets
6595,Chicken With Mango Salsa,Mexican,main,,250.16,65.49,52.86,,all_diets
6596,Dinner Tonight: Jacques Pépin'S Spicy Ginger And Lemon Chicken Recipe,French,main,,116.46,43.58,121.62,,all_diets
6597,Carrot-Thyme Soup With Cream,American,main,,12.39,212.88,46.59,,all_diets
6598,Crab Cakes With Green Onion And Mustard,French,main,,49.36,17.16,7.27,,all_diets
6599,Sweet Potato & Broccoli Shepard'S Pie,American,main,,94.3,87.07,111.87,,all_diets
6600,Macaroni And Cheese,Italian,main,,223.44,468.96,277.66,,all_diets
6601,Roasted Pencil-Thin Asparagus,American,main,,5.82,4.76,9.29,,all_diets
6602,Sweet Potato Julius,Italian,main,,5.14,63.09,2.9,,all_diets
6603,The Rolls-Royce,World,main,,0.21,3.35,0.03,,all_diets
6604,151 Swizzle,World,main,,0.14,31.75,0.03,,all_diets
6605,Three Cheese Hot Artichoke Dip,Mediterranean,main,,78.45,59.07,300.49,,all_diets
6606,Pork Medallions With Cranberry-Onion Relish,American,main,,75.19,59.98,45.96,,all_diets
6607,The Manchester,World,main,,0.0,10.42,0.0,,all_diets
6608,Aperol Spritz Cocktail,World,main,,0.29,6.1,0.02,,all_diets
6609,Fiesta Chicken Drummettes,Italian,main,,80.04,3.94,60.14,,all_diets
6610,Scallops Ceviche And Kumquats,South American,main,,33.27,40.05,16.09,,all_diets
6611,Emerald Cocktail,World,main,,0.02,0.83,0.0,,all_diets
6612,Oven-Roasted Rosemary Potatoes,Mediterranean,main,,17.94,161.41,14.76,,all_diets
6613,Swiss Chard Au Gratin,French,main,,106.11,150.75,398.24,,all_diets
6614,Savory Zucchini Puff Pastry Tarts,French,main,,7.77,32.46,34.39,,all_diets
6615,Pizza In A Bread Bowl Recipe,Italian,main,,186.16,105.55,210.63,,all_diets
6616,Fancy Free Recipe,French,main,,0.01,4.62,0.04,,all_diets
6617,The Augustus Club,World,main,,0.12,15.56,0.08,,all_diets
6618,Green Onion And Mustard Crab Cakes,French,main,,49.36,17.16,7.27,,all_diets
6619,Juice Marinara Recipe,South American,main,,6.47,36.7,1.64,,all_diets
6620,The Old Hickory Cocktail Recipe,American,main,,0.06,2.31,0.0,,all_diets
6621,The Sherry Martini,Italian,main,,0.11,6.62,0.0,,all_diets
6622,Southern Comfort Champagne Cocktail,World,main,,0.2,13.04,0.1,,all_diets
6623,"Apricot, Cucumber, Pluot, And Lime Basil Salad",American,main,,3.14,28.6,0.86,,all_diets
6624,Chickpea & Butternut Squash Soup,American,main,,43.03,182.75,93.72,,all_diets
6625,Apple And Cabbage Salad With Apple Molasses Dressing,Middle Eastern,main,,52.14,217.83,197.97,,all_diets
6626,Duck Breast Stuffed With Dried Fruits,American,main,,22.18,299.11,44.09,,all_diets
6627,Homemade Strawberry Conserve,Mediterranean,main,,2.12,124.18,0.93,,all_diets
6628,Oysters,Mediterranean,main,,38.98,30.54,9.75,,all_diets
6629,Lemon Lavender Fizz,World,main,,0.07,32.57,0.05,,all_diets
6630,New Columbia Harvest,World,main,,0.2,7.04,0.18,,all_diets
6631,Black River Pearl,World,main,,0.08,14.18,0.08,,all_diets
6632,Broccoli Bacon Quiches,French,main,,32.59,9.49,78.87,,all_diets
6633,Arugula With Steak,American,main,,183.23,9.68,134.77,,all_diets
6634,Gazpacho,Mediterranean,main,,17.5,101.58,58.73,,all_diets
6635,Appetizer Meatballs (Frozen Meatballs),American,main,,161.54,279.67,181.99,,all_diets
6636,Spinach And Italian Cheese Omelet,Italian,main,,20.07,4.42,21.83,,all_diets
6637,Cucumber Gazpacho,Mediterranean,main,,5.01,32.66,54.86,,all_diets
6638,Time For A Drink: The Gypsy Recipe,World,main,,0.03,9.13,0.09,,all_diets
6639,Alaska Cocktail Recipe,World,main,,0.01,4.56,0.04,,all_diets
6640,Mom’S Blueberry Pie,American,main,,20.57,346.14,210.47,,all_diets
6641,Asian-Spiced Pecans,American,main,,39.9,62.85,293.97,,all_diets
6642,Golden Milk Tea,Indian,main,,10.18,36.91,96.75,,all_diets
6643,Individual Chili-Cheddar Meatloaves,American,main,,48.59,58.25,21.74,,all_diets
6644,Whiskey Ginger Recipe,British,main,,0.0,0.08,0.0,,all_diets
6645,Eggplant Lasagna,Italian,main,,143.09,221.09,106.68,,all_diets
6646,Fifty-Fifty Martini Recipes,World,main,,0.67,6.56,0.17,,all_diets
6647,Gin And Sin Recipes,World,main,,0.21,4.13,0.1,,all_diets
6648,Classic Baked Acorn Squash,American,main,,3.6,71.5,11.96,,all_diets
6649,Cranberry Salsa,American,main,,2.22,98.65,0.56,,all_diets
6650,Norwegian Wood,World,main,,0.02,2.86,0.02,,all_diets
6651,Winter Solstice Recipe,World,main,,0.23,4.02,0.09,,all_diets
6652,Easy Spanish Chicken Breast For 1-Or More,Mediterranean,main,,23.99,1.64,10.84,,all_diets
6653,World Cup Cucumber & Lamb Sosatie,Mediterranean,main,,21.19,43.59,195.01,,all_diets
6654,His & Hers,World,main,,0.04,7.03,0.07,,all_diets
6655,Oven Roasted Elote,South American,main,,71.36,136.73,141.19,,all_diets
6656,Rum Punch,British,main,,2.0,87.01,0.52,,all_diets
6657,Edamame Crunch,South East Asian,main,,8.96,8.41,5.52,,all_diets
6658,Creamy Pesto Tiger Shrimp And Asparagus Lasagna Bundles,Italian,main,,135.94,210.92,139.86,,all_diets
6659,Microwave Shepherds Pie,British,main,,115.92,218.04,156.39,,all_diets
6660,Butternut Squash Puree,American,main,,5.5,85.3,46.35,,all_diets
6661,The Darby'S Three Cheese Macaroni,American,main,,68.24,66.5,119.84,,all_diets
6662,Beer-Braised Pork Chops With Pears And Apples Recipe,American,main,,172.36,144.92,123.38,,all_diets
6663,The New American Omelet,French,main,,30.4,8.98,29.77,,all_diets
6664,Tokyo Geisha,World,main,,0.07,5.4,0.06,,all_diets
6665,Cranberry Chicken Tagine,American,main,,191.07,319.25,74.17,,all_diets
6666,Crustless Quiche With Goat Cheese And Scallions,French,main,,56.1,29.92,104.26,,all_diets
6667,Homemade Cavatelli Recipe,American,main,,159.49,342.31,128.03,,all_diets
6668,Tropical Salad With Sriracha,South East Asian,main,,13.21,132.56,47.51,,all_diets
6669,Garlic Mashed Potatoes,American,main,,59.21,356.0,11.8,,all_diets
6670,Sloe Gin,World,main,,0.13,27.64,0.19,,all_diets
6671,Avocado-Tomato Open-Face Sandwich,American,main,,5.47,19.42,8.72,,all_diets
6672,Prescription Julep #2,American,main,,0.54,203.77,0.12,,all_diets
6673,Tunacado Salad,French,main,,28.47,28.5,62.93,,all_diets
6674,Fresh Summer Succotash,American,main,,59.68,201.56,78.2,,all_diets
6675,Creamy Sweet Potato Soup,Chinese,main,,19.67,91.77,4.79,,all_diets
6676,Hot Sazerac,World,main,,0.88,16.45,0.67,,all_diets
6677,Galbi Jjim (Korean Braised Short Ribs),Mediterranean,main,,185.9,314.07,385.82,,all_diets
6678,Ratatouille Tatin Tartlets,French,main,,76.73,317.64,152.49,,all_diets
6679,Apple 'Cider' Soup,American,main,,20.42,186.74,10.57,,all_diets
6680,Lemon-Dill Orzo Pilaf,Mediterranean,main,,11.79,43.05,17.02,,all_diets
6681,Greenpoint,World,main,,0.03,2.7,0.02,,all_diets
6682,Blue Cheese Dressing,American,main,,31.05,13.44,234.32,,all_diets
6683,Curried Chicken Salad With Fruit,Eastern Europe,main,,135.82,99.45,50.83,,all_diets
6684,Kona Swizzle,World,main,,1.63,31.42,0.35,,all_diets
6685,Red And Orange Pavlovas,Eastern Europe,main,,14.47,165.86,60.1,,all_diets
6686,Nicky Finn,World,main,,0.28,3.88,0.1,,all_diets
6687,Celebration Manhattans,World,main,,0.02,2.66,0.01,,all_diets
6688,Shamrock Shake Recipe,World,main,,0.12,11.35,0.04,,all_diets
6689,Planter'S Punch Cocktail Recipes,World,main,,0.16,2.19,0.07,,all_diets
6690,Cucumber-Coconut,Mediterranean,main,,3.91,45.97,1.09,,all_diets
6691,Icecream French Toast,French,main,,46.42,107.64,33.22,,all_diets
6692,New Fashioned,World,main,,0.04,10.28,0.05,,all_diets
6693,Gin Sangria,World,main,,1.38,34.85,0.32,,all_diets
6694,Lemon Stinger Swizzle,Mediterranean,main,,0.12,21.88,0.07,,all_diets
6695,Rusty Nail Recipe,World,main,,0.01,4.56,0.04,,all_diets
6696,Classic Martini,World,main,,0.15,1.1,1.86,,all_diets
6697,Sweet And Salty Prosciutto-Wrapped Asparagus,Italian,main,,287.78,73.74,85.09,,all_diets
6698,Fallen Angel,World,main,,0.02,12.59,0.09,,all_diets
6699,Broccoli Cheese Strata,American,main,,48.67,44.68,40.35,,all_diets
6700,Clementini,World,main,,1.26,17.79,0.22,,all_diets
6701,Raspberry Pops,American,main,,10.61,53.77,9.12,,all_diets
6702,Sidecar,World,main,,0.12,11.25,0.15,,all_diets
6703,Louis Dressing,American,main,,3.03,21.45,182.6,,all_diets
6704,Bourbon Maple Cider Recipe,World,main,,2.11,54.23,0.03,,all_diets
6705,Between The Sheets Cocktail Recipe,World,main,,0.15,12.12,0.1,,all_diets
6706,White Wine Sardines With Chickpeas And Sliced Potatoes,American,main,,65.01,134.91,38.25,,all_diets
6707,Pineapple Cobbler,Mediterranean,main,,0.55,14.26,0.19,,all_diets
6708,Maple Bourbon Old-Fashioned,World,main,,0.05,11.45,0.02,,all_diets
6709,Lillet Spritz,World,main,,1.1,9.73,0.26,,all_diets
6710,Gabriella'S Farmer Cheese Gnocchi,Italian,main,,66.49,63.92,28.47,,all_diets
6711,Liquid Autumn,World,main,,0.61,11.66,0.17,,all_diets
6712,Torino,World,main,,0.06,2.37,0.0,,all_diets
6713,Squash And Sweet Potato Croquettes,French,main,,13.05,70.28,17.24,,all_diets
6714,Stuffed Mushrooms,American,main,,70.69,164.03,70.38,,all_diets
6715,Maple Old-Fashioned,American,main,,0.0,4.46,0.0,,all_diets
6716,Piping Plum Recipe,American,main,,0.05,20.01,0.13,,all_diets
6717,Bobby Axelrod,World,main,,0.03,0.22,0.34,,all_diets
6718,Cauliflower Soup,American,main,,26.69,18.64,34.75,,all_diets
6719,Time For A Drink: Bijou Cocktail Recipe,World,main,,0.05,9.9,0.09,,all_diets
6720,Day At The Beach By Laplaya Beach & Golf Resort,World,main,,0.53,23.58,0.24,,all_diets
6721,Zelma'S Punch,French,main,,2.69,25.53,1.3,,all_diets
6722,Velveeta Tuna Shell Casserole,American,main,,135.24,160.67,75.9,,all_diets
6723,El Guapo Cocktail Recipe With Mezcal Recipes,World,main,,0.5,20.54,0.11,,all_diets
6724,Very Rustic Custard Tart With Guava Sauce,American,main,,56.23,184.04,62.54,,all_diets
6725,Russian Rebbl,Eastern Europe,main,,24.78,169.9,6.24,,all_diets
6726,Martini Recipe,World,main,,0.02,0.77,0.0,,all_diets
6727,L.A. Burdick Classic Hot Chocolate,American,main,,10.09,61.27,30.93,,all_diets
6728,Charred Onion Dip,Italian,main,,14.76,47.42,96.49,,all_diets
6729,Poison Arrow,World,main,,0.25,13.74,0.09,,all_diets
6730,Cucumber-Tomato Salad,Mediterranean,main,,8.87,43.96,33.17,,all_diets
6731,Dimitri Lezinska'S Maple Leaf Martini,World,main,,0.1,19.63,0.08,,all_diets
6732,Purple Tai Rice Cooker Sticky Rice,Chinese,main,,15.16,168.81,1.59,,all_diets
6733,Simple Trout Duxelles,Mediterranean,main,,286.76,22.38,106.3,,all_diets
6734,Barbecue Bloody Mary,American,main,,29.66,296.55,22.83,,all_diets
6735,Liquid Fireworks,World,main,,0.59,6.78,0.17,,all_diets
6736,Dark Mojito,World,main,,0.3,21.41,0.08,,all_diets
6737,Sherry Martini,World,main,,0.33,9.72,0.03,,all_diets
6738,Americano Cocktail,World,main,,0.22,3.51,0.02,,all_diets
6739,Spicy Steak Fries,British,main,,15.94,135.69,28.34,,all_diets
6740,Classic Sazerac,American,main,,0.0,0.06,0.0,,all_diets
6741,Potted Shrimp Recipe,Mediterranean,main,,97.31,11.02,370.83,,all_diets
6742,The Claridge Cocktail,World,main,,0.03,1.16,0.0,,all_diets
6743,Butternut Squash Bisque,French,main,,11.78,169.06,24.22,,all_diets
6744,Cotton Candy Cocktail,American,main,,0.06,21.87,0.2,,all_diets
6745,Police Gazette Cocktail,World,main,,0.11,6.14,0.06,,all_diets
6746,Tequila Sunrise Jelly Shots,American,main,,13.87,50.79,0.51,,all_diets
6747,Bacon-Wrapped Scallops With Chili Butter,American,main,,139.74,34.63,186.92,,all_diets
6748,Lemon Dipping Sauce,American,main,,5.43,14.46,45.56,,all_diets
6749,Some Like It Hot Recipe,French,main,,10.43,22.9,2.79,,all_diets
6750,German Crepes,French,main,,91.1,361.99,51.75,,all_diets
6751,Slaw And Order,British,main,,22.63,43.87,9.36,,all_diets
6752,Chile-Salt Michelada,World,main,,1.21,10.95,0.06,,all_diets
6753,Blackthorn Cocktail Recipe,Italian,main,,0.08,19.03,0.17,,all_diets
6754,Grilled Chicken,American,main,,148.38,57.14,79.0,,all_diets
6755,Shrimp Po Boy Sandwich Recipe,American,main,,153.25,280.77,1860.2,,all_diets
6756,Pisco Sour,World,main,,1.5,16.84,0.03,,all_diets
6757,Grilled Salmon Steak,Nordic,main,,23.22,1.08,19.76,,all_diets
6758,"""Fruit Cocktail"" Crisp",American,main,,10.34,166.68,26.0,,all_diets
6759,The Pumpkin Martini,World,main,,0.12,40.11,0.33,,all_diets
6760,Recipe: The Income Tax Cocktail,World,main,,0.21,3.33,0.06,,all_diets
6761,Lychee Martini,World,main,,0.11,15.44,0.13,,all_diets
6762,Cider Delighter,World,main,,0.96,16.01,1.32,,all_diets
6763,Pineapple Saffron Martini,World,main,,0.34,29.59,0.15,,all_diets
6764,Leap Year Cocktail Recipe,World,main,,0.01,0.43,0.0,,all_diets
6765,Foil Pack Cinnamon Apples,Middle Eastern,main,,0.99,61.56,6.23,,all_diets
6766,Pumpkin Old Fashioned,World,main,,0.38,22.03,0.11,,all_diets
6767,Tarragon-Mustard Rémoulade,French,main,,0.89,1.87,44.98,,all_diets
6768,Neely'S Bbq Pulled Pork Egg Rolls,South East Asian,main,,165.77,492.02,480.58,,all_diets
6769,Sweet And Crunchy Garden Salad,American,main,,41.32,246.54,282.63,,all_diets
6770,A Cuban Version Of A Manhattan Recipe,American,main,,0.01,0.39,0.0,,all_diets
6771,Watermelon And Basil Martini,World,main,,1.07,12.35,0.26,,all_diets
6772,White Knight,American,main,,0.03,3.85,0.02,,all_diets
6773,Grilled Vegetable Pitas,Mediterranean,main,,22.8,48.47,19.7,,all_diets
6774,Hearty Chicken And Rice Casserole,American,main,,277.77,185.65,48.77,,all_diets
6775,Vanilla Bean Crème Brûlée,French,main,,52.16,163.36,53.35,,all_diets
6776,Cîroc Champagne Cosmo,World,main,,1.31,23.07,0.21,,all_diets
6777,Adonis Recipe,British,main,,0.13,7.39,0.0,,all_diets
6778,Shrimp Newburg On Toast Points,American,main,,70.99,61.58,22.27,,all_diets
6779,Oven Roasted Brussel Sprouts With Rosemary,American,main,,6.02,16.17,14.13,,all_diets
6780,Turkey Burgers,American,main,,89.86,5.98,34.81,,all_diets
6781,Sepia'S Death & Taxes Recipe,American,main,,0.33,218.13,0.16,,all_diets
6782,Healthy & Delicious: Broiled Grapefruit Recipe,American,main,,1.72,23.93,4.19,,all_diets
6783,Oeufs En Cocotte,Mediterranean,main,,98.02,3.33,72.21,,all_diets
6784,Simple Buttermilk Biscuits Recipe,American,main,,34.91,205.9,96.26,,all_diets
6785,Grilled Coconut Rum French Toast,French,main,,68.16,232.38,46.14,,all_diets
6786,Blueberry Tart,Central Europe,main,,14.68,223.12,61.31,,all_diets
6787,Pumpkin Soup Recipes,American,main,,58.63,302.3,104.44,,all_diets
6788,Sage-Butter Gnocchi Recipes,Italian,main,,35.31,145.17,60.43,,all_diets
6789,O' Mai Mai Juice,American,main,,6.78,139.45,2.46,,all_diets
6790,Grilled Bread With Goat Cheese & Green Olives,Mediterranean,main,,186.54,751.87,133.44,,all_diets
6791,Tomato Daiquiri,World,main,,0.2,23.49,0.03,,all_diets
6792,Lady Genevieve,French,main,,0.07,20.97,0.09,,all_diets
6793,Grilled Cheese With Roasted Tomato Spread,American,main,,63.54,115.83,103.45,,all_diets
6794,Watercress Salad With Fennel And Citrus,Mediterranean,main,,9.0,73.4,21.63,,all_diets
6795,Delmonico'S Eggs Benedict,French,main,,151.62,239.33,238.3,,all_diets
6796,Sparkling Apricot Sorbet,French,main,,10.03,289.77,2.69,,all_diets
6797,The Lumière,World,main,,0.16,27.62,0.22,,all_diets
6798,Apple Cinnamon Rum Recipes,World,main,,0.2,11.97,0.15,,all_diets
6799,"Bloody Carrot ""Bacon""",American,main,,2.44,53.64,14.15,,all_diets
6800,Green Monster Recipe,World,main,,0.16,10.71,0.12,,all_diets
6801,Chef Phil'S Deviled Eggs Recipe,Japanese,main,,34.33,5.62,114.35,,all_diets
6802,Champs-Élysées Cocktail,World,main,,0.09,7.86,0.08,,all_diets
6803,A Spanish Potato Tortilla On Hiking Trails,Mediterranean,main,,33.91,71.29,28.06,,all_diets
6804,Widow'S Kiss,World,main,,0.03,10.16,0.09,,all_diets
6805,Lime Rickey Recipe,Mediterranean,main,,0.51,125.75,0.08,,all_diets
6806,The Presidential Cocktail,World,main,,1.47,30.72,0.98,,all_diets
6807,Horn & Hardart’S Macaroni And Cheese,American,main,,76.33,208.33,86.88,,all_diets
6808,Avocado Dressing,American,main,,4.18,18.97,118.42,,all_diets
6809,Corpse Reviver No. 2,French,main,,0.12,2.73,0.07,,all_diets
6810,Little Black Dress,British,main,,14.88,128.37,58.96,,all_diets
6811,One-Eyed Sailor,American,main,,121.62,68.3,200.02,,all_diets
6812,The Obamatini Cocktail Recipe,World,main,,0.44,28.44,0.13,,all_diets
6813,Time For A Drink: Fallen Leaves Recipe,World,main,,0.02,0.77,0.0,,all_diets
6814,Diy Vinaigrette,French,main,,1.15,29.18,109.03,,all_diets
6815,Deviled Eggs,Italian,main,,66.49,6.44,94.97,,all_diets
6816,Easy Roasted Potatoes With Garlic Recipes,American,main,,32.71,273.54,74.46,,all_diets
6817,Grilled Pesto Potato Salad,Mediterranean,main,,77.6,110.33,539.65,,all_diets
6818,Bourbon Renewal,World,main,,0.11,19.01,0.11,,all_diets
6819,Collard Green And Artichoke Dip,Mediterranean,main,,94.87,128.8,271.76,,all_diets
6820,Cinnamon Honey Butter,American,main,,2.11,65.66,184.19,,all_diets
6821,Chicken Anticuchos,American,main,,119.55,29.61,79.74,,all_diets
6822,Rosemary-Grapefruit Fizz,World,main,,4.37,172.29,1.91,,all_diets
6823,Carrot Ribbons With Sesame,Mediterranean,main,,1.71,17.71,4.95,,all_diets
6824,Rum Swizzle,British,main,,0.85,51.98,0.16,,all_diets
6825,Steak?And?Egg Salad Sandwiches,American,main,,204.63,110.44,235.8,,all_diets
6826,Gin & Gomme,World,main,,0.27,6.33,0.13,,all_diets
6827,Middle Eastern Hummus,Mediterranean,main,,73.13,183.21,155.98,,all_diets
6828,Yogurt Pops,American,main,,9.07,34.05,7.9,,all_diets
6829,Dad'S Eggnog,World,main,,54.72,167.63,145.07,,all_diets
6830,Wine Spritzer,World,main,,0.24,3.66,0.04,,all_diets
6831,Baileys Cherry Cafe,World,main,,1.5,27.77,6.77,,all_diets
6832,El Presidente Recipe,American,main,,0.04,7.98,0.06,,all_diets
6833,Crunch Top Apple Pie,French,main,,25.57,407.29,44.01,,all_diets
6834,Gabriella'S Farmers Cheese Gnocchi,Italian,main,,66.49,63.92,28.47,,all_diets
6835,Nick'S Chipotle Grilled Shrimp With Black Bean Salsa,Mexican,main,,16.66,4.35,28.34,,all_diets
6836,Spring Spice,American,main,,0.63,19.31,0.23,,all_diets
6837,Whipped Butternut Squash And Red Onions,South American,main,,14.49,148.93,64.02,,all_diets
6838,Warm Bulgur & Lentil Salad,Middle Eastern,main,,24.1,79.63,7.4,,all_diets
6839,French 95 Cocktail Recipe,World,main,,1.98,59.79,0.17,,all_diets
6840,Cajun Grilled Chicken,American,main,,246.33,20.33,41.76,,all_diets
6841,Brown Rice Sushi Balls,Japanese,main,,24.34,155.96,40.16,,all_diets
6842,Orrechiette With Red Kale And Bacon Cubes,American,main,,55.18,133.72,74.68,,all_diets
6843,Chocolate-Pomegranate Toasted Walnuts,American,main,,2.6,99.34,72.74,,all_diets
6844,Maple Manhattan,American,main,,0.03,9.6,0.01,,all_diets
6845,Midnight Ride Cocktail Recipe,World,main,,0.51,13.62,0.17,,all_diets
6846,Vanilla Roasted Walnuts,American,main,,1.24,33.92,18.73,,all_diets
6847,Parchment Candied Beets & Greens With Blood Orange & Balsamic,American,main,,30.83,246.37,44.16,,all_diets
6848,Scofflaw Recipes,World,main,,0.24,13.0,0.07,,all_diets
6849,Herb-Infused Pisco Sour,World,main,,2.25,23.82,0.44,,all_diets
6850,Cranberry-Chipotle Turkey,American,main,,150.43,219.51,51.6,,all_diets
6851,Parmesan Flans With Tomatoes And Basil,Mediterranean,main,,70.88,48.99,44.47,,all_diets
6852,Fast Blue Cheese Dressing,American,main,,12.83,6.31,115.22,,all_diets
6853,Slow Roast Tomatoes,Mediterranean,main,,3.55,24.14,1.22,,all_diets
6854,Tivoli Cakes,American,main,,20.25,380.96,60.85,,all_diets
6855,"Sweet Potato, Cranberry And Pecan Salad",American,main,,9.55,140.8,65.44,,all_diets
6856,Orange Chicken,Chinese,main,,142.59,58.69,299.67,,all_diets
6857,Time For A Drink: Suffering Bastard Recipe,World,main,,0.12,12.36,0.02,,all_diets
6858,Sloe 75,World,main,,0.39,68.49,0.26,,all_diets
6859,Ginger-Champagne Cocktail,World,main,,0.23,6.24,0.05,,all_diets
6860,Endive With Sweet Cheese,Italian,main,,24.7,75.98,60.12,,all_diets
6861,Nana'S Chicken Seafood Gumbo,American,main,,277.57,200.76,152.65,,all_diets
6862,Peach Cooler Recipe,Mediterranean,main,,0.37,29.1,0.09,,all_diets
6863,Peanut Butter Banana Cake,American,main,,78.91,255.43,140.81,,all_diets
6864,Seafood Pizza,Italian,main,,43.62,36.3,32.35,,all_diets
6865,Mexicali Chicken,American,main,,128.05,3.77,28.7,,all_diets
6866,Meatloaf,American,main,,278.3,196.48,308.54,,all_diets
6867,Scotch Negroni Recipe,American,main,,0.05,9.9,0.09,,all_diets
6868,Pomegranate Clementine Martini,World,main,,0.18,6.59,0.14,,all_diets
6869,Chile Mustard Pork Kabobs,Middle Eastern,main,,15.83,20.59,77.1,,all_diets
6870,Chicken Fried Rice,Chinese,main,,161.83,242.99,106.94,,all_diets
6871,Oysters Rockefeller Soup Recipe,American,main,,95.87,209.19,135.19,,all_diets
6872,Manhattan Jelly Shots,American,main,,12.2,77.48,0.01,,all_diets
6873,Overnight Eggnog French Toast,French,main,,111.8,686.83,435.71,,all_diets
6874,Chili Fries Recipe,American,main,,116.64,210.6,190.5,,all_diets
6875,Sesame Asparagus Recipes,Chinese,main,,13.1,24.59,32.71,,all_diets
6876,The Leviathan,World,main,,0.09,1.82,0.02,,all_diets
6877,Oven-Roasted Rack Of Pork,American,main,,284.2,357.58,170.08,,all_diets
6878,"Absinthe, Anyone? Try The Necromancer Cocktail Recipes",World,main,,0.11,12.0,0.11,,all_diets
6879,Glazed Walnuts,American,main,,0.46,19.59,1.79,,all_diets
6880,The Kilbeggan Dubliner Cocktail,World,main,,0.23,16.04,0.01,,all_diets
6881,Cheeto-Crusted Jalapeño Poppers With Bacon,Mexican,main,,76.49,84.83,274.91,,all_diets
6882,Norwegian Wood Recipe,Mediterranean,main,,0.02,2.86,0.02,,all_diets
6883,Wine-Poached Peaches,American,main,,11.54,161.96,59.71,,all_diets
6884,Shrimp Kebabs,Middle Eastern,main,,95.89,27.69,31.84,,all_diets
6885,Singapore Fling,World,main,,0.19,11.13,0.04,,all_diets
6886,Pumpkin Soup,American,main,,56.71,299.68,69.76,,all_diets
6887,Citrus Grilled Salmon,Nordic,main,,27.34,38.86,21.63,,all_diets
6888,Mashed Potatoes With Reconstituted Milk,British,main,,44.0,326.99,49.53,,all_diets
6889,2 Gingers Hot Toddy,World,main,,0.13,32.69,0.15,,all_diets
6890,Yellow Jacket Recipe,American,main,,0.05,20.11,0.15,,all_diets
6891,Tuna-Quinoa Toss,Italian,main,,24.2,33.28,15.96,,all_diets
6892,Off The Wagon,World,main,,1.33,57.28,0.51,,all_diets
6893,Celebrate Fat Tuesday With The Pinnacle® Creole Mary!,American,main,,15.63,64.48,5.44,,all_diets
6894,Chess Pie,American,main,,31.15,430.47,134.83,,all_diets
6895,Broccoli Chicken Tortellini,Italian,main,,69.02,95.75,58.41,,all_diets
6896,"Masala Soda (Lime, Whiskey, Blackcurrant, Etc.)",World,main,,0.17,45.13,0.17,,all_diets
6897,Sizzlin' Skillet Baked Chicken,French,main,,246.41,13.9,55.01,,all_diets
6898,Salsa,Mexican,main,,3.86,20.82,0.67,,all_diets
6899,Cabbage Orange Salad,American,main,,7.29,47.48,14.41,,all_diets
6900,Spicy Maple And Rum Tottie,World,main,,0.26,12.87,0.12,,all_diets
6901,Orange-Asparagus Salad,French,main,,6.54,27.63,9.58,,all_diets
6902,Baked Chicken,American,main,,108.97,0.86,48.36,,all_diets
6903,Spicy Deviled Eggs,Italian,main,,66.49,6.44,94.97,,all_diets
6904,Blackberry Smash,World,main,,0.55,17.19,0.17,,all_diets
6905,Persimmons Grand Marnier,World,main,,0.53,17.02,11.72,,all_diets
6906,Simple Cheeseburger And Handcut Fries,American,main,,44.37,110.53,64.95,,all_diets
6907,Mimosa Granita,World,main,,2.77,140.8,0.74,,all_diets
6908,Cupid'S Cider Cocktail,World,main,,0.12,7.71,0.1,,all_diets
6909,Ultimat Sparkler,World,main,,0.32,16.32,0.08,,all_diets
6910,Shrimp Creole,American,main,,206.36,76.37,38.81,,all_diets
6911,Roasted Delicata With Bacon-Shallots And Pomegranate,American,main,,32.85,132.06,45.75,,all_diets
6912,Virgin Mary,American,main,,10.81,56.54,3.63,,all_diets
6913,Mashed Rutabagas Recipes,American,main,,10.22,43.35,5.28,,all_diets
6914,New Cuban,World,main,,3.0,17.62,0.07,,all_diets
6915,Herbed Lemon Chicken Breasts,French,main,,246.71,16.47,55.44,,all_diets
6916,"Coconut, Caramel & Pecan Dairy-Free Ice Cream",American,main,,26.43,77.92,209.71,,all_diets
6917,Good Eats Meatloaf,American,main,,240.63,181.67,134.31,,all_diets
6918,Pisco Sour Recipe,World,main,,3.0,18.13,0.06,,all_diets
6919,Remontel Toddy Recipe,World,main,,0.98,25.76,0.29,,all_diets
6920,Emerald Martini,World,main,,0.48,18.37,0.21,,all_diets
6921,Fried Oysters,Mediterranean,main,,204.24,339.24,617.63,,all_diets
6922,Grilled Asparagus Rafts,Chinese,main,,8.25,13.59,7.87,,all_diets
6923,Summer'S Delight,World,main,,1.46,40.52,0.37,,all_diets
6924,Garden Fresh Israeli Couscous,Middle Eastern,main,,34.49,205.58,30.03,,all_diets
6925,Blue Crab Deviled Eggs,Mediterranean,main,,90.81,12.42,229.51,,all_diets
6926,Rosemary Roasted Almonds,French,main,,0.68,1.98,14.59,,all_diets
6927,Red Snapper,World,main,,0.69,4.5,0.22,,all_diets
6928,The Yellow Jacket Recipe,World,main,,0.23,22.03,0.18,,all_diets
6929,Tippled Red Wine Linguine,French,main,,76.67,195.98,76.25,,all_diets
6930,Hungry Girl’S Spiced Apple Salad,South American,main,,2.86,20.04,4.11,,all_diets
6931,Meatloaf Muffins,American,main,,88.25,29.18,97.16,,all_diets
6932,Knickerbocker Swizzle,World,main,,1.34,33.32,0.22,,all_diets
6933,Cashew-Crusted Tilapia With Wild Rice,Mediterranean,main,,13.7,46.89,12.95,,all_diets
6934,Pok Pok'S Rhubarb Blush Recipe,South East Asian,main,,0.14,3.16,0.02,,all_diets
6935,Poor Man'S Soup,American,main,,28.98,93.73,10.66,,all_diets
6936,Garlic Herb Chicken,Mediterranean,main,,103.2,8.17,21.79,,all_diets
6937,Blue Cheese Dressing Recipes,American,main,,18.7,8.48,23.38,,all_diets
6938,Faux Fried Chicken,American,main,,38.07,117.44,13.4,,all_diets
6939,Butternut Souffle,Italian,main,,6.17,20.92,4.17,,all_diets
6940,Spinach & Cheese Strata,American,main,,180.08,220.14,166.89,,all_diets
6941,Chicken Chow Mein,Italian,main,,98.55,134.91,37.38,,all_diets
6942,The Lion'S Tail Recipe,World,main,,0.92,16.29,1.24,,all_diets
6943,Sesame Chicken,Chinese,main,,138.91,86.9,83.5,,all_diets
6944,Grandmother'S Banana Pudding,British,main,,38.24,293.61,29.81,,all_diets
6945,Come Fly With Us,World,main,,0.34,17.03,0.09,,all_diets
6946,Portmanteau Cocktail Recipe,World,main,,0.34,11.73,0.12,,all_diets
6947,The Chanel 75 Cocktail,World,main,,0.09,14.0,0.04,,all_diets
6948,Grandma'S Rice Pudding,British,main,,91.7,481.48,182.6,,all_diets
6949,Pink Passion,World,main,,0.07,14.77,0.09,,all_diets
6950,Cheesy Onion Artichoke Dip,Mediterranean,main,,95.87,106.94,184.28,,all_diets
6951,Wildly Interesting Wild Mushroom & Arugula Tart,American,main,,80.66,199.24,697.65,,all_diets
6952,3-Ingredient Walnut Flourless Cake,American,main,,72.47,293.63,202.57,,all_diets
6953,Easy Roasted Potatoes With Garlic Recipe,American,main,,33.27,276.96,74.64,,all_diets
6954,Far-Out Curry Dip,Indian,main,,0.7,4.17,178.24,,all_diets
6955,Sparkling Julep,World,main,,0.12,18.16,0.01,,all_diets
6956,Rusty Gate,World,main,,0.04,3.03,0.03,,all_diets
6957,Chicken With Black Bean Salsa,Mexican,main,,47.6,34.91,18.33,,all_diets
6958,Zombie Cocktail Recipe,American,main,,0.79,9.05,0.22,,all_diets
6959,Warm Turnip Spread,French,main,,12.56,30.23,20.62,,all_diets
6960,Peanut Butter Macaroons,French,main,,24.82,163.56,66.47,,all_diets
6961,Whiskey Cream Sauce,World,main,,5.7,12.43,79.33,,all_diets
6962,Porcini Mushroom Risotto,Italian,main,,37.1,179.31,79.93,,all_diets
6963,Bbq Pot Stickers,American,main,,136.57,670.24,279.41,,all_diets
6964,Chocolate Coconut Nests With Jelly Bean Eggs Recipe,French,main,,10.45,97.09,51.51,,all_diets
6965,Chicken Sausage And Potato Skillet,American,main,,20.94,65.36,19.01,,all_diets
6966,Maryland Style Mac 'N' Cheese Recipes,American,main,,362.96,580.46,428.77,,all_diets
6967,No Fail Black Beans And Rice Garnished With Crispy Baked Plantain Chips,South American,main,,49.39,374.13,20.78,,all_diets
6968,Lithuanian Summer Borscht,South East Asian,main,,42.28,128.69,25.92,,all_diets
6969,Don'T Mind If I Do Recipe,World,main,,0.1,18.79,0.06,,all_diets
6970,Fennel-Mint Green Mix Recipes,Mediterranean,main,,0.72,2.17,0.6,,all_diets
6971,Homemade Mayonnaise,American,main,,8.65,7.07,341.31,,all_diets
6972,Korean Hwayo Negroni,World,main,,0.02,0.86,0.0,,all_diets
6973,Mint Cream Dream,French,main,,78.0,157.1,73.96,,all_diets
6974,Apple Pie Grilled Cheese Sandwich Recipes,American,main,,20.42,63.28,44.17,,all_diets
6975,Espresso Crème Brûlée,French,main,,55.77,186.45,49.84,,all_diets
6976,Spiced Oven Fries,American,main,,11.23,93.43,14.7,,all_diets
6977,Commodity Pasta,Italian,main,,93.43,344.51,88.59,,all_diets
6978,Creamy Tomato Lasagna,Italian,main,,268.39,213.68,246.97,,all_diets
6979,The Pessimist'S Requiem,World,main,,0.21,33.93,0.15,,all_diets
6980,Baby Takes A Nap Recipe,World,main,,0.0,10.48,0.0,,all_diets
6981,Celery & Blue Cheese Dip With Tomato Juice,American,main,,10.32,10.65,9.37,,all_diets
6982,Spiked Vanilla Chai Froth,World,main,,1.49,20.07,2.87,,all_diets
6983,Roasted Asparagus With Balsamic Browned Butter,American,main,,11.22,20.01,23.66,,all_diets
6984,Thai Spinach Bites,South East Asian,main,,8.83,36.33,9.66,,all_diets
6985,Raw Kale Shiitake Salad Recipes,Mediterranean,main,,10.38,22.63,38.08,,all_diets
6986,Fruit Crisp,American,main,,25.33,316.89,99.11,,all_diets
6987,Foolproof Chocolate Fudge,American,main,,70.61,568.83,240.49,,all_diets
6988,Cheese Straws,American,main,,73.91,383.47,217.48,,all_diets
6989,Lime Scallops,Mediterranean,main,,110.91,53.3,45.31,,all_diets
6990,Cheddar Ginger Wafers Recipe,American,main,,64.84,109.96,123.89,,all_diets
6991,Lemon & Walnut Crusted Cod,American,main,,47.49,17.28,44.54,,all_diets
6992,Cranberry-Whiskey Sour Slush,World,main,,1.93,258.75,0.7,,all_diets
6993,Carpaccio Of Cherries With Creme Fraiche,French,main,,1.72,22.07,11.15,,all_diets
6994,Chicken With Apricot Dijon Mustard,French,main,,104.02,118.15,12.87,,all_diets
6995,10-Minute Egg Drop Soup,Chinese,main,,43.17,69.38,42.96,,all_diets
6996,Cheese Balls Three Ways,American,main,,16.27,13.57,179.47,,all_diets
6997,Ooey-Gooey Jam Jar Bars,American,main,,28.27,508.59,164.98,,all_diets
6998,Apple Pie,American,main,,20.96,564.57,142.26,,all_diets
6999,Scottish Breakfast,World,main,,0.6,11.14,10.5,,all_diets
7000,Hibiscus Mojito Recipes,Caribbean,main,,0.24,82.21,0.07,,all_diets
7001,Hand-Formed Parmesan Tater Tots,Italian,main,,36.61,85.51,30.3,,all_diets
7002,Fines-Herbes Omelet: Conventional And Classic,French,main,,19.4,4.6,20.42,,all_diets
7003,Patriots Punch,World,main,,0.13,16.28,0.1,,all_diets
7004,Ultimate Country Style Soup,American,main,,78.05,104.08,175.56,,all_diets
7005,Heavenly Bread,American,main,,69.85,179.1,466.66,,all_diets
7006,Prairie Fizz,World,main,,0.59,15.67,0.17,,all_diets
7007,Couscous With Orange,Italian,main,,9.97,54.46,0.5,,all_diets
7008,Champagne And Summer Fruit Wedding Jelly Recipes,French,main,,24.82,70.45,0.26,,all_diets
7009,Tennessee Hollow,World,main,,0.04,1.12,0.0,,all_diets
7010,Kerouac Cocktail,American,main,,0.18,8.32,0.1,,all_diets
7011,Roasted Cedar-Plank Salmon With Mustard-Maple Glaze,Nordic,main,,149.32,77.47,41.86,,all_diets
7012,Honeyed Cherry Daiquiri,World,main,,0.85,31.88,0.17,,all_diets
7013,Summer-Squash Bowl,Caribbean,main,,47.7,18.17,24.89,,all_diets
7014,Grilled Fuji-N-Chick 'Wich,American,main,,38.03,41.48,24.15,,all_diets
7015,Fresh Peach Salsa,Mexican,main,,5.4,59.11,1.47,,all_diets
7016,Beet And Hearts Of Palm Salad Recipe,Mediterranean,main,,20.58,34.45,14.46,,all_diets
7017,Lemon-Blueberry With Mascarpone Oatmeal,American,main,,7.57,40.93,9.9,,all_diets
7018,Green Beans With Caramelized Onions,Italian,main,,9.98,70.43,23.38,,all_diets
7019,Original Ranchandreg; Pork Chops,American,main,,106.57,19.57,35.82,,all_diets
7020,The White Gold Of Norway?!,French,main,,47.49,17.28,44.54,,all_diets
7021,Bite-Size Cherry Pie Bites,French,main,,35.04,310.51,186.53,,all_diets
7022,Apple Cinnamon Turnovers,Middle Eastern,main,,13.99,155.78,36.19,,all_diets
7023,Spicy Chicken Salad,South American,main,,52.15,3.69,6.73,,all_diets
7024,"Strawberry, Arugula, And Goat Cheese Pizza",Italian,main,,51.79,191.02,56.56,,all_diets
7025,Hasselback Eggplant Parmesan,American,main,,139.61,159.23,148.51,,all_diets
7026,Neely Clam Chowder,American,main,,203.96,186.92,73.13,,all_diets
7027,Intro To Aperol Recipe,French,main,,0.11,8.19,0.05,,all_diets
7028,Cauliflower Canapés,Mediterranean,main,,39.8,171.75,77.97,,all_diets
7029,"Grilled Rock Cod With Miso, Leek, And Nectarine Compote",Japanese,main,,67.22,66.34,33.57,,all_diets
7030,Pépa (Cognac And Vodka Cocktail),World,main,,0.12,2.12,0.02,,all_diets
7031,Original Martini,American,main,,0.1,6.69,0.01,,all_diets
7032,Asian (Soy And Citrus) Glazed Chicken Thighs,Indian,main,,152.58,28.84,145.1,,all_diets
7033,Southern Green Beans,American,main,,207.94,82.62,58.92,,all_diets
7034,The Cherry Bomb,World,main,,1.03,19.76,0.23,,all_diets
7035,Super Breakfast Burritos,Mexican,main,,76.58,143.62,61.97,,all_diets
7036,Paloma Point (Mezcal Negroni With Grapefruit) Recipe,World,main,,0.21,2.96,0.03,,all_diets
7037,Smoky Iced Tea And Whiskey Cooler Recipe,British,main,,0.13,11.37,0.15,,all_diets
7038,Prosciutto-Melon Toast,Italian,main,,9.18,18.61,7.48,,all_diets
7039,Breaded Chicken Fingers,American,main,,102.95,36.31,43.9,,all_diets
7040,Cucumber-Radish Salad,South American,main,,9.69,28.35,2.38,,all_diets
7041,Grilled Corn Casserole,American,main,,16.45,80.78,103.62,,all_diets
7042,Country Chicken Pâté,French,main,,151.74,33.72,65.53,,all_diets
7043,The Scarlet Snake Cocktail,World,main,,1.6,12.84,0.12,,all_diets
7044,Ghanaian Inspired Black Eye Pea'S,American,main,,31.83,58.2,16.77,,all_diets
7045,Ultra-Creamy Mashed Potatoes,American,main,,69.03,370.79,77.97,,all_diets
7046,Time For A Drink: Hai Karate Recipe,World,main,,0.42,13.38,0.11,,all_diets
7047,Simple Cucumber Salad,American,main,,2.63,17.19,6.21,,all_diets
7048,Fresh Mint Ice Cream,French,main,,29.59,187.4,46.72,,all_diets
7049,Rise And Shine,American,main,,21.19,27.6,20.95,,all_diets
7050,"Assorted Greens With Feta, Cinnamon Dusted Pecans And Raspberry Vinaigrette",American,main,,24.97,173.85,306.44,,all_diets
7051,Microwave Brownie In A Mug (Single Serving) Recipe Recipes,French,main,,3.74,55.72,29.63,,all_diets
7052,Three Onion Mac And Cheese,American,main,,113.95,285.32,126.13,,all_diets
7053,Gin-To-The-Fire,American,main,,0.19,9.84,0.08,,all_diets
7054,Spicy Butterscotch Pudding,British,main,,15.18,110.08,47.34,,all_diets
7055,Savory Chinese Soybean Milk Soup,Chinese,main,,57.41,157.76,96.96,,all_diets
7056,Tomatillo-Avocado Salsa Fresca Recipe,South American,main,,6.28,35.79,24.24,,all_diets
7057,Strega'S Walnut Manhattan,World,main,,0.2,9.32,0.08,,all_diets
7058,Oregon Thanksgiving Special Recipe,World,main,,0.77,0.8,0.02,,all_diets
7059,Spicy Haddock Fish Cakes,Mediterranean,main,,102.58,164.23,3.68,,all_diets
7060,Scotch Bonnet Marmalade Cocktail,World,main,,0.34,22.14,0.13,,all_diets
7061,Old Fashioned (Bourbon And Orange) Ice Cream Recipe,American,main,,30.29,178.43,205.5,,all_diets
7062,Barbecue Wings,American,main,,400.36,49.21,656.96,,all_diets
7063,Zucchini Custards With Tomatoes And Basil,Italian,main,,71.88,86.68,47.81,,all_diets
7064,Bananas Foster,American,main,,17.42,295.9,181.86,,all_diets
7065,Skinnygirl Sweet Potato Pie Cocktail,World,main,,1.1,20.76,4.2,,all_diets
7066,Cranberry Citrus Dressing,American,main,,7.64,747.92,3.26,,all_diets
7067,Apple-Pecan Mini Pies Recipes,American,main,,48.31,380.02,104.58,,all_diets
7068,Ring-My-Bella Mushroom Sandwich,American,main,,15.21,40.5,28.64,,all_diets
7069,City Lights,World,main,,1.86,13.12,0.2,,all_diets
7070,Blackwood'S Gin Spring,World,main,,0.58,14.85,0.17,,all_diets
7071,Rice Pudding,British,main,,60.7,608.7,195.5,,all_diets
7072,Individual Sausage Casseroles Recipes,British,main,,134.95,21.16,121.68,,all_diets
7073,Sammy’S Maui Mama,World,main,,0.49,20.96,0.15,,all_diets
7074,The Prince Of Wales' Cocktail,World,main,,0.31,9.79,0.06,,all_diets
7075,Bloody Mary-Flavored Gazpacho Recipe,American,main,,10.49,52.84,110.43,,all_diets
7076,Meat Lite: Lentil Sausage Ragout,Middle Eastern,main,,81.5,181.04,71.26,,all_diets
7077,Bacon Cheddar Frittata,Italian,main,,37.88,9.08,56.85,,all_diets
7078,Bourbon-Caramel Truffles,American,main,,11.06,141.96,46.94,,all_diets
7079,Marissa Hermer’S Apple Pie,British,main,,34.18,397.77,194.93,,all_diets
7080,Swiss Chard With Garlic And Oregano,Eastern Europe,main,,5.33,11.86,5.1,,all_diets
7081,School Of Tapas: Garlic Soup Shots,Mediterranean,main,,101.61,36.44,228.64,,all_diets
7082,Bourbon Renewal Recipe,World,main,,0.33,19.7,0.13,,all_diets
7083,French Toast ‘N’ Cheese Sandwich,French,main,,15.51,60.45,29.26,,all_diets
7084,Aunt Trish’S Salad Dressing,American,main,,14.9,14.82,172.03,,all_diets
7085,Tiramisu Truffles,Italian,main,,29.48,191.81,161.76,,all_diets
7086,Caramel Pears,American,main,,2.06,97.72,0.56,,all_diets
7087,Turmeric Carrot Spread,Mediterranean,main,,7.34,31.2,44.58,,all_diets
7088,Ruby Can'T Fail,World,main,,0.31,13.35,0.07,,all_diets
7089,Chocolate Peanut Butter Sea Salt Power Bites,American,main,,200.51,393.97,138.58,,all_diets
7090,Chili Cheese Egg Bake Recipes,American,main,,226.5,94.25,314.04,,all_diets
7091,Dinner Tonight: Chipped Beef Gravy,American,main,,27.23,46.93,24.22,,all_diets
7092,Crunchy Snow Peas With Toasted Almonds,American,main,,17.31,44.63,37.23,,all_diets
7093,Pommes De Terre En Robe Des Champs,Mediterranean,main,,40.14,259.98,40.45,,all_diets
7094,Cheddar Potato Casserole,Italian,main,,20.46,122.46,48.55,,all_diets
7095,Sweet-And-Sour Almond Chicken,Chinese,main,,22.41,30.71,7.18,,all_diets
7096,Sunchoke Chips With Warm Blue-Cheese Dip,American,main,,52.84,171.55,50.66,,all_diets
7097,Blue Cheese-Topped Pork Chops,Mediterranean,main,,129.81,4.35,102.9,,all_diets
7098,A Creamy Sauced Pasta With Artichokes And Bacon,Mediterranean,main,,136.18,322.0,152.19,,all_diets
7099,Sensational Turkey Noodle Soup,American,main,,65.4,50.29,16.52,,all_diets
7100,Velvety Bittersweet Chocolate Pudding,British,main,,26.76,207.68,74.93,,all_diets
7101,Guacamole,Mexican,main,,18.66,86.54,118.41,,all_diets
7102,Turkey Caesar Sandwich Recipes,American,main,,30.13,29.58,19.5,,all_diets
7103,Pots De Creme A L’Orange,French,main,,36.91,221.5,123.57,,all_diets
7104,Chicken Sicilian,Italian,main,,178.89,83.44,230.66,,all_diets
7105,Fennel Coleslaw,Mediterranean,main,,8.9,64.51,1.39,,all_diets
7106,Holiday Brunch Bake,American,main,,151.32,153.24,256.1,,all_diets
7107,Fire Roasted Tomato Soup,American,main,,8.14,40.92,29.6,,all_diets
7108,Pickled Cucumber And Onion Appetizer,American,main,,12.86,94.98,10.46,,all_diets
7109,The Rosita,American,main,,0.02,0.77,0.0,,all_diets
7110,Apple Phyllo Cornucopias Recipes,Mediterranean,main,,33.67,458.82,59.43,,all_diets
7111,"Lime, Soy, And Maple Drizzle",American,main,,2.37,32.94,7.83,,all_diets
7112,Coconut Meringues,French,main,,13.19,110.55,14.37,,all_diets
7113,"Vidalia Onion Burger With Honeydew Melon, Caramelized Onions And Goat Cheese",American,main,,108.71,170.01,117.39,,all_diets
7114,Jicama Salad With Cucumber And Lime,Mexican,main,,6.54,70.37,0.97,,all_diets
7115,Peanut Butter Soufflé Recipes,American,main,,58.43,145.31,157.47,,all_diets
7116,Sour Cream Cheesecake,American,main,,48.13,274.31,275.52,,all_diets
7117,Cherry-Grapefruit Basil Sorbet,American,main,,6.69,193.45,1.25,,all_diets
7118,Aunt Trish’S Salad Dressing Recipes,American,main,,14.9,14.82,172.03,,all_diets
7119,Muckraker Punch Recipe,World,main,,0.17,11.19,0.11,,all_diets
7120,Overnight Quinoa Pudding,British,main,,32.93,142.61,20.24,,all_diets
7121,Fresh Mozzarella On Bruschetta With Garlic Pesto,Italian,main,,83.6,179.14,262.64,,all_diets
7122,Lemon Verbena-Buttermilk Sherbet,British,main,,20.83,234.28,5.53,,all_diets
7123,Kim In The Swim,American,main,,0.19,23.46,0.04,,all_diets
7124,Turkey Caesar Sandwich,American,main,,30.09,29.48,19.49,,all_diets
7125,Chocolate Chip Meringues With Strawberries,American,main,,4.63,46.28,3.72,,all_diets
7126,"100-Year-Old Cigar (Rum, Scotch, And Cynar Cocktail) Recipe",World,main,,0.03,9.13,0.09,,all_diets
7127,Hot Crab Dip Recipe,American,main,,44.74,13.73,112.39,,all_diets
7128,Kicked Up Out Of The Can French Onion Soup,French,main,,66.72,185.0,40.84,,all_diets
7129,Quick And Simple No-Tahini Hummus,Mediterranean,main,,62.57,209.24,240.07,,all_diets
7130,Spinach Oshitashi Style Recipes,American,main,,21.28,26.44,5.36,,all_diets
7131,Kimchi Avocado Quesadilla Recipes,Mexican,main,,60.22,68.31,112.34,,all_diets
7132,Mama Jean'S Chicken Noodle Soup,Asian,main,,195.69,234.27,75.4,,all_diets
7133,Golden Yellow Mustard,American,main,,9.35,27.11,39.38,,all_diets
7134,Fall Classic,American,main,,2.59,115.57,0.83,,all_diets
7135,Cranberry-Chocolate Fudge,American,main,,27.92,370.54,145.28,,all_diets
7136,Roasted Fish Sauce Brussels Sprouts,Italian,main,,38.73,144.8,29.92,,all_diets
7137,Cheese & Chutney Tostados,Indian,main,,59.66,66.27,43.85,,all_diets
7138,Butternut Squash 'Chawanmushi',South East Asian,main,,31.57,47.15,18.66,,all_diets
7139,Goguma Twigim (Pan-Fried Sweet Potatoes),American,main,,19.05,173.92,28.42,,all_diets
7140,Chocolate-Hazelnut Meringue Kisses,British,main,,21.28,207.12,32.13,,all_diets
7141,Grilled Sweet And Tangy Pork Chops,American,main,,168.38,37.09,73.51,,all_diets
7142,Grilled Steak And Onion Salad,Mediterranean,main,,105.7,47.67,75.37,,all_diets
7143,Stir-Fried Shrimp With Snow Peas And Ginger,Chinese,main,,98.51,20.68,31.74,,all_diets
7144,Martha'S Sandwich With Bitter Greens Recipes,American,main,,51.45,99.25,42.49,,all_diets
7145,The Sea Grill'S Grilled Day Boat Sea Scallops,Mediterranean,main,,29.83,57.47,231.72,,all_diets
7146,Mashed Potatoes And Parsnips,American,main,,28.46,227.57,44.81,,all_diets
7147,Sweet & Smoky Brisket,French,main,,341.99,126.64,446.5,,all_diets
7148,Smooth Guacamole,Mexican,main,,8.77,59.99,23.14,,all_diets
7149,Creamy Broccoli Soup Recipes,American,main,,22.52,56.59,18.39,,all_diets
7150,West Indies Salad,French,main,,83.88,39.07,112.79,,all_diets
7151,Parmesan Shrimp Quesadillas,Mexican,main,,96.53,80.5,75.63,,all_diets
7152,Le Bleu Glacier,World,main,,0.19,5.71,0.05,,all_diets
7153,Roasted Root Vegetable Soup With Grilled Cheese Croutons,American,main,,80.42,267.79,85.29,,all_diets
7154,Glazed Aebleskivers,American,main,,32.85,242.76,64.39,,all_diets
7155,Chocolate-Caramel Angel Food Cake,American,main,,34.76,484.98,95.62,,all_diets
7156,Garlic Cheese Spread,American,main,,266.51,510.79,542.37,,all_diets
7157,Singapore Sling,South East Asian,main,,1.52,99.02,0.39,,all_diets
7158,Slushies For Grownups,World,main,,2.01,85.23,0.78,,all_diets
7159,Kitchen Sink Vegetable Lasagna With Spiced Tofu Cream Sauce,Italian,main,,144.81,168.57,118.63,,all_diets
7160,Gazpacho Of Cucumber And Fennel With Tomato Sorbet Recipe,Mediterranean,main,,16.22,161.66,56.54,,all_diets
7161,Chinese Lions Head Meatballs,Chinese,main,,233.08,260.15,243.08,,all_diets
7162,Maui'S Hot Dog Soprano,American,main,,25.56,19.2,67.0,,all_diets
7163,Extra-Crispy Lasagna,Italian,main,,221.61,261.56,202.3,,all_diets
7164,Test Pilot,World,main,,0.09,20.31,0.07,,all_diets
7165,Pineapple Sage Mojito,World,main,,0.87,20.62,0.71,,all_diets
7166,Danish Hakkebøf With Soft Onions - Hakkebøf Med Bløde Løg,Nordic,main,,25.53,50.33,40.86,,all_diets
7167,Indian-Spiced Cashews,American,main,,26.32,78.92,70.76,,all_diets
7168,Zagorski Å¡Trukli,American,main,,156.71,210.95,292.55,,all_diets
7169,Ultra Creamy Mashed Potatoes,American,main,,45.32,217.52,71.01,,all_diets
7170,Anaheim Shrimp Scampi,Chinese,main,,125.48,102.63,151.58,,all_diets
7171,Chocolate Coeurs A La Creme,French,main,,31.19,180.37,229.52,,all_diets
7172,The Singapore Sling,South East Asian,main,,0.28,20.08,0.14,,all_diets
7173,Shallot Parsley Dip,American,main,,22.8,20.99,19.91,,all_diets
7174,Roti With Curried Filling,Indian,main,,50.34,204.19,22.93,,all_diets
7175,Roasted Raw Bananas,American,main,,8.11,80.46,75.44,,all_diets
7176,Grilled Breadsticks,American,main,,4.36,14.07,12.97,,all_diets
7177,Test Pilot Recipe,World,main,,0.06,10.68,0.01,,all_diets
7178,Kastel'S Pumpkin Punch Cocktail Recipe,American,main,,0.48,19.07,0.18,,all_diets
7179,Shrimp Scampi,Italian,main,,162.42,401.28,113.57,,all_diets
7180,Strawberry-Pecan Quick Bread,American,main,,35.86,387.64,106.1,,all_diets
7181,Spinach And Feta Puff Pastry Bites,Mediterranean,main,,27.72,36.65,36.38,,all_diets
7182,Christmas Egg Pie,American,main,,130.01,52.81,161.37,,all_diets
7183,Drunken Cranberry-Orange Relish,World,main,,4.94,230.76,5.56,,all_diets
7184,Thai Iced Tea Ice Cream,South East Asian,main,,55.92,248.18,145.6,,all_diets
7185,Absinthe And Old Lace Cocktail Recipe,American,main,,3.19,17.14,5.47,,all_diets
7186,Candy Corn Trifle,British,main,,51.1,734.24,112.55,,all_diets
7187,The Pink Drink,World,main,,2.87,52.66,0.6,,all_diets
7188,Manhattan Ice Cream Float,American,main,,26.99,198.89,146.97,,all_diets
7189,Cuban Pulled Pork Tacos,Mexican,main,,278.39,72.47,287.15,,all_diets
7190,Campbell'S Classic Green Bean Casserole,South East Asian,main,,25.26,147.27,63.74,,all_diets
7191,Acorn Squash Fondue,French,main,,71.36,81.84,191.57,,all_diets
7192,"Twice Baked Sweet Potatoes With Rosemary, Gruyere And Coffee Spiced Pecans",American,main,,14.69,85.49,46.72,,all_diets
7193,Prosciutto-Wrapped Shrimp With Bourbon Barbecue Sauce Recipes,American,main,,83.39,95.48,45.97,,all_diets
7194,The Bijou,World,main,,0.03,5.34,0.04,,all_diets
7195,Pork Chops With Peach Salsa,Mexican,main,,169.44,44.83,73.07,,all_diets
7196,Iceberg Salad With Benihana Ginger Dressing,Mediterranean,main,,11.46,57.99,55.89,,all_diets
7197,Quesadillas,Mexican,main,,120.6,295.0,177.32,,all_diets
7198,Seared Salmon,Nordic,main,,81.1,1.38,59.35,,all_diets
7199,Shaved Brussels Sprouts Salad,American,main,,21.91,69.71,44.26,,all_diets
7200,Stir-Fried Beef With Tomato And Basil,Chinese,main,,60.87,41.45,75.79,,all_diets
7201,Seared Salmon With Cinnamon And Chili Powder,Nordic,main,,81.1,1.38,59.35,,all_diets
7202,Pumpkin-Swirl Cheesecake,American,main,,116.18,1331.1,374.13,,all_diets
7203,Spinach-Artichoke Potato Topper,Mediterranean,main,,19.57,115.32,67.56,,all_diets
7204,Basil Butter Broiled Oysters,American,main,,115.45,63.68,119.49,,all_diets
7205,East India Cocktail,American,main,,0.08,10.95,0.02,,all_diets
7206,Au Gratin Potatoes (Scalloped Potatoes),French,main,,89.15,279.78,129.73,,all_diets
7207,Asian Salmon Burgers With Grilled Scallions Recipes,Nordic,main,,95.73,13.53,81.57,,all_diets
7208,Quick Chicken Chasseur,American,main,,185.75,32.21,158.22,,all_diets
7209,Cilantro Grilled Chicken Breast,Mediterranean,main,,105.17,13.32,132.24,,all_diets
7210,Roasted Brussels Sprouts And Chestnuts,American,main,,26.1,140.25,33.81,,all_diets
7211,Firecracker Chicken,American,main,,179.41,42.81,82.87,,all_diets
7212,Grandma Dora’S Chopped Liver,Kosher,main,,108.64,19.45,75.73,,all_diets
7213,Smoked Tuna Dip,American,main,,47.69,2.4,15.61,,all_diets
7214,Savory Green Apple Salad,American,main,,4.25,29.14,19.39,,all_diets
7215,Blue Cheese Turkey Rolls,American,main,,30.85,3.56,31.32,,all_diets
7216,Blackberry Mary,World,main,,1.19,17.3,0.35,,all_diets
7217,Chicken Stir Fry,Chinese,main,,124.52,11.77,42.06,,all_diets
7218,Decadent Skinny Slaw,American,main,,8.93,54.21,45.49,,all_diets
7219,Pasion Andina,World,main,,0.69,27.55,0.22,,all_diets
7220,Mellow Yellow Spaghetti Squash Casserole,Italian,main,,65.58,267.24,43.81,,all_diets
7221,El Chupacabra,Mediterranean,main,,4.02,54.42,0.82,,all_diets
7222,Quick Tomato Soup With Cheesy Garlic Dippers,American,main,,41.38,87.13,41.62,,all_diets
7223,Quinoa And Black Eyed Pea Salad,American,main,,30.28,151.97,39.21,,all_diets
7224,Gentlemen'S Relish Recipe,British,main,,67.75,2.34,206.23,,all_diets
7225,Corn Fritters A La New England,American,main,,27.97,159.14,20.77,,all_diets
7226,Louisiana Crab Cakes,French,main,,44.18,47.47,26.8,,all_diets
7227,Lemony Kale And Roasted Mushroom Salad With Pecans Recipes,American,main,,31.75,83.78,100.03,,all_diets
7228,Agave Teriyaki Salmon And Brown Rice,Nordic,main,,225.47,399.61,133.27,,all_diets
7229,"Purple Sprouting Broccoli, Poached Eggs & Hollandaise",French,main,,71.55,164.24,194.83,,all_diets
7230,Sweet 'N' Sassy Grilled Flank Steak,American,main,,169.61,27.33,78.02,,all_diets
7231,Rum-Raisin Rice Pudding,British,main,,21.66,175.77,25.54,,all_diets
7232,Chipotle Flourless Chocolate Cake Recipes,Mexican,main,,44.5,395.17,189.79,,all_diets
7233,Mini Ginger Latkes With Dipping Sauce,Italian,main,,35.33,118.37,16.72,,all_diets
7234,Butternut Squash And Bacon Bloody Mary,American,main,,2.09,19.71,0.57,,all_diets
7235,Seared Salmon With Cinnamon And Chile Powder,Nordic,main,,81.1,1.38,59.35,,all_diets
7236,Smoked Salmon Spread,Nordic,main,,43.65,13.74,106.8,,all_diets
7237,Egg Fried Rice With Tomatoes,Chinese,main,,34.1,111.44,45.35,,all_diets
7238,My Family’S Noodle Kugel,Asian,main,,208.36,757.6,114.75,,all_diets
7239,Chile Hold The Beans Add The Vegs,Mexican,main,,117.27,71.13,26.36,,all_diets
7240,Low-Fat Warm Eggnog,British,main,,31.97,105.23,14.15,,all_diets
7241,Guinness Float,American,main,,29.8,130.28,127.51,,all_diets
7242,Shrimp Scampi For The Feast Of The Fishes,South East Asian,main,,108.98,87.19,192.62,,all_diets
7243,Eggs Benedict Recipes,American,main,,86.48,58.51,159.2,,all_diets
7244,Edible Pantries Recipe,World,main,,0.01,2.55,0.0,,all_diets
7245,Slow-Cooked Swedish Meatballs,Nordic,main,,175.53,319.14,129.57,,all_diets
7246,Raw Chocolate Mousse,American,main,,14.37,132.29,62.11,,all_diets
7247,Caesar Salad,American,main,,66.86,123.94,247.55,,all_diets
7248,Easy Green Bean Casserole,Italian,main,,21.41,139.31,58.84,,all_diets
7249,Grilled Shrimp With Olives And Feta,Mediterranean,main,,67.66,9.4,70.22,,all_diets
7250,"Roasted Chicken Butternut Squash, Potatoes And Leeks",American,main,,49.4,116.2,26.29,,all_diets
7251,Don'T Be Sour,French,main,,2.96,21.57,0.1,,all_diets
7252,Guy Fieri'S Fried Plantains With Sweet Heat,South American,main,,11.84,206.46,120.46,,all_diets
7253,Beef And Vegetable Kabob,Middle Eastern,main,,98.58,18.15,87.59,,all_diets
7254,Sweet & Spicy Roasted Carrots,South American,main,,6.09,76.45,30.24,,all_diets
7255,"Easy, Lemony Chicken & Rice Soup With Dill",Japanese,main,,200.16,277.52,67.05,,all_diets
7256,Moist And Savory Stuffing,American,main,,61.47,343.49,21.05,,all_diets
7257,Apple-Bacon Egg Bake,American,main,,43.18,48.95,76.63,,all_diets
7258,Balsamic-Glazed Scallops,Mediterranean,main,,83.39,33.31,49.65,,all_diets
7259,Grilled Mango And Marinated Sirloin Kebabs,American,main,,115.86,96.18,25.33,,all_diets
7260,Caesar Dressing Recipes,American,main,,12.08,6.85,64.18,,all_diets
7261,Hot Artichoke-Parmesan Spread,Mediterranean,main,,70.23,52.11,60.7,,all_diets
7262,"Spicy, Smoky Homemade Kale Chips",South American,main,,11.21,23.5,36.59,,all_diets
7263,Classic Chicken Salad Recipes,American,main,,26.47,2.52,28.67,,all_diets
7264,Pad See Ew,South East Asian,main,,28.98,155.63,65.99,,all_diets
7265,Lime-Glazed Angel Food Cake,American,main,,34.65,596.87,15.97,,all_diets
7266,Lobster With Thermidor Butter,American,main,,70.84,21.45,128.56,,all_diets
7267,Roasted Tomato Hummus,Mediterranean,main,,42.35,128.35,50.71,,all_diets
7268,Sauteed Fiddlehead Ferns,French,main,,25.99,32.7,29.31,,all_diets
7269,Spicy Green Bean Salad,Mediterranean,main,,20.84,120.41,47.94,,all_diets
7270,Drinking In Season: Cranberry Crush Recipe,American,main,,0.44,218.38,0.13,,all_diets
7271,Lemon Linguine Recipes,Italian,main,,73.7,184.16,57.89,,all_diets
7272,Himalayan Salt Bowl Chocolate Fondue Recipe,Italian,main,,34.66,246.9,186.26,,all_diets
7273,Caesar Brussels Sprouts Salad With Almonds,American,main,,22.56,39.91,35.15,,all_diets
7274,Quinoa Eetch (Red Quinoa Tabouli),Middle Eastern,main,,35.52,169.51,28.17,,all_diets
7275,Strawberry Love Dessert And Its Coconut Cream,French,main,,16.52,119.84,76.99,,all_diets
7276,Chocolate And Berry-Covered Meringue,American,main,,21.74,252.41,15.87,,all_diets
7277,Chinese Vegetarian Chicken,Chinese,main,,39.62,67.92,56.91,,all_diets
7278,"Sautè Of Liver, Bacon, And Shallots",Central Europe,main,,103.84,59.26,145.62,,all_diets
7279,Classic Canadian Bacon Eggs Benedict Recipes,American,main,,58.98,34.73,155.33,,all_diets
7280,Chipotle Flourless Chocolate Cake,Mexican,main,,44.5,395.17,189.79,,all_diets
7281,Roasted Fig Cocktail Recipe,Mediterranean,main,,5.0,135.28,1.88,,all_diets
7282,Lemony Prawns & Avocado,British,main,,187.4,413.56,190.68,,all_diets
7283,Apple And Cashew Spread Sandwich,Mediterranean,main,,15.98,54.71,33.77,,all_diets
7284,Sweet Heat Green Beans,South East Asian,main,,7.14,35.39,24.66,,all_diets
7285,Baked Rice And Cheese,American,main,,149.2,594.04,152.41,,all_diets
7286,Party Cheese Ball,American,main,,66.98,27.37,196.47,,all_diets
7287,Cold Japanese Soba Noodles With Green Onion,Asian,main,,38.9,150.13,9.94,,all_diets
7288,Ginger-Glazed Grilled Carrot And Pea Shoot Salad,South American,main,,7.59,73.68,28.64,,all_diets
7289,Fried Ham And Cheese Sandwich,Italian,main,,94.87,36.26,157.3,,all_diets
7290,The Chicago Hot Dog,American,main,,12.32,38.71,14.84,,all_diets
7291,Chipotle-Honey Roast Cauliflower With Basil,Mediterranean,main,,13.16,90.45,43.85,,all_diets
7292,Lump Crab Cakes From Bowens Island,American,main,,94.81,57.85,131.8,,all_diets
7293,Caramelised Apple Cake With Cointreau Custard,American,main,,56.46,389.76,159.32,,all_diets
7294,Cheddar And Pumpkin-Seed Oatcakes,Mediterranean,main,,43.5,92.78,61.37,,all_diets
7295,Pimento Cheese Recipes,South American,main,,57.05,16.17,166.2,,all_diets
7296,Pesto Cottage Cheese Dip,American,main,,86.52,298.87,131.06,,all_diets
7297,Fresh Raspberry Lemon Cheesecake Tart,American,main,,34.42,314.07,177.51,,all_diets
7298,Fig-Pecan Macaroons,American,main,,18.18,249.45,78.93,,all_diets
7299,Cilantro Chicken Milanese With Raita Recipes,American,main,,132.73,97.51,89.35,,all_diets
7300,Fig & Squash Blossom Salad,Mexican,main,,6.35,30.01,46.25,,all_diets
7301,Garlic Cheese Bread,Italian,main,,196.95,173.29,393.45,,all_diets
7302,Cheater Baked Beans,American,main,,50.04,263.64,37.63,,all_diets
7303,Grilled Plum & Strawberry Skewers With Sweet Mint Pesto,American,main,,8.83,56.42,24.92,,all_diets
7304,East Of Ireland Recipe,American,main,,1.32,331.48,1.09,,all_diets
7305,Memphis Magic,American,main,,3.89,39.52,35.41,,all_diets
7306,“Gypsy” Celebration Soup,South American,main,,79.32,295.36,55.55,,all_diets
7307,Sugar Biscuits Recipes,American,main,,50.63,938.69,301.03,,all_diets
7308,The Blood Orange Marmalade Sour,World,main,,1.68,25.24,0.08,,all_diets
7309,Spiced Butternut Soup With Crab,South American,main,,52.77,79.05,8.49,,all_diets
7310,Summer Spaghetti,Italian,main,,89.64,160.8,82.64,,all_diets
7311,Honey-Orange Marshmallows,American,main,,72.31,648.5,12.14,,all_diets
7312,Fresh Strawberry Ice Cream,American,main,,21.66,216.5,191.25,,all_diets
7313,Roasted Cumin-Rubbed Snapper,Mediterranean,main,,123.34,66.65,66.84,,all_diets
7314,Strawberry Yogurt Tartelette,American,main,,48.96,185.03,50.98,,all_diets
7315,Carmelized Onion With Bacon And Green Apple Dip/Spread,American,main,,22.08,49.91,91.59,,all_diets
7316,Frosted Cauliflower Recipe,American,main,,32.93,20.61,112.92,,all_diets
7317,Shrimp Toast,French,main,,120.65,391.69,83.07,,all_diets
7318,Black Skillet Cornbread,American,main,,72.12,264.58,101.56,,all_diets
7319,The Awesome-Est Blueberry Muffins,American,main,,18.65,286.51,135.67,,all_diets
7320,Frog Legs With Garlic And Parsley,French,main,,89.79,6.43,21.01,,all_diets
7321,Maple Water Golden Milk,American,main,,0.41,4.7,27.34,,all_diets
7322,Cranberry-Almond Green Salad With Honey Mustard Vinaigrette Recipes,American,main,,22.64,20.37,196.99,,all_diets
7323,Scallops Beurre Blanc,French,main,,19.13,25.49,102.68,,all_diets
7324,Spiced-Pomegranate Poached Pears,American,main,,6.72,108.36,20.4,,all_diets
7325,Alexander Mccream Spiced Pumpkin Ice Cream,American,main,,15.35,136.14,59.35,,all_diets
7326,Orange Sling,French,main,,0.35,40.21,0.33,,all_diets
7327,Viewing Party Cocktail: A Brief History Of Thyme,World,main,,0.6,11.19,0.29,,all_diets
7328,Deviled ‘Guacamole’ Eggs Dip,South American,main,,46.05,15.74,64.83,,all_diets
7329,Hot Roast Beef Sandwiches,American,main,,254.49,291.71,260.4,,all_diets
7330,Funky Monkey Parfaits,French,main,,32.04,381.37,60.28,,all_diets
7331,Salmon Ceviche With Avocado And Ginger Recipe,Nordic,main,,74.69,31.41,75.43,,all_diets
7332,Apple Injected Smoked Pork,Mediterranean,main,,422.8,112.22,300.14,,all_diets
7333,Fudge Cake,American,main,,66.2,508.28,342.13,,all_diets
7334,Peach And Cardamon Crisp,American,main,,11.19,171.65,48.76,,all_diets
7335,Chorizo-And-Cilantro Eggs,Mediterranean,main,,71.88,7.22,159.5,,all_diets
7336,Blood Mary Pickles,World,main,,6.64,43.62,1.55,,all_diets
7337,"Stuffed Red Peppers ,Creole.",American,main,,26.61,84.66,41.17,,all_diets
7338,Red Hot Apple Pie In A Mug,French,main,,6.73,121.93,42.92,,all_diets
7339,Flourless Chocolate Cake,American,main,,57.67,392.69,297.45,,all_diets
7340,Sweet-And-Spicy Yogurt,Mediterranean,main,,21.83,14.19,15.88,,all_diets
7341,Cucumber Dill Yogurt Salad Recipes,American,main,,16.59,56.3,9.33,,all_diets
7342,Heirloom Tomato With Mango Vinaigrette On A Toasted Baguette,American,main,,75.82,261.78,138.47,,all_diets
7343,Homegrown Microgreens Salad Recipes,American,main,,9.83,36.62,47.89,,all_diets
7344,Tomatillo Corn Salsa Recipe,South American,main,,4.85,35.43,2.54,,all_diets
7345,Eat For Eight Bucks: Roasted Tomato Quesadillas With Cilantro Cream Recipe,Mexican,main,,47.77,95.1,93.53,,all_diets
7346,Balsamic Onion And Thyme Carrots,American,main,,6.59,66.0,28.25,,all_diets
7347,Sneaky Stovetop Mac ’N‘ Cheese,American,main,,138.13,224.79,151.29,,all_diets
7348,Butternut Bowl O' Soup,South American,main,,23.21,151.88,15.54,,all_diets
7349,Thai Turkey Noodle Soup,American,main,,162.99,246.95,80.25,,all_diets
7350,Charleston Bread Pudding With Whiskey-Soaked Raisins,British,main,,70.01,544.27,129.05,,all_diets
7351,"Roast Beef, Arugula, And Pickled Onion Wrap",American,main,,19.61,46.91,10.93,,all_diets
7352,Honey-Pear Pizza,Italian,main,,37.72,183.99,64.54,,all_diets
7353,Bloody Marys,French,main,,10.36,42.54,2.9,,all_diets
7354,Pimento Cheese,South American,main,,132.27,48.53,232.39,,all_diets
7355,Sauteed Bananas With Tangy Sweet Cream,American,main,,7.59,166.29,34.2,,all_diets
7356,Marinated Zucchini & Tomato Lasagna With Cashew Herb Cheese Recipes,Italian,main,,35.64,80.72,78.88,,all_diets
7357,Breakfast Burritos For 2,Mexican,main,,53.78,66.4,66.15,,all_diets
7358,Balsamic Mushroom Quinoa,South American,main,,27.03,136.63,37.38,,all_diets
7359,Roasted Garlic Aioli,Mediterranean,main,,15.48,49.44,190.19,,all_diets
7360,Garlic Cheese Bread Recipes,Italian,main,,196.95,173.29,393.45,,all_diets
7361,Pumpkin Flip,American,main,,2.97,23.78,0.91,,all_diets
7362,Game Day Bbq Chicken Pizzettes Recipes,American,main,,165.63,496.59,474.25,,all_diets
7363,Swiss Chard Tzatziki (Yogurt Dip) Recipes,Mediterranean,main,,22.94,90.83,31.37,,all_diets
7364,The Pit Authentic Barbecue'S Coleslaw,Central Europe,main,,13.75,89.28,252.18,,all_diets
7365,Vegetarian Pad See Ew,South East Asian,main,,28.98,155.63,65.99,,all_diets
7366,Italian Pork And Pepper Stew ~ Crock Pot Style,Italian,main,,187.76,64.41,116.05,,all_diets
7367,Baby Vegetable Antipasto,Italian,main,,38.01,117.57,38.46,,all_diets
7368,My Crumble Topping,American,main,,12.21,159.36,63.06,,all_diets
7369,Leftover-Babka Bread Pudding Recipe,British,main,,77.22,342.09,144.45,,all_diets
7370,End Of Summer Golden Gazpacho,Italian,main,,38.72,203.87,90.84,,all_diets
7371,Two Turtledoves Cocktail Recipe,American,main,,1.72,163.83,1.87,,all_diets
7372,Salmon Blt,Nordic,main,,94.29,128.53,134.93,,all_diets
7373,Quinoa Stuffed Zucchini,Mediterranean,main,,28.09,116.91,74.06,,all_diets
7374,Smoked Salmon Potato Nests,Nordic,main,,19.77,42.04,52.16,,all_diets
7375,Du Barry Chocolate Cake,American,main,,49.1,298.95,337.55,,all_diets
7376,Mai Tai,World,main,,0.49,16.72,0.14,,all_diets
7377,Spinach Salad With Warm Bacon Dressing Recipes,American,main,,54.64,34.66,132.98,,all_diets
7378,Asian Chicken Meatballs,South East Asian,main,,92.17,29.28,70.63,,all_diets
7379,Fried Deviled Eggs,South East Asian,main,,95.46,145.3,237.92,,all_diets
7380,Candied Orange Slices With Ganache Dipping Sauce,American,main,,6.14,978.63,26.75,,all_diets
7381,Pan-Fried Smoked Salmon With Green Beans & Chives,Nordic,main,,38.53,79.65,63.01,,all_diets
7382,Sensational Chicken Noodle Soup,Asian,main,,62.76,54.19,21.87,,all_diets
7383,Spaghetti With Homemade Canned Tomatoes,Italian,main,,75.56,407.06,47.01,,all_diets
7384,Grilled Peaches With Honey Cream,American,main,,18.55,114.81,40.04,,all_diets
7385,Spinach And Bacon Quiche,French,main,,146.22,201.45,270.74,,all_diets
7386,Marcie'S Aioli Recipe,American,main,,8.77,25.98,129.22,,all_diets
7387,Turkey Re-Hash,American,main,,303.67,566.02,183.75,,all_diets
7388,Shredded Beef With Red Jalapeno Peppers,American,main,,61.78,34.25,75.4,,all_diets
7389,Ginger Cran Apple Upside Down Cake,British,main,,38.62,403.47,109.64,,all_diets
7390,Mega Egga Macaroni Salad,American,main,,191.16,689.16,625.54,,all_diets
7391,Spanish Baked Chicken,Mediterranean,main,,228.28,87.12,285.21,,all_diets
7392,Grilled Hanging Tenderloin,American,main,,39.63,28.81,48.1,,all_diets
7393,"Oysters With Creme Fraiche, Lemon, And Tarragon",French,main,,16.31,17.86,26.95,,all_diets
7394,Blueberry Pie Sundaes,American,main,,40.69,218.37,19.61,,all_diets
7395,Potato Latkes Made Simple: A Twitter Recipe,Kosher,main,,31.55,110.84,118.28,,all_diets
7396,Green Bean Casserole,American,main,,38.7,146.44,4.81,,all_diets
7397,Crispy Pan-Fried Chicken With Ranch Dipping Sauce,American,main,,36.92,34.66,54.64,,all_diets
7398,Amalfi Style Shrimp,Mediterranean,main,,103.99,68.59,33.41,,all_diets
7399,Quick Quarter-Pounders,Mediterranean,main,,120.63,35.91,66.3,,all_diets
7400,Light Lemon Mayonnaise,Mediterranean,main,,5.63,2.76,167.25,,all_diets
7401,Four-Onion Pizza With Goat Cheese,Italian,main,,52.32,201.89,100.59,,all_diets
7402,Tabbouleh With Persimmons And Almonds Recipes,Middle Eastern,main,,27.0,110.27,69.26,,all_diets
7403,Pasta Pomodoro,Italian,main,,26.9,134.36,88.3,,all_diets
7404,Spiked Hot Chocolate,American,main,,29.23,177.05,72.21,,all_diets
7405,"Lemony Green Bean Salad With Feta, Red Onion, And Marjoram",Mediterranean,main,,25.7,46.68,79.5,,all_diets
7406,Quick Cajun Chicken Alfredo,American,main,,231.28,506.64,194.97,,all_diets
7407,Stuffed Acorn Squash,American,main,,105.52,384.43,120.66,,all_diets
7408,Orange Roughy With Parmesan And Green Onions,Italian,main,,139.15,5.86,103.46,,all_diets
7409,Poc Chuc,Mediterranean,main,,147.72,34.08,67.33,,all_diets
7410,Macaroni And Cheese Waffles Recipe,Italian,main,,204.41,419.87,229.87,,all_diets
7411,Almond-Crusted Tilapia,Mediterranean,main,,78.56,19.76,39.02,,all_diets
7412,Garden Vegetable Quiche,French,main,,60.6,159.55,109.18,,all_diets
7413,Halibut With Ginger & Cilantro,American,main,,138.95,207.71,15.9,,all_diets
7414,Bacon-Broccoli Quiche Cups,French,main,,39.39,10.05,68.11,,all_diets
7415,Crab Cake Blt,American,main,,138.95,233.26,479.88,,all_diets
7416,Baked Crabcakes Recipe,American,main,,86.41,31.56,59.05,,all_diets
7417,Shrimp Spaghetti And Asparagus Pesto,Italian,main,,187.85,288.56,100.95,,all_diets
7418,Crema De Frijol (Spicy Cream Of Black Bean),Mexican,main,,183.4,568.12,29.72,,all_diets
7419,Browned Butter Bananas With Toasted Pecans,American,main,,9.74,149.0,72.34,,all_diets
7420,Fried Plantains With Sweet Heat,South American,main,,11.85,206.52,120.48,,all_diets
7421,Spicy Chili Chocolate Tofu Fries,Asian,main,,45.52,36.7,33.35,,all_diets
7422,"Turkey, Apple And Havarti Sandwich",American,main,,29.61,34.92,25.63,,all_diets
7423,"Grilled Chicken, Mango And Jicama Salad With Tequila-Lime Vinaigrette",Mexican,main,,246.15,112.35,77.7,,all_diets
7424,Chicken Stuffed With Spinach And Feta Recipes,Mediterranean,main,,136.76,10.28,46.96,,all_diets
7425,Slow-Cooker Italian Beef Sandwiches,Italian,main,,47.16,18.98,22.67,,all_diets
7426,Pomato Ricotta Salad,Mediterranean,main,,17.93,87.45,13.46,,all_diets
7427,Wedge Salad Dippers,American,main,,31.66,27.84,214.78,,all_diets
7428,Beet Pizza With Caramelized Onions And Goat Cheese,Italian,main,,35.43,159.53,72.93,,all_diets
7429,Mama Mia!,Italian,main,,96.96,271.73,87.05,,all_diets
7430,Vanilla And Chocolate Tuiles,American,main,,15.19,105.42,47.49,,all_diets
7431,"Stella! (Gin Fizz With Cointreau, Orange Juice & Orange Flower Water)",World,main,,2.35,9.79,10.59,,all_diets
7432,Creamy Avocado Pasta,Italian,main,,62.16,288.86,111.61,,all_diets
7433,Blackberry Cobbler,American,main,,26.87,245.56,55.54,,all_diets
7434,Cranberry-And-Sweet Potato Bake,American,main,,24.95,424.78,47.33,,all_diets
7435,Beef & Vegetable Casserole,French,main,,124.13,62.52,105.02,,all_diets
7436,Creamy Cheddar Soup,American,main,,34.58,91.19,181.05,,all_diets
7437,Petite Vanilla Bean Scones,British,main,,54.95,738.21,262.12,,all_diets
7438,Green With Envy,World,main,,0.78,17.57,0.27,,all_diets
7439,Gougères,American,main,,120.01,122.01,143.68,,all_diets
7440,Strawberries Tuiles,British,main,,44.73,294.32,163.68,,all_diets
7441,Pan-Seared Shrimp With Rosemary Spaghetti Squash,Mediterranean,main,,36.25,16.92,10.94,,all_diets
7442,The Awesome-Est Blueberry Muffins Recipes,American,main,,18.65,275.33,135.67,,all_diets
7443,Bulgur With Steak And Chickpeas,Middle Eastern,main,,20.12,40.09,20.02,,all_diets
7444,Deep-Fried Guacamole,Mexican,main,,17.21,122.67,180.51,,all_diets
7445,Ramos Gin Fizz,World,main,,4.13,13.39,1.73,,all_diets
7446,Sardines And Fennel,Italian,main,,35.0,36.49,32.48,,all_diets
7447,Broccoli Cheese Soup Recipes,American,main,,239.95,319.04,333.96,,all_diets
7448,Roasted Horseradish Hummus,Mediterranean,main,,95.93,286.79,84.42,,all_diets
7449,Simple Grilled Beef With Rosemary,South American,main,,247.34,21.15,72.77,,all_diets
7450,Fritto Del' Orto - Carbonated Water Batter,Italian,main,,107.54,766.4,87.63,,all_diets
7451,Chicken Bulgur Pilaf,Mediterranean,main,,296.78,342.32,322.5,,all_diets
7452,Spicy Spaghetti,French,main,,133.45,382.41,154.24,,all_diets
7453,Steak Fajitas With Avocado Lime Crema,Mexican,main,,1.85,8.83,1.8,,all_diets
7454,Concord Cocktail,American,main,,0.99,220.27,0.37,,all_diets
7455,Best Tuna Salad,Mediterranean,main,,77.94,41.53,30.14,,all_diets
7456,Piquant Potatoes,Mediterranean,main,,17.16,133.24,42.08,,all_diets
7457,Chicken Dippers Lunch,Mediterranean,main,,51.68,5.47,25.19,,all_diets
7458,Bay-Scented Vanilla Pudding,British,main,,20.75,110.57,26.23,,all_diets
7459,Almond Potato Puff,French,main,,58.57,147.97,154.35,,all_diets
7460,Lemon Linguine,Italian,main,,73.59,183.61,57.86,,all_diets
7461,Dark Chocolate Orange Cake,French,main,,24.72,166.25,37.84,,all_diets
7462,Mulligatawny Soup,Indian,main,,76.13,178.31,120.07,,all_diets
7463,Crab Canapés With Cumin,Indian,main,,31.1,53.92,19.81,,all_diets
7464,"Baby Artichoke, Parsley, And Celery Salad",Mediterranean,main,,41.56,140.14,75.12,,all_diets
7465,Best-Ever Guacamole,Mexican,main,,14.17,68.1,88.94,,all_diets
7466,Jane'S Crab Cakes,American,main,,180.66,39.65,167.32,,all_diets
7467,"Avocado Tartine With Quail Eggs, Prosciutto & Goat Cheese",Italian,main,,33.69,103.03,33.54,,all_diets
7468,Loaded Baked Potatoes With Broccoli & Cheese,Italian,main,,54.83,144.76,108.95,,all_diets
7469,Lemon Cloud With Strawberry-Mint Compote,Mediterranean,main,,22.05,236.94,17.82,,all_diets
7470,School For Tapas: Alioli Potatoes,American,main,,23.26,152.69,221.96,,all_diets
7471,Vegetables Stacks With Mozzarella And Basil,Italian,main,,65.37,50.09,97.05,,all_diets
7472,Scrambled Egg Burritos,Mexican,main,,36.61,55.52,43.66,,all_diets
7473,Swiss And Mushroom Bbq Burger,French,main,,283.11,228.84,312.78,,all_diets
7474,Houlihan'S Smashed Potatoes,American,main,,36.6,278.59,9.95,,all_diets
7475,Olive Crema,Mediterranean,main,,2.07,13.67,14.29,,all_diets
7476,Soba Noodle Salad With Smoked Duck,Asian,main,,82.95,262.7,195.8,,all_diets
7477,Garlic Lentil Soup,French,main,,58.19,179.51,31.15,,all_diets
7478,Roasted Herb And Garlic Smashed Potato Casserole,French,main,,64.44,175.02,53.03,,all_diets
7479,Curry Chicken Salad Lettuce Wraps,Indian,main,,56.33,42.53,14.11,,all_diets
7480,Freezer Meal Moroccan-Spiced Chickpeas,Middle Eastern,main,,64.69,218.26,39.61,,all_diets
7481,Spiced Carrot Salad,South American,main,,5.53,53.72,10.53,,all_diets
7482,Celery Daisy,World,main,,0.16,7.17,0.05,,all_diets
7483,Blackberry Whole Wheat Coffee Cake Recipe,American,main,,53.24,569.34,85.25,,all_diets
7484,Charleston Cheese Dip,American,main,,94.62,48.36,339.5,,all_diets
7485,Pimento Cheese Potato Skins,American,main,,83.54,163.84,206.78,,all_diets
7486,Mrs Cobb'S Meatloaf,American,main,,142.09,183.21,152.63,,all_diets
7487,Key Lime Pie Ice Cream,American,main,,47.57,258.96,80.3,,all_diets
7488,Swamp Dip,American,main,,25.46,73.28,228.86,,all_diets
7489,Horiatiki Salata (Greek Salad) Recipes,Mediterranean,main,,4.61,13.6,12.27,,all_diets
7490,Zucchini Quiche,French,main,,96.2,65.37,87.78,,all_diets
7491,Breakfast Burrito,Mexican,main,,78.51,156.56,111.0,,all_diets
7492,Yellow Zucchini Tarte Fine On A Yogurt-Based Crust,French,main,,43.88,170.91,88.28,,all_diets
7493,Time For A Drink: Reveillon Cocktail Recipe,World,main,,0.87,10.42,1.23,,all_diets
7494,Bbq Lentils Recipes,American,main,,26.77,127.78,10.4,,all_diets
7495,Lime-Y Veggie Stir-Fry With Crispy Tofu,Asian,main,,28.12,52.02,41.37,,all_diets
7496,Shrimp-Pineapple Skewers,Mediterranean,main,,195.73,176.92,190.56,,all_diets
7497,Potato-And-Rutabaga Gratin,French,main,,65.19,243.04,215.84,,all_diets
7498,Zucchini Custard Bake,Mediterranean,main,,52.26,61.57,81.18,,all_diets
7499,Mocha Silk Pie,American,main,,44.38,534.86,317.66,,all_diets
7500,Chinese Shrimp & Egg Flower Soup (蛋花湯),Chinese,main,,75.51,116.87,43.08,,all_diets
7501,Gluten-Free Roasted Vegetable Lasagna Recipe,Italian,main,,403.63,2772.11,274.51,,all_diets
7502,Sake Ginger Glazed Salmon,Nordic,main,,148.83,74.87,106.95,,all_diets
7503,Baked Bolognese,Italian,main,,220.24,464.83,266.83,,all_diets
7504,Sweet Potato Fries With Avocado “Mayo” Recipes,South American,main,,17.74,176.05,92.39,,all_diets
7505,Bordertown Beef And Bean Torta Recipes,South American,main,,159.3,215.68,180.55,,all_diets
7506,Creamy Bacon Cheese Grits Recipes,American,main,,131.97,294.29,346.82,,all_diets
7507,Essentials: Stuffed Eggs Recipe,Italian,main,,34.91,3.89,277.69,,all_diets
7508,Dreamy Creamy Macaroni And Cheese,American,main,,79.5,156.97,78.18,,all_diets
7509,Soy Roast Duck With Hoisin Gravy,Chinese,main,,135.32,89.31,34.6,,all_diets
7510,Braised Stuffed Tofu,Asian,main,,68.66,40.42,63.62,,all_diets
7511,Blackberry Peach Bread Pudding With Toasted Pecans,British,main,,115.26,679.82,192.89,,all_diets
7512,Myron'S Crab Cocktail,American,main,,186.67,91.39,128.73,,all_diets
7513,Butter Turnip-It-Up Creamy Comfort Soup,French,main,,7.96,46.36,147.53,,all_diets
7514,Sumac-Spiced Eggplant Schnitzel Recipes,Central Europe,main,,58.84,252.2,42.25,,all_diets
7515,Dawn'S Scampi,Italian,main,,182.36,188.74,217.6,,all_diets
7516,Drinking In Season: Spiced And Spiked Blood Orange Cocktail Recipe,American,main,,0.99,223.21,1.0,,all_diets
7517,Spinach And Feta Turnovers,Mediterranean,main,,59.01,224.63,156.0,,all_diets
7518,Minced Beef Pie,American,main,,129.95,203.97,285.17,,all_diets
7519,Kale-Ing Your Way Through Meatless Monday Recipes,Mediterranean,main,,125.51,532.14,128.21,,all_diets
7520,Broccoli Crescent Appetizers,Mediterranean,main,,51.31,137.46,36.24,,all_diets
7521,Chocolate Lava Cakes With Pistachio Cream,American,main,,70.17,462.65,101.81,,all_diets
7522,Tomato Basil Sandwich With Feta Aioli,Mediterranean,main,,8.84,31.82,9.76,,all_diets
7523,Easy Kalamata Hummus Recipe,Mediterranean,main,,46.6,125.28,95.83,,all_diets
7524,Chickadee - Spinach And Chick Peas,South American,main,,48.14,144.05,30.19,,all_diets
7525,S'Mores Martini,American,main,,25.55,204.33,42.22,,all_diets
7526,Blueberry Almond Rum Cake,American,main,,69.75,630.1,365.2,,all_diets
7527,Plum And Berry Crumble,American,main,,23.5,295.77,107.02,,all_diets
7528,Blue Cheese & Berry Tossed Salad,American,main,,38.01,45.54,212.73,,all_diets
7529,Herb Meatballs With Maple Sweet And Sour,American,main,,136.57,118.71,164.0,,all_diets
7530,Stuffed 'N Squashed Mushroom Foil Pack,Mediterranean,main,,24.47,20.31,18.3,,all_diets
7531,Southern Barbecue Bowl,American,main,,29.03,99.62,28.99,,all_diets
7532,Ham-Broccoli Strata,American,main,,140.21,137.64,106.47,,all_diets
7533,Sunday Brunch: Deviled Kidneys On Toast Recipe,French,main,,320.79,164.51,82.22,,all_diets
7534,My Family’S Noodle Kugel Recipes,Asian,main,,210.34,891.81,115.2,,all_diets
7535,Cream Of Cauliflower Or Broccoli Soup,American,main,,44.84,60.7,97.28,,all_diets
7536,Middle Eastern Eggplant Salad,Middle Eastern,main,,10.59,58.25,56.07,,all_diets
7537,Spanish Baked Chicken Recipes,Mediterranean,main,,228.28,87.12,285.21,,all_diets
7538,"Pistachio, Golden Raisin, Cardamom-Scented Pilaf",Mediterranean,main,,32.36,208.39,25.57,,all_diets
7539,Lavender-Chamomile Tequila,American,main,,0.71,143.0,0.38,,all_diets
7540,Dreamy Apple Pie,American,main,,26.85,422.09,246.43,,all_diets
7541,Beef And Mushroom Cobbler,French,main,,88.64,129.87,94.59,,all_diets
7542,Borscht,French,main,,22.55,60.76,24.55,,all_diets
7543,Little Neck Clams With Sungold Tomatoes,South American,main,,79.37,169.99,58.91,,all_diets
7544,Lasagna Grilled Cheese,Italian,main,,58.51,80.45,76.09,,all_diets
7545,Quinoa-Stuffed Acorn Squash Recipes,Mexican,main,,55.63,243.6,49.09,,all_diets
7546,Apple Camembert Salad,Mediterranean,main,,15.0,43.27,59.51,,all_diets
7547,Samuel Adams Boston Lager Glazed Early Winter Roots,American,main,,7.58,44.85,93.19,,all_diets
7548,Greek Spaghetti Squash Toss,Mediterranean,main,,20.48,60.8,16.18,,all_diets
7549,Andrew Zimmern’S Hot Crab And Artichoke Dip,Mediterranean,main,,108.01,53.22,159.59,,all_diets
7550,Cold-Poached Trout With Watercress Mayo,British,main,,74.56,57.82,66.87,,all_diets
7551,Baked Apple Rings With Caramel Sauce,American,main,,20.58,267.05,13.55,,all_diets
7552,"Pomegranate, Cranberry & Brie Bruschetta",American,main,,56.15,147.49,58.78,,all_diets
7553,"Lemon Herb Quinoa With Hemp Seeds, Spring Peas, And Basil",South American,main,,47.43,153.89,59.65,,all_diets
7554,Sticky Sesame Wings,Chinese,main,,245.19,56.22,191.61,,all_diets
7555,Nutted Chicken-Rice Noodle Casserole,Asian,main,,123.95,236.09,189.42,,all_diets
7556,Bbq Meatballs,American,main,,160.95,291.62,175.4,,all_diets
7557,Bacon And Egg Sandwiches With Caramelized Onions And Arugula,American,main,,37.52,51.14,75.39,,all_diets
7558,Fresh Fusilli And Prosciutto Di Parma With A Pumpkin Cream Sauce,American,main,,177.51,342.22,275.06,,all_diets
7559,Curried Egg Salad With Mango Chutney Recipes,Indian,main,,32.09,113.28,37.24,,all_diets
7560,Creamy Bacon Cheese Grits,American,main,,131.97,294.29,346.82,,all_diets
7561,Barbecue Baked Onion Rings,American,main,,32.23,190.67,33.66,,all_diets
7562,Bordertown Beef And Bean Torta,Mediterranean,main,,159.3,215.68,180.55,,all_diets
7563,Broccoli Shrimp Alfredo,Italian,main,,182.84,391.59,209.82,,all_diets
7564,Old-Time Beef Stew,American,main,,200.99,61.12,72.78,,all_diets
7565,Collard Greens Braised In Coconut Milk,South American,main,,21.76,46.18,52.82,,all_diets
7566,Chicken Salad With Apples And Cranberries,American,main,,73.48,192.44,123.08,,all_diets
7567,Classic Potato Latkes,Kosher,main,,28.31,199.21,60.18,,all_diets
7568,Kentucky Hot Brown Recipe,American,main,,123.28,69.8,298.59,,all_diets
7569,"Smoked Trout Salad With Apples, Fennel And Creamy Horseradish Dressing",Mediterranean,main,,13.51,56.2,73.46,,all_diets
7570,Marinated Flank Steak With Blue Cheese Sauce,American,main,,131.23,25.4,83.55,,all_diets
7571,Crab And Avocado Mimosa Recipes,British,main,,55.88,47.19,101.47,,all_diets
7572,Ultimate Mashed Potatoes,American,main,,75.03,360.54,129.02,,all_diets
7573,Garlic Chive Shrimp Fried Rice With Garlic Chips,Chinese,main,,26.5,95.49,23.71,,all_diets
7574,Noodles For Sunday Brunch,Asian,main,,15.45,31.52,20.69,,all_diets
7575,Lamb Chops With Blood Orange And Mint Compote And Feta Mash Potatos,Mediterranean,main,,55.83,84.18,110.31,,all_diets
7576,Kale And Feta Burrito,Mediterranean,main,,53.53,184.53,32.14,,all_diets
7577,The Last Of The Good Pears Tart,American,main,,16.87,255.14,93.35,,all_diets
7578,Kafta Mishwiyyeh - Lebanese Meatballs,Nordic,main,,177.6,22.82,223.44,,all_diets
7579,Cheese And Bacon Soufflé Recipe,American,main,,124.88,40.01,217.71,,all_diets
7580,Cheesy Bruschetta Chicken,Italian,main,,276.85,23.72,201.23,,all_diets
7581,Butternut Penne With Feta And Pecans,Mediterranean,main,,83.87,421.77,87.9,,all_diets
7582,Roasted Foie Gras With Apple Onion Compote,Mediterranean,main,,43.99,60.12,161.61,,all_diets
7583,Creamy Carrot Soup,French,main,,23.53,126.72,32.81,,all_diets
7584,12Th Man Hot Wings,American,main,,807.03,49.17,649.49,,all_diets
7585,Anything-But-Clementine Clafoutis,French,main,,34.82,237.19,100.71,,all_diets
7586,Deluxe Redeye Gravy With Pork Shoulder Picnic,American,main,,123.97,39.42,124.93,,all_diets
7587,Tuna Melt,American,main,,101.24,72.96,40.45,,all_diets
7588,Grated Carrot Salad (Carottes Râpées),American,main,,9.42,92.42,56.52,,all_diets
7589,Hoisin Pork With Garlic & Ginger Greens,American,main,,120.25,75.21,81.17,,all_diets
7590,Tarragon Corn Recipes,French,main,,17.31,96.28,52.21,,all_diets
7591,Daniel Mancini’S Pasta Fa-Zool! (Fagioli),Italian,main,,144.39,437.36,65.44,,all_diets
7592,Daisy Brand Quiche,French,main,,126.22,144.57,288.43,,all_diets
7593,Eat For Eight Bucks: Curried Yellow Split Pea Soup,American,main,,113.42,328.21,41.12,,all_diets
7594,Coronation Chicken Rolls,South East Asian,main,,81.93,29.04,855.17,,all_diets
7595,Roasted Squash Soup With Turkey Croquettes,American,main,,146.13,268.78,77.29,,all_diets
7596,Pineapple Fried Rice,Chinese,main,,92.1,292.94,63.35,,all_diets
7597,Barbecue Chicken Legs,Mediterranean,main,,1017.25,241.93,1002.07,,all_diets
7598,Big Daddy'S Sloppy Joe Burgers,American,main,,117.28,164.56,118.84,,all_diets
7599,Milky Way Cake,American,main,,78.91,1041.58,401.55,,all_diets
7600,Crab Cakes,Mediterranean,main,,257.31,481.08,424.05,,all_diets
7601,Barbecue Lentils,American,main,,27.17,132.5,14.97,,all_diets
7602,Beet Reuben,American,main,,39.57,57.94,91.25,,all_diets
7603,Roasted Pork And Potatoes With Creamy Applesauce,American,main,,146.79,161.51,49.88,,all_diets
7604,Veal In Savoy Cabbage With Mushroom Sauce,British,main,,330.04,184.29,255.12,,all_diets
7605,Nana'S Chocolate Sheet Cake,American,main,,63.37,1114.02,122.62,,all_diets
7606,"Broccoli, Pancetta, And Parmesan Frittata",Italian,main,,73.47,22.99,69.66,,all_diets
7607,"Bulgur And Freekeh Pilaf With Roasted Butternut Squash, Feta And Parsley",Mediterranean,main,,65.04,281.37,94.95,,all_diets
7608,Black Bean Jalapeno Burritos,Mexican,main,,54.85,258.13,51.91,,all_diets
7609,Prime Angus Beef Short Ribs,American,main,,213.2,146.8,542.99,,all_diets
7610,"Romaine, Celery, And Parmesan Salad",American,main,,14.31,7.08,21.01,,all_diets
7611,Lemon Chiffon Cake Recipe,American,main,,64.76,864.34,201.65,,all_diets
7612,Chipotle Ranch Egg Salad Wraps,American,main,,19.88,59.61,39.48,,all_diets
7613,Creamy Cucumber Chive Cups,Eastern Europe,main,,37.79,46.16,7.48,,all_diets
7614,Pasta Salad With Links,Italian,main,,55.65,179.63,99.26,,all_diets
7615,A Better Mug Cake - From The Oven,French,main,,11.86,90.85,27.46,,all_diets
7616,Sumac-Spiced Eggplant Schnitzel Recipe,Central Europe,main,,58.84,252.2,195.33,,all_diets
7617,Chicken And Avocado Salad,Asian,main,,57.41,114.18,235.61,,all_diets
7618,Bbq Chicken Tacos With Red Cabbage Slaw,Mexican,main,,80.86,173.4,13.31,,all_diets
7619,Fresh Fennel And Red Pepper Chow-Chow,Italian,main,,9.56,156.79,73.52,,all_diets
7620,Jarlsberg® Cheesy Corn Muffins,British,main,,86.85,324.54,221.89,,all_diets
7621,Creamy Clam Chowder,American,main,,106.41,148.0,70.36,,all_diets
7622,Buttery Apple Crumble,British,main,,49.06,528.35,128.98,,all_diets
7623,Sour Cream-Chicken Enchiladas,Mexican,main,,434.75,317.89,312.75,,all_diets
7624,Skillet Steak With Mushroom Sauce,American,main,,99.25,58.82,61.16,,all_diets
7625,Hot Cocoa With Tipsy Peppermint Marshmallows,American,main,,135.35,574.6,52.75,,all_diets
7626,Samuel Adams Octoberfest Soft Pretzel,American,main,,59.75,421.13,33.44,,all_diets
7627,Garlic Cashew Chicken,South American,main,,130.32,54.75,161.96,,all_diets
7628,Salad With Caramelized Fennel And Apples,Mediterranean,main,,23.16,55.26,69.17,,all_diets
7629,Grilled Salmon With Kale Sauté,Nordic,main,,65.86,19.13,42.0,,all_diets
7630,Perfect Guacamole,Mexican,main,,9.64,45.21,59.22,,all_diets
7631,Polish Style Nachos,Mexican,main,,143.73,308.56,260.77,,all_diets
7632,Quick Punjabi Dal Fry,Indian,main,,55.03,152.18,51.74,,all_diets
7633,The Ultimate Cheesecake,American,main,,54.89,433.72,291.48,,all_diets
7634,Crustless Broccoli Quiche,French,main,,55.57,61.83,48.54,,all_diets
7635,Old Fashioned,World,main,,0.12,9.66,0.02,,all_diets
7636,"Grilled Chicken, Mango, And Jicama Salad With Tequila-Lime Vinaigrette",American,main,,247.16,119.4,78.32,,all_diets
7637,Smashed Raspberry Chocolate Chunk Pancakes,American,main,,33.11,160.57,63.97,,all_diets
7638,Aunt Trish'S Salad Dressing,American,main,,16.96,25.42,172.45,,all_diets
7639,"Halibut ""Lobster"" Roll With Green Goddess Slaw",South East Asian,main,,83.48,37.02,41.84,,all_diets
7640,Double Crust Cherry Pie,American,main,,45.17,549.08,201.12,,all_diets
7641,Latke-Maki,Japanese,main,,38.76,321.27,215.81,,all_diets
7642,Sticky Sesame Wings Recipes,Chinese,main,,245.19,56.22,191.61,,all_diets
7643,Spinach-And-Watermelon Salad,Middle Eastern,main,,9.54,71.32,8.83,,all_diets
7644,Rigatoni With Kale Pesto,Italian,main,,100.29,382.32,148.04,,all_diets
7645,Butternut Buttermilk Biscuits,American,main,,47.9,364.29,124.87,,all_diets
7646,Tiny Meat Cakes (Bolos De Carne),Mexican,main,,100.98,26.94,59.47,,all_diets
7647,Hamburger And Macaroni,Italian,main,,135.67,757.61,120.41,,all_diets
7648,Game Day Chicken Wings,American,main,,279.2,21.12,469.5,,all_diets
7649,Goodbye Summer Salad,American,main,,60.48,54.5,102.75,,all_diets
7650,Tomato And Shrimp Stew,American,main,,117.64,153.72,34.16,,all_diets
7651,Mexi-Latkes Recipes,Kosher,main,,31.3,182.24,264.75,,all_diets
7652,Tulsi Tamatar Shorba,Mediterranean,main,,13.74,82.25,38.29,,all_diets
7653,Shrimp “Egg Roll” Stir Fry,Chinese,main,,27.22,22.4,8.0,,all_diets
7654,Gluten-Free Winter Squash Gnocchi Recipes,Italian,main,,19.82,137.94,43.56,,all_diets
7655,Kid Friendly Pasta Salad,American,main,,121.47,282.11,221.64,,all_diets
7656,Southwestern Breakfast Tostadas,American,main,,29.53,47.08,23.4,,all_diets
7657,Elliott'S Easy Chocy Pudding,British,main,,27.26,188.63,86.85,,all_diets
7658,Always Wonderful Refried Bean Dip,Mexican,main,,148.19,436.35,22.94,,all_diets
7659,Grilled Burgers With Curry Mustard,American,main,,83.13,110.24,83.21,,all_diets
7660,Stuffed Potatoes With Mushrooms,Nordic,main,,47.73,263.16,59.28,,all_diets
7661,Grilled Flat Iron Steak With Pistachio Pesto Butter,Italian,main,,175.12,13.27,319.23,,all_diets
7662,Lasagna Bella,Italian,main,,77.58,82.52,45.57,,all_diets
7663,Asian Ketchup – “Cheater Method”,Asian,main,,19.45,146.57,8.88,,all_diets
7664,Lightened-Up Chicken Caesar Platter Recipes,Mediterranean,main,,51.04,26.35,83.95,,all_diets
7665,Individual Cherry Almond Crisps,French,main,,39.22,526.16,342.95,,all_diets
7666,Hot Brown Burgers Recipe,American,main,,146.68,73.99,369.77,,all_diets
7667,Red Wine-Braised Lentils With (Veggie) Sausage,British,main,,53.44,144.3,31.19,,all_diets
7668,Kiddie (Goat) Stew,French,main,,423.02,97.36,131.29,,all_diets
7669,Steak With Smothered Caramelized Onion (Bistec Encebollado),American,main,,192.47,50.95,393.12,,all_diets
7670,Mocha Buttercream Cake Recipes,American,main,,78.6,1166.97,426.07,,all_diets
7671,No-Bake Orange And Cream Pie,American,main,,37.03,425.78,285.12,,all_diets
7672,Chocolate Whiskey Tangerine Pie,American,main,,81.4,533.83,409.52,,all_diets
7673,Posole,American,main,,99.16,83.4,36.92,,all_diets
7674,Tilapia With A Neo-Soul Touch,Mediterranean,main,,87.56,121.6,125.1,,all_diets
7675,Slow Cooker Shredded Pork With 'Skillet Apples',American,main,,255.77,199.43,160.89,,all_diets
7676,Chocolate Waffles With A Fresh Raspberry Syrup,American,main,,58.18,417.01,220.63,,all_diets
7677,Cook The Book: Cherry Tomato And Tofu Salad,Asian,main,,56.28,20.64,49.31,,all_diets
7678,Gina'S Simple Lemon Bars,American,main,,54.98,595.01,192.04,,all_diets
7679,Sweet Potato Casserole Trifle Recipe,American,main,,39.71,377.61,414.27,,all_diets
7680,Steamed Meat Bao With Preserved Vegetables,American,main,,95.55,234.64,79.52,,all_diets
7681,Turkey Meatballs,American,main,,171.34,58.53,92.37,,all_diets
7682,Asparagus Wrapped In Prosciutto,Italian,main,,77.41,12.4,96.55,,all_diets
7683,Loco Moco,Mexican,main,,163.31,80.29,346.56,,all_diets
7684,Not Red Velvet Cake With Fudge Glaze,American,main,,64.86,736.98,242.18,,all_diets
7685,Summer Melon And Ham Salad With Burrata And Chile,Italian,main,,49.86,139.98,63.23,,all_diets
7686,Warm German Potato Salad,Central Europe,main,,63.59,173.98,140.3,,all_diets
7687,Spinach-Turkey Roll-Ups,American,main,,28.47,7.15,25.42,,all_diets
7688,Vegetarian Green Chile Recipe,Mexican,main,,9.34,52.88,2.28,,all_diets
7689,Fal Harvest Quinoa Salad,American,main,,28.64,157.66,42.75,,all_diets
7690,"Cook The Book: Tomato, Montrachet, And Basil Salad",American,main,,13.44,50.88,64.42,,all_diets
7691,Frozen Pina Colada With Mango Puree,World,main,,5.49,117.69,13.74,,all_diets
7692,Dreamy Apple Pie Recipes,American,main,,26.63,483.85,246.3,,all_diets
7693,Chocolate Cream Puffs With Salted Caramel Custard Filling,American,main,,62.7,588.39,235.07,,all_diets
7694,Cherry Almond Crisp,American,main,,49.43,650.46,346.01,,all_diets
7695,Catfish With Red Pepper Sauce,American,main,,21.06,19.43,34.77,,all_diets
7696,Restorative Turmeric Elixir,Mediterranean,main,,1.82,29.21,0.58,,all_diets
7697,Bake Me Crazy Chicken With Gravy,American,main,,145.68,76.57,125.32,,all_diets
7698,Strawberry Goat Cheese Oat Pie With Whipped Goat Cheese,American,main,,70.35,174.17,159.67,,all_diets
7699,Lime Caesar Salad,American,main,,26.9,43.45,90.48,,all_diets
7700,Couscous With Mushrooms & Sun-Dried Tomatoes,Italian,main,,51.57,237.83,12.24,,all_diets
7701,Cream Of Spinach Bake,American,main,,38.64,35.86,42.98,,all_diets
7702,Sweet Challah,French,main,,61.96,354.83,60.53,,all_diets
7703,"Brussels Sprout Stir Fry With Egg, Chilli, Ginger And Garlic",Chinese,main,,36.52,306.37,24.63,,all_diets
7704,Classic Shrimp Roll,American,main,,115.87,132.85,34.84,,all_diets
7705,Red Pepper-And-Pear Soup,French,main,,34.13,160.31,45.42,,all_diets
7706,Chicken And Dumplings,American,main,,274.06,134.61,211.06,,all_diets
7707,Black Cat Sandwich Cookies,American,main,,29.35,430.88,109.86,,all_diets
7708,"101 ""Whaler"" Fish Sandwich",American,main,,166.86,291.0,206.96,,all_diets
7709,Seafood Soup,American,main,,70.67,70.08,7.64,,all_diets
7710,Early Girl Tomato Soup,French,main,,7.22,33.34,26.6,,all_diets
7711,Spiced Carrot-Butternut Squash Soup With Pine Nut Cream,American,main,,30.0,116.45,116.06,,all_diets
7712,Vanilla Date Pudding,British,main,,38.76,343.76,94.42,,all_diets
7713,Sweet 'N Spicy Red Eye Ham Steaks With Cheese Grits And Seared Chard,American,main,,215.37,172.29,174.02,,all_diets
7714,Apple-Cranberry Crumb Pie,American,main,,13.61,578.56,25.03,,all_diets
7715,The Addictive Pot Stickers,Chinese,main,,204.27,303.45,110.41,,all_diets
7716,Pb 'N Chocolate Bread Pudding Bonanza,British,main,,43.47,186.05,58.66,,all_diets
7717,Time For A Drink: The 151 Swizzle Recipe,British,main,,0.1,12.31,0.02,,all_diets
7718,Turkey Meatball Sandwich,American,main,,169.52,201.71,130.74,,all_diets
7719,Cream Of Tomato Soup With Orzo,American,main,,40.34,154.42,61.38,,all_diets
7720,Beet Spinach Salad (Mint And Raspberries),Middle Eastern,main,,9.9,59.34,55.7,,all_diets
7721,Gertie’S Crab Cakes,Mediterranean,main,,88.64,16.1,119.92,,all_diets
7722,Date Butterscotch Pancakes,American,main,,40.75,330.86,182.0,,all_diets
7723,Baked Chicken Tenders,American,main,,142.56,226.86,286.38,,all_diets
7724,Stuffed Main Lobster,American,main,,340.2,195.57,158.58,,all_diets
7725,Quick Chicken Cacciatore,Italian,main,,93.61,51.65,25.34,,all_diets
7726,Salisbury Steak With Onion Gravy,American,main,,207.91,100.43,195.49,,all_diets
7727,Chicken Souvlaki Salad,Mediterranean,main,,105.26,42.11,96.52,,all_diets
7728,Drink The Book: The Dahlgren Recipe,World,main,,1.83,94.39,0.7,,all_diets
7729,Individual Cherry Almond Crisps Recipes,American,main,,49.43,650.46,346.01,,all_diets
7730,Soba Noodle Broth With Chicken,Asian,main,,87.96,136.87,34.0,,all_diets
7731,Mini Vanilla Scones With Vanilla Bean Glaze,British,main,,54.95,937.12,262.76,,all_diets
7732,Smoky Pear & Ginger Margarita,World,main,,0.68,24.6,0.24,,all_diets
7733,Butternut Squash Soup With Spiced Seeds,American,main,,39.32,215.7,59.78,,all_diets
7734,Creamy Stove-Top Mac And Cheese,American,main,,170.47,404.64,245.26,,all_diets
7735,Leek And Comté Tartlets,French,main,,31.84,38.97,68.42,,all_diets
7736,Blue Cheese-Topped Steaks,American,main,,98.69,16.43,94.04,,all_diets
7737,Easy Green Gazpacho,Mediterranean,main,,16.9,88.24,83.5,,all_diets
7738,Citrus Dressing And Arugula Salad,Mediterranean,main,,33.27,93.71,252.59,,all_diets
7739,Chicken And Onion Kebabs,American,main,,185.38,167.8,36.71,,all_diets
7740,Beef Stew In Red Wine Sauce,American,main,,227.75,96.07,139.91,,all_diets
7741,Quick Paella,American,main,,139.15,442.48,54.34,,all_diets
7742,Classic Chicken Parmigiana,Italian,main,,310.39,158.83,98.56,,all_diets
7743,Scoopy Salmon Salad,Nordic,main,,40.55,13.2,9.04,,all_diets
7744,Mini Grilled Artichoke Hearts With Low Fat Spinach And Artichoke Dip,Mediterranean,main,,90.58,107.23,72.04,,all_diets
7745,Christmas Eve Seafood Salad,Mediterranean,main,,421.73,83.36,69.74,,all_diets
7746,Hazelnut-Pear Soufflé Recipe,French,main,,43.06,411.15,51.88,,all_diets
7747,"Potato, Porcini And Squash Gratin",French,main,,88.74,252.69,184.56,,all_diets
7748,Ceviche-Style Shrimp And Chips,South American,main,,74.92,108.51,43.39,,all_diets
7749,Shrimp Cocktail Recipes,American,main,,28.52,114.27,3.39,,all_diets
7750,Easy Cucumber Peanut Salad--Thai Style,South East Asian,main,,39.42,92.91,52.35,,all_diets
7751,Fresh Tomato Pie,Italian,main,,69.68,139.83,164.17,,all_diets
7752,Oven-Roasted Spicy Potatoes And Glazed Carrots,Italian,main,,59.95,651.14,111.13,,all_diets
7753,Baked Alaskas,French,main,,115.08,312.14,65.99,,all_diets
7754,Bread Salad,American,main,,44.09,153.84,86.03,,all_diets
7755,Spanish Chicken,Mediterranean,main,,252.59,217.32,213.23,,all_diets
7756,Pumpkin Spice-Cream,American,main,,73.33,351.16,91.91,,all_diets
7757,Broccoli Biscuit Squares,American,main,,200.94,193.97,235.72,,all_diets
7758,Sweet Jewel Box Cookies,Italian,main,,54.63,543.54,197.01,,all_diets
7759,Garlic Roasted Potato And Spinach (Or Cauliflower) Curry,South East Asian,main,,40.31,241.4,14.76,,all_diets
7760,Classic Wedge Salad With Blue Cheese Dressing Recipes,Mediterranean,main,,42.53,30.13,154.3,,all_diets
7761,Candied Sweet Potato Ricotta Tart,South American,main,,38.28,179.53,117.32,,all_diets
7762,Brown Butter Pecan Pie,American,main,,81.46,860.34,463.21,,all_diets
7763,Fresh Crab Springrolls,South East Asian,main,,129.64,198.43,122.16,,all_diets
7764,Flank Steak Tostadas,South American,main,,67.9,114.46,54.53,,all_diets
7765,Fallen Chocolate Cake With Cherry Red Wine Sauce,French,main,,63.83,579.87,99.45,,all_diets
7766,Blackened Catfish,Indian,main,,100.98,21.68,155.19,,all_diets
7767,Ropa Vieja,Caribbean,main,,380.12,78.55,288.35,,all_diets
7768,Chicken Parmesan With Broccolini,Italian,main,,70.21,41.05,30.67,,all_diets
7769,Sopa De Lima - Mexican Chicken Lime Soup,Mexican,main,,179.81,101.55,106.95,,all_diets
7770,Les Oeufs Jeannette,American,main,,50.71,14.05,122.47,,all_diets
7771,The Kale Mary Recipe,American,main,,5.26,14.06,1.01,,all_diets
7772,Hot Fudge Hat,American,main,,40.21,442.35,213.56,,all_diets
7773,Thai Beef Salad,South East Asian,main,,105.25,78.69,67.46,,all_diets
7774,Paula Deen'S Crab And Spinach Casserole,Italian,main,,248.3,167.04,147.31,,all_diets
7775,Chilli Paneer,Indian,main,,58.34,97.07,20.16,,all_diets
7776,Salmon And Asparagus Wraps,Nordic,main,,36.32,59.09,12.08,,all_diets
7777,Apple Spinach Salad With Zippy Dressing,Mediterranean,main,,13.44,75.06,46.69,,all_diets
7778,Chicken Salad With Asian Vinaigrette,Asian,main,,108.51,31.19,39.27,,all_diets
7779,Fusilli With Basil Shiso Parmigiano-Reggiano Pesto,Italian,main,,34.63,81.23,102.17,,all_diets
7780,Asian Meatballs With Shitake Mushrooms Recipes,Japanese,main,,98.3,49.13,68.5,,all_diets
7781,Veggie-Filled Burgers,Nordic,main,,91.74,117.89,37.23,,all_diets
7782,Smokey Red Pepper Risotto With Pimentón,Italian,main,,75.01,307.04,33.42,,all_diets
7783,Giant Beans Baked With Sorrel,American,main,,35.3,147.08,223.91,,all_diets
7784,Rosemary Cauliflower Soup,French,main,,17.92,94.84,41.29,,all_diets
7785,Greek Lemon Soup —Avgolemono,Mediterranean,main,,83.64,212.01,26.48,,all_diets
7786,Grits And Sausage Casserole,Italian,main,,88.86,134.81,91.7,,all_diets
7787,Lemon Rosemary Scones,British,main,,57.52,948.19,285.25,,all_diets
7788,Big Blue Buffalo Jala' Poppers,American,main,,43.99,78.68,45.7,,all_diets
7789,My Caesar Salad,American,main,,39.2,96.25,178.76,,all_diets
7790,Banana Chocolate Chip Cake,American,main,,60.67,652.83,176.61,,all_diets
7791,Rhubarb Berry Pie,Central Europe,main,,16.94,275.56,61.79,,all_diets
7792,Southern Yellow-Squash Casserole,Italian,main,,172.47,371.15,324.63,,all_diets
7793,Trout Parmesan,French,main,,418.33,347.7,519.37,,all_diets
7794,Ham And Cheese Chicken,Italian,main,,167.25,27.17,53.89,,all_diets
7795,The Ultimate Fully-Loaded Bloody Mary Recipe,World,main,,1.69,8.33,0.55,,all_diets
7796,"Tomato, Cucumber, And Fresh Herb Salad",Mediterranean,main,,34.89,52.87,135.0,,all_diets
7797,Sweet & Savory Peach Tart,American,main,,29.44,169.03,164.26,,all_diets
7798,Cajun Bbq Chicken,American,main,,111.01,135.57,38.95,,all_diets
7799,Slow-Cooked Venison,French,main,,423.07,149.48,103.45,,all_diets
7800,English Pea Salad,British,main,,125.12,276.04,149.07,,all_diets
7801,Pasta Salad With Tomatoes And Grilled Salmon,Nordic,main,,243.23,328.71,144.12,,all_diets
7802,Ginger Tofu Stir-Fry,Asian,main,,28.31,39.49,35.86,,all_diets
7803,Mushroom Pie,British,main,,75.84,112.14,194.46,,all_diets
7804,Susan Feniger'S Kaya Toast,South East Asian,main,,39.43,241.45,95.03,,all_diets
7805,Rustic Plum-And-Almond Tart,French,main,,42.82,341.54,66.27,,all_diets
7806,Pull-Apart Bread,American,main,,81.82,1238.87,248.68,,all_diets
7807,Caesar Salad With Baby Romaine,Mexican,main,,46.73,112.64,89.06,,all_diets
7808,Homemade Ranch Dressing,American,main,,6.43,12.16,201.69,,all_diets
7809,Red Berry Fruit Compote (German Rote Grütze),American,main,,34.32,196.14,37.01,,all_diets
7810,Herring And Apple Salad,British,main,,98.93,44.22,52.24,,all_diets
7811,Christmas Chocolate Yule Log,Nordic,main,,81.29,787.82,525.49,,all_diets
7812,Grilled Vegetable Sandwiches,Mediterranean,main,,50.31,199.05,81.23,,all_diets
7813,Double Winter Delights,Middle Eastern,main,,36.47,96.83,35.48,,all_diets
7814,Tomatoey Shrimp And Polenta,Italian,main,,61.31,99.14,15.23,,all_diets
7815,Chop-Chop Beef Stir-Fry,Chinese,main,,34.66,25.15,22.12,,all_diets
7816,Buche De Noel,French,main,,52.37,530.77,137.42,,all_diets
7817,Grilled Snapper With Red Pepper Sauce,South American,main,,120.65,20.65,35.72,,all_diets
7818,Broad Bean And Runner Bean Risotto,Italian,main,,65.08,314.49,102.18,,all_diets
7819,Snapper Piccata,Italian,main,,120.02,11.85,33.02,,all_diets
7820,Grilled Apples With Herbes De Provence And Micro Greens,American,main,,7.74,93.4,77.17,,all_diets
7821,Italian Seafood Salad (Insalata Di Mare) Recipe,Italian,main,,272.1,82.36,264.57,,all_diets
7822,Chinese Braised Shrimp E-Fu Noodles (伊麵 - Yee Mein),Asian,main,,62.17,256.65,18.66,,all_diets
7823,Chicken Fajita Bar Party!,American,main,,366.0,68.53,154.22,,all_diets
7824,Ultra Moist Carrot Cake Recipes,American,main,,76.66,904.06,327.66,,all_diets
7825,Creole Red Snapper,American,main,,143.96,23.58,23.81,,all_diets
7826,Hachis Parmentier,French,main,,28.24,129.69,44.58,,all_diets
7827,A Little Fruit With My Crisp,American,main,,60.88,628.45,274.77,,all_diets
7828,Smoked Fish & Cherry Tomato Rarebit,Italian,main,,232.28,126.99,163.44,,all_diets
7829,'Dragon Prawn' Noodles,Asian,main,,165.01,267.89,49.48,,all_diets
7830,Instant Pot Adobo Chicken Thighs With Bok Choy & Green Onions,Chinese,main,,119.35,41.79,66.65,,all_diets
7831,"Zucchini, Kale And Onion Quiche",French,main,,61.82,184.89,137.5,,all_diets
7832,Christmas Sugar Wafers With Vanilla Icing,American,main,,27.16,386.56,54.21,,all_diets
7833,Demon Pork,American,main,,93.98,0.22,49.97,,all_diets
7834,English Pea Salad Recipes,British,main,,125.12,276.04,149.07,,all_diets
7835,Savory Stuffed Acorn Squash,American,main,,55.43,211.39,22.19,,all_diets
7836,Roasted Sicilian Potatoes,Italian,main,,23.73,222.52,57.55,,all_diets
7837,Happy Birthday Pancakes Recipe,French,main,,19.52,88.59,74.39,,all_diets
7838,Cinnamon Rolls With Coconut Frosting & Caramel Raisin Filling Recipes,American,main,,50.73,649.31,66.02,,all_diets
7839,Un-Fried Chicken,American,main,,283.53,198.39,384.62,,all_diets
7840,Skillet-Roasted Citrus Salmon With Grilled Vegetables,Nordic,main,,123.83,75.03,104.1,,all_diets
7841,Chinois Grilled Lamb Chops,Chinese,main,,220.84,68.4,689.02,,all_diets
7842,Salmon Mousse,Nordic,main,,1239.47,22.4,983.36,,all_diets
7843,Sunny'S Warm German Potato Salad,Central Europe,main,,42.93,127.64,93.71,,all_diets
7844,Gordon Ramsay'S Christmas Pudding,British,main,,80.69,922.26,264.56,,all_diets
7845,"Penne With Chicken, Chorizo And Chile",Mediterranean,main,,172.16,341.05,161.09,,all_diets
7846,Squash Casserole From 'Mastering The Art Of Southern Cooking',American,main,,132.65,235.16,463.56,,all_diets
7847,Fresh Cheese And Cilantro Dip,Mediterranean,main,,17.26,22.3,16.45,,all_diets
7848,Peppermint Patty Sheet Cake,American,main,,49.45,1066.72,200.63,,all_diets
7849,Tuna Burgers With Lemon Paprika Aioli,Mediterranean,main,,67.16,57.33,110.11,,all_diets
7850,Potato Gateau,Mediterranean,main,,176.76,224.46,221.7,,all_diets
7851,Arugula Salad With Chicken And Apricots,Mediterranean,main,,83.16,36.04,59.89,,all_diets
7852,Seared Spiced Tuna With Zucchini,Italian,main,,62.56,27.81,57.81,,all_diets
7853,French Style Lemon Yogurt Cake With Fresh Basil,French,main,,49.82,357.35,163.89,,all_diets
7854,Turkey Burger Pitas With Tahini Sauce,American,main,,113.57,70.03,62.69,,all_diets
7855,Deep Dark Chocolate Layer Cake,American,main,,68.46,1027.98,177.08,,all_diets
7856,Healthy & Delicious: Italian Egg-Drop Soup Recipe,Italian,main,,113.9,193.71,47.54,,all_diets
7857,Warm Brownie Pudding Slow-Cooker Dessert,French,main,,40.09,538.92,71.08,,all_diets
7858,Beautiful Lamb Shanks,Middle Eastern,main,,370.1,154.13,307.04,,all_diets
7859,Bacon And Tomato Salad,American,main,,57.16,70.62,281.46,,all_diets
7860,Easy Caramel Apple Upside-Down Cake,American,main,,65.34,710.83,190.01,,all_diets
7861,"Spinach, Green Onion, And Smoked Gouda Quiche",French,main,,70.65,141.46,129.23,,all_diets
7862,Crab Cakes Chiarello With Shaved Fennel Salad,Italian,main,,193.07,116.06,500.84,,all_diets
7863,Creamy Cabbage Soup With Chive Oil And Cumin Seeds,Eastern Europe,main,,21.88,66.11,133.42,,all_diets
7864,Cherry Tomato And Watermelon Salad,South American,main,,11.14,70.22,58.18,,all_diets
7865,Fresh Tomato Sandwiches,Italian,main,,39.91,63.19,37.71,,all_diets
7866,Winter Fruit Compote With Selection Of Cheese,Eastern Europe,main,,19.85,411.72,19.35,,all_diets
7867,Baked French Toast Casserole With Maple Syrup,American,main,,128.81,541.41,374.69,,all_diets
7868,The Ultimate Rosemary Blt Recipes,American,main,,167.72,603.67,318.46,,all_diets
7869,The Michelada,World,main,,4.01,31.24,0.14,,all_diets
7870,Artichoke Fritters,Mediterranean,main,,44.63,174.64,69.66,,all_diets
7871,Sticky Date And Coconut Cake,American,main,,32.29,667.58,96.44,,all_diets
7872,Indian Spiced Swiss Chard,Indian,main,,25.08,80.76,4.99,,all_diets
7873,Cranberry Salsa Recipes,American,main,,1.58,86.84,0.52,,all_diets
7874,Fried Onion Dip,American,main,,11.26,45.62,100.02,,all_diets
7875,Buffalo Chicken Salad,American,main,,78.28,20.3,148.43,,all_diets
7876,Amish Pumpkin Cinnamon Rolls With Caramel Icing Recipes,American,main,,56.31,494.69,107.09,,all_diets
7877,Cranberry-Orange Cloud Ice Cream,American,main,,20.8,366.9,56.27,,all_diets
7878,Garlic And Herb Roast Pork And Vegetables,Mediterranean,main,,235.78,156.25,140.79,,all_diets
7879,Pecan And Cranberry Crusted Salmon With Cran-Apple Drizzle,American,main,,149.3,216.12,170.76,,all_diets
7880,Dad'S Chorizo And Egg Breakfast Tacos,Mediterranean,main,,50.96,127.37,83.64,,all_diets
7881,Sweet Potato And Poblano Salad With Honey And Rosemary,South American,main,,21.2,276.24,74.68,,all_diets
7882,"Spicy, Creamy Chickpeas & Spinach (Chana Saag-Ish)",Indian,main,,83.76,238.44,118.21,,all_diets
7883,Tomato Bon Bons,American,main,,187.36,261.5,1180.89,,all_diets
7884,Lasagne That Used To Be Manicotti,Italian,main,,487.56,618.19,466.13,,all_diets
7885,The Perfect Potato Chip,American,main,,40.71,281.17,25.54,,all_diets
7886,Cobb Salad Recipes,American,main,,290.17,147.07,594.46,,all_diets
7887,Quinoa Pilau,South American,main,,26.28,126.28,51.7,,all_diets
7888,Vegetable Sushi With Asian Dipping Sauce,Japanese,main,,21.74,101.81,74.18,,all_diets
7889,Old Bay Green Bean Casserole With Crab Recipe,American,main,,81.74,160.38,91.31,,all_diets
7890,Sour Cream Mushroom Soup,American,main,,63.73,116.71,45.05,,all_diets
7891,Potato Gnocchi With Lemon-Thyme Sauce,Mediterranean,main,,25.61,159.87,88.42,,all_diets
7892,Roasted Oysters With Lemon-Anise Stuffing,Mediterranean,main,,80.02,81.98,34.97,,all_diets
7893,Das Pear Pineapple Strudel,American,main,,7.0,104.57,83.1,,all_diets
7894,Berrylicious Sour Cream Pie,American,main,,26.11,448.18,89.37,,all_diets
7895,Spiced Jerk Turkey With Mango Salsa,American,main,,51.49,19.44,30.32,,all_diets
7896,Baked French Toast Casserole,French,main,,129.12,543.33,398.98,,all_diets
7897,Turkey Pot-Au-Feu,American,main,,110.82,63.85,36.56,,all_diets
7898,Individual Spinach-Asiago Gratins,French,main,,31.99,56.85,23.33,,all_diets
7899,Carrot Cake Whoopie Pies With Cinnamon Cream Cheese Frosting,American,main,,59.66,719.77,202.56,,all_diets
7900,"Canoas (Ripe Plantain ""Canoes"" Stuffed With Ground Meat)",South American,main,,90.42,470.78,110.69,,all_diets
7901,Miso And Corn Soup,Japanese,main,,102.07,176.96,79.36,,all_diets
7902,Rioja-Braised Lamb Shanks With Chorizo And Garlic,Mediterranean,main,,390.93,121.0,685.39,,all_diets
7903,Avocado And Corn Tostaditas,Mexican,main,,23.18,112.72,53.92,,all_diets
7904,Chicken & Mushroom Ragout,Mediterranean,main,,100.23,19.18,73.81,,all_diets
7905,Cantaloupe & Green Tomato Salad,French,main,,7.87,59.6,9.8,,all_diets
7906,My Killer Guacamole,Mexican,main,,16.3,83.63,100.66,,all_diets
7907,Apple Turnovers Recipes,French,main,,39.2,323.65,191.08,,all_diets
7908,New York Strip Steaks,American,main,,155.77,210.05,203.06,,all_diets
7909,Mushy Peas With Oven Baked Chips,American,main,,25.94,127.29,15.6,,all_diets
7910,Double-Chocolate Soufflé With Vanilla Custard Sauce,French,main,,61.74,291.87,58.58,,all_diets
7911,Buttered-Pecan French Toast With Bourbon Maple Syrup,American,main,,82.66,445.96,259.08,,all_diets
7912,Chicken Salad Crostini With Pepitas And Cilantro,American,main,,99.16,171.5,275.33,,all_diets
7913,Crunchy Quinoa Salad,South American,main,,33.82,137.61,11.39,,all_diets
7914,Grilled Butterflied Lamb With African Spices And Herbed Yogurt,American,main,,326.72,27.72,299.81,,all_diets
7915,Pat'S Smoked Catfish,American,main,,164.38,72.04,121.89,,all_diets
7916,Pumpkin Sheet Cake Recipes,American,main,,63.05,1102.87,367.85,,all_diets
7917,Seelbach,World,main,,0.19,6.63,0.0,,all_diets
7918,Balsamic Glazed Figs W/Pancetta & Mascarpone,American,main,,21.73,268.42,48.52,,all_diets
7919,Cold Noodle Salad With Peanut Butter Dressing,Asian,main,,70.51,210.97,237.98,,all_diets
7920,Vegetarian Beyond Meat Juicy Lucy Burger,American,main,,85.94,34.23,43.45,,all_diets
7921,Mexican Stuffed Acorn Squash,Mexican,main,,89.45,176.5,101.1,,all_diets
7922,Asian Vegetable Noodle Toss,Asian,main,,77.6,250.83,13.97,,all_diets
7923,Dr. Zhivago Borscht,American,main,,17.55,133.73,34.56,,all_diets
7924,Cook The Book: Barbecued Lentils,Indian,main,,30.82,125.45,15.07,,all_diets
7925,Caesar Bread Salad Or Panzanella Giulio,American,main,,98.97,303.62,180.76,,all_diets
7926,The Most Delicious Chinese Chicken Salad,Chinese,main,,160.68,40.78,428.75,,all_diets
7927,Roasted Pepper Pesto Cheesecake,Italian,main,,163.66,382.56,289.6,,all_diets
7928,Wedge Salad With Parmesan-Peppercorn Ranch,American,main,,56.5,185.26,225.97,,all_diets
7929,Low Carb Praline Pumpkin Pie,American,main,,43.14,93.16,275.08,,all_diets
7930,Chicken Stir-Fry Lettuce Wraps,Chinese,main,,112.82,59.38,56.02,,all_diets
7931,Atf Gingerbread Cake With Gingery Cream Cheese Frosting,American,main,,43.7,834.47,175.62,,all_diets
7932,Kentucky Chocolate Nut Tartlets,American,main,,16.77,242.78,56.69,,all_diets
7933,Quinoa Blueberry Muffins,American,main,,68.27,413.95,90.63,,all_diets
7934,Pear Crisp With Oat Streusel Topping,French,main,,45.12,509.29,83.29,,all_diets
7935,Duo Of New England And Manhattan Clam Chowders,American,main,,130.22,279.43,65.2,,all_diets
7936,"Lamb Tajine With Apricots, Saffron And Ginger",Middle Eastern,main,,213.18,224.76,312.84,,all_diets
7937,"Potato Salad With Watercress, Cucumber And Radish",Mediterranean,main,,16.38,105.19,50.35,,all_diets
7938,Spiked Cranberry Nut Bread Pudding,British,main,,66.76,302.61,185.07,,all_diets
7939,Sweet Potato And Beet Fritters With Herbed Buttermilk Dip Recipes,South American,main,,39.19,149.9,76.25,,all_diets
7940,'Bella Asada Fajitas,Mexican,main,,12.39,85.11,14.77,,all_diets
7941,A Charoset-Inspired Sweet Relish,French,main,,10.42,80.79,28.06,,all_diets
7942,Chocolate Cupcakes With Vanilla Cream Cheese Frosting,American,main,,49.88,577.51,142.08,,all_diets
7943,Slow-Cooker Carrot Cake With Cream Cheese Frosting,American,main,,33.42,286.1,144.75,,all_diets
7944,Poached Eggs With Chipotle Dressing And Avocado Relish And Andouille Hollandaise,American,main,,101.69,211.33,845.81,,all_diets
7945,Turkey-Stuffed Mushrooms With Roasted Tomato Aioli,American,main,,36.12,29.26,29.06,,all_diets
7946,Cranberry-Apple French Toast Casserole,American,main,,104.28,514.44,118.58,,all_diets
7947,Chocolate And Peanut Butter Ice Cream Sandwiches Recipes,American,main,,108.02,614.91,525.87,,all_diets
7948,Chicken Pastilla,Mediterranean,main,,205.32,191.6,203.38,,all_diets
7949,Simple Butternut Squash,South American,main,,11.86,85.54,14.96,,all_diets
7950,Apple Inception Cocktail,World,main,,0.23,7.09,0.1,,all_diets
7951,Artichokes Alla Romana,Mediterranean,main,,32.8,150.19,3.86,,all_diets
7952,"Spinach Salad With Bacon, Blue Cheese, Pecans, And Cranberries",American,main,,76.1,181.73,222.42,,all_diets
7953,"Mixed Greens With Jicama, Orange, And Pickled Red Onions",American,main,,20.13,122.65,161.22,,all_diets
7954,Spicy Pickle Fries With Homemade Ranch Dip,South American,main,,36.86,154.88,54.84,,all_diets
7955,Seelbach Cocktail,World,main,,0.13,10.32,0.07,,all_diets
7956,Crawfish Beignets With Spicy Remoulade,American,main,,40.9,238.4,203.47,,all_diets
7957,Chocolate-Almond Cheesecake Bars,American,main,,75.36,299.24,164.61,,all_diets
7958,"Crostini With Gorgonzola, Caramelized Onions, And Fig Jam",Italian,main,,64.82,265.84,57.67,,all_diets
7959,Grilled Chicken And Egg Potato Salad,South American,main,,205.37,139.85,110.64,,all_diets
7960,Cashew Chicken Bake,South American,main,,149.18,173.27,113.57,,all_diets
7961,Texas Caviar,American,main,,48.42,178.41,46.04,,all_diets
7962,Crispy White Fish + Sweet Potato & Beet Curly Fries,French,main,,118.58,117.11,67.47,,all_diets
7963,"Pasta With Lemon Cream Sauce, Asparagus, And Peas",Italian,main,,44.91,213.35,45.4,,all_diets
7964,Peppermint Patty Cake With Vanilla Mint Frosting Recipes,American,main,,52.51,1212.98,571.51,,all_diets
7965,Rum Old Fashioned Recipes,British,main,,0.35,284.46,0.0,,all_diets
7966,Black Bottom Banana-Cream Pie,American,main,,45.4,294.66,73.43,,all_diets
7967,Young Corn And Celery Soup,South American,main,,44.54,162.83,58.11,,all_diets
7968,Crisp Crab Cakes,American,main,,113.3,55.98,56.34,,all_diets
7969,Spinach Stuffed Spicy Panko Crusted Pork Chops With Creamy Rustic Pan Sauce,American,main,,139.32,118.24,111.07,,all_diets
7970,"Tagliata With Green Tomatoes, Oregano And Mustard Recipe",French,main,,106.35,55.28,151.0,,all_diets
7971,Strawberry Shortcake Cake,British,main,,60.15,1218.48,404.79,,all_diets
7972,Green Chile Tortilla Bake,Mexican,main,,196.16,486.11,289.14,,all_diets
7973,Crab Cake Poppers,American,main,,107.96,73.39,280.89,,all_diets
7974,Potato-Zucchini Skillet Pancakes With Cherry Tomato Salad,American,main,,20.1,199.24,26.91,,all_diets
7975,Vermouth Cocktail Recipe,World,main,,0.13,3.87,0.02,,all_diets
7976,A&O Pasta (Almonds & Oysters Pasta),Italian,main,,77.66,256.82,169.44,,all_diets
7977,Red-Braised Pork (Hong Shao Rou),Chinese,main,,79.05,67.02,340.88,,all_diets
7978,Apple Crostata With Oat Crumble Topping,French,main,,47.82,676.38,178.16,,all_diets
7979,Mississippi Mud Pie,American,main,,46.55,437.23,114.57,,all_diets
7980,Queens Park Swizzle Recipe,World,main,,0.23,18.61,0.06,,all_diets
7981,Chocolate-Zucchini Loaf Cake,American,main,,50.92,441.54,144.43,,all_diets
7982,Salmon & Puy Lentil Salad With Olive Dressing,Nordic,main,,193.4,362.68,124.98,,all_diets
7983,Capellini Primavera,Italian,main,,98.3,490.73,107.99,,all_diets
7984,The Jameson Black Barrel Old Fashioned,World,main,,0.23,14.99,0.14,,all_diets
7985,"Gin And Tonic, Remixed",World,main,,2.96,30.28,0.56,,all_diets
7986,Pumpkin-Sweet Potato Soup,South American,main,,15.75,107.52,75.15,,all_diets
7987,Roast Chicken With Boiled Potatoes And Boston Lettuce Salad,South East Asian,main,,384.37,505.28,156.57,,all_diets
7988,Baked Pita Chips With Charred Three Onion Dip,Mediterranean,main,,63.59,252.6,237.73,,all_diets
7989,Toasted-Coconut Layer Cake,American,main,,56.64,922.88,203.66,,all_diets
7990,Amazing Apple Tart,American,main,,13.39,175.6,55.28,,all_diets
7991,Mozzarella In Carrozza With Sun-Dried Tomato And Roasted Red Pepper Jam,Italian,main,,58.61,232.13,93.34,,all_diets
7992,Curry Potato Salad,Indian,main,,34.92,205.47,119.76,,all_diets
7993,"Chicken Curry With Bananas, Raisins, And Peanuts Recipes",South East Asian,main,,114.85,122.56,157.97,,all_diets
7994,Bonnie’S Fish Stew,French,main,,400.08,147.52,155.6,,all_diets
7995,Cucumber Gazpacho With Shrimp Relish,American,main,,79.47,53.8,31.92,,all_diets
7996,Har Gow,Chinese,main,,73.27,143.16,38.56,,all_diets
7997,"Halibut With Grapefruit, Parsley, Red Onion, And Shiitake Mushrooms Recipes",American,main,,137.2,67.4,323.06,,all_diets
7998,Coffee Seafood Risotto,Italian,main,,72.08,210.69,86.22,,all_diets
7999,Ground Beef Tacos With A Zesty Guacamole,Mexican,main,,154.56,209.25,265.7,,all_diets
8000,Chocolate Covered Pears Poached In Mulled Wine,American,main,,11.36,255.41,122.76,,all_diets
8001,"Broccoli, Cheddar, And Ranch Chicken Calzones",Italian,main,,83.38,16.85,102.3,,all_diets
8002,Sara'S Famous Sausage-Apple Gravy,American,main,,98.23,96.41,184.67,,all_diets
8003,Summer Tomato And Bell Pepper Soup,Italian,main,,30.35,42.33,69.84,,all_diets
8004,Almond-Thyme-Crusted Mahi Mahi With Lemon Chardonnay Sauce,Mediterranean,main,,33.78,27.43,28.67,,all_diets
8005,Flank Steak With Tomatillo Salsa Verde,South American,main,,136.79,185.81,272.5,,all_diets
8006,Taco Night,Mexican,main,,144.61,324.37,175.17,,all_diets
8007,Coconut-Panko Shrimp With Orange-Glazed Sweet Potatoes,Mediterranean,main,,120.75,271.21,104.41,,all_diets
8008,Fully-Loaded Cheesy Potato Soup With Gina'S Spinach Salad,American,main,,182.49,306.34,403.79,,all_diets
8009,Squash Cheese Pie,American,main,,112.04,79.92,118.34,,all_diets
8010,Buffalo Chicken Sandwiches & Ranch,American,main,,186.08,186.44,227.67,,all_diets
8011,Strawberry And White Chocolate Passion Fruit Soups With Mixed Berry Muffins,American,main,,86.53,606.03,390.41,,all_diets
8012,Red Snapper Cocktail Recipe,World,main,,1.64,8.71,0.61,,all_diets
8013,Neely'S Fish And Chips,British,main,,215.31,470.7,621.31,,all_diets
8014,Salmon & Crab Cakes,Nordic,main,,93.88,85.94,63.4,,all_diets
8015,Maple Leaf Sazerac From Minetta Tavern,World,main,,0.02,17.27,0.02,,all_diets
8016,Triple Cheese & Aubergine Lasagne,Italian,main,,201.57,460.02,245.9,,all_diets
8017,Squash & Sprout Orzo Salad With Ginger-Walnut Dressing,Mediterranean,main,,133.61,684.05,107.04,,all_diets
8018,Man About Town,French,main,,0.02,0.77,0.0,,all_diets
8019,Family-Style Taco Night,Mexican,main,,226.45,173.83,190.15,,all_diets
8020,Shrimp Cakes With Peach Jalapeno Relish,Kosher,main,,136.68,184.84,51.69,,all_diets
8021,Potstickers With Spicy Dipping Sauce,Chinese,main,,111.69,463.15,85.39,,all_diets
8022,Turkey Tetrazzini,American,main,,78.39,131.57,21.1,,all_diets
8023,Neely'S Fried Zucchini,Italian,main,,64.97,168.72,322.27,,all_diets
8024,Thai Turkey Salad,South East Asian,main,,67.43,50.79,79.95,,all_diets
8025,Cardamom Blush Cocktail Recipe,World,main,,0.11,23.24,0.07,,all_diets
8026,Cobb Salad With Blue Cheese Dressing,American,main,,290.22,160.03,596.29,,all_diets
8027,Seafood Salad With Creamy Ginger Dressing,Mediterranean,main,,111.64,68.46,21.8,,all_diets
8028,Zucchini Cheddar Hand Pies Recipes,British,main,,74.82,285.55,220.66,,all_diets
8029,Crab Benedict,French,main,,81.76,17.94,197.57,,all_diets
8030,Southwestern Steak Pizza,Italian,main,,95.55,137.54,116.04,,all_diets
8031,L’Artusi’S Famous Mushroom Ragu With Fresh Garganelli,Italian,main,,162.0,550.0,254.34,,all_diets
8032,Fresh Macaroni Salad,American,main,,34.47,94.43,29.91,,all_diets
8033,Orange-Hazelnut Dacquoise,Italian,main,,65.0,445.9,190.77,,all_diets
8034,Joanie'S Moules Ravigote,French,main,,116.41,78.57,134.81,,all_diets
8035,Vegetarian Banh Mi,South East Asian,main,,99.62,305.36,266.51,,all_diets
8036,Carrot Cake Gelly Shots,British,main,,31.96,155.41,22.11,,all_diets
8037,Lentil-Red Pepper Salad,South American,main,,42.98,129.67,3.98,,all_diets
8038,"Farro, Golden Beet, And Feta Salad With Pecans And Chive-Sage Dressing",Mediterranean,main,,40.66,186.3,111.8,,all_diets
8039,Off The Cuff Turmeric Risotto,Italian,main,,50.28,319.5,14.67,,all_diets
8040,Berry-Mandarin Tossed Salad,French,main,,34.25,196.26,140.0,,all_diets
8041,Spaghetti & Meatballs,Italian,main,,154.9,167.71,105.1,,all_diets
8042,Mushroom And Bell Pepper Chicken With Linguine,Italian,main,,222.08,290.21,110.97,,all_diets
8043,Cardamom Blush Cocktail Recipes,World,main,,0.11,23.24,0.07,,all_diets
8044,Suzhou-Style Mooncakes,Italian,main,,93.64,288.31,151.0,,all_diets
8045,Braised Coconut Spinach With Chickpeas And Lemon Recipe,French,main,,63.68,218.05,109.19,,all_diets
8046,Homemade Ranch With Iceberg Wedge,American,main,,15.77,43.1,205.37,,all_diets
8047,GougèRes Recipes,French,main,,219.81,200.28,302.05,,all_diets
8048,Hungarian Sour Cherry Soup (Meggyleves),World,main,,27.96,180.99,120.39,,all_diets
8049,Summer Melon Salad,Italian,main,,20.76,50.15,44.85,,all_diets
8050,Old-Fashioned Caramel Layer Cake,American,main,,61.21,1019.34,105.84,,all_diets
8051,Caesar Salad With Red Romaine,American,main,,92.98,117.64,161.31,,all_diets
8052,Orange Sweet Rolls,American,main,,85.62,1314.61,276.55,,all_diets
8053,Chicken With Green Olives,Mediterranean,main,,183.41,432.21,140.98,,all_diets
8054,Curried Squash Soup,Indian,main,,37.22,144.41,69.73,,all_diets
8055,Chicken & Cornmeal Dumplings,American,main,,86.0,105.24,80.77,,all_diets
8056,Asian Stir Fried String Beans With Pork,South East Asian,main,,49.65,47.34,78.72,,all_diets
8057,Zombie Punch Recipe,World,main,,0.25,89.85,0.06,,all_diets
8058,Raw Veggies With Chipotle Ranch Dressing,American,main,,32.63,217.23,207.25,,all_diets
8059,Mini Black Jack Burgers,American,main,,190.75,205.38,158.75,,all_diets
8060,Time For A Drink: Bloody Mary Recipe,World,main,,1.03,5.12,0.37,,all_diets
8061,Caesar Salad Le Cirque Recipes,American,main,,96.12,98.43,353.39,,all_diets
8062,Preserved Lime Tabbouleh Salad,Middle Eastern,main,,50.82,235.1,57.13,,all_diets
8063,Quick-Marinated Cherry Tomato Salad Recipes,French,main,,242.97,618.82,571.91,,all_diets
8064,Broiled Marinated Skirt Steak With Cilantro And Preserved Lemon Gremolata,American,main,,92.32,12.71,65.46,,all_diets
8065,"Chicken, Spring Pea And Farro Risotto With Lemon",Italian,main,,77.06,66.69,32.36,,all_diets
8066,3-Bean Chili,American,main,,114.28,422.73,65.73,,all_diets
8067,"Sweet Potato, Orange And Ginger Cream Soup With Crispy Sweet Potatoes And Chilli Flakes",American,main,,40.58,294.06,77.81,,all_diets
8068,Plum Galette With A Whole-Wheat Crust,French,main,,31.79,313.9,101.44,,all_diets
8069,Shrimpylicious Egg Rolls,Chinese,main,,41.58,173.55,77.57,,all_diets
8070,Cheesecake Factory'S Fresh Banana Cream Cheesecake Recipes,American,main,,120.61,762.65,686.38,,all_diets
8071,Garlic Chicken Lasagna,Italian,main,,316.09,434.39,311.08,,all_diets
8072,Cockerel In Riesling Mushroom Sauce With Ribbon Noodles,Asian,main,,256.12,196.68,656.17,,all_diets
8073,Pepper Confetti Macaroni And Cheese,Mediterranean,main,,102.48,341.31,64.1,,all_diets
8074,Corn And Crab Cakes,American,main,,68.03,89.88,110.77,,all_diets
8075,Melty Chocolate-Stuffed French Toast With Lemon-Orange Syrup,French,main,,105.45,422.23,98.8,,all_diets
8076,Potato-Butternut Gratin With Poblano Béchamel,French,main,,74.93,191.52,90.82,,all_diets
8077,Italian Tomato Tart,Italian,main,,70.67,300.07,63.38,,all_diets
8078,Arugula Salad With Shrimp And Grapes,American,main,,59.82,74.45,23.0,,all_diets
8079,Myrtle'S Meatball Recipe,American,main,,230.47,120.48,108.19,,all_diets
8080,Buffalo Shrimp Salad With Spicy Pita Croutons,Italian,main,,23.61,44.49,29.27,,all_diets
8081,Bean Cabbage Soup,Middle Eastern,main,,21.49,58.32,8.68,,all_diets
8082,"Polenta With Winter Salad, Poached Egg, And Blue Cheese From 'Feast'",American,main,,62.66,135.6,128.75,,all_diets
8083,Fall Lasagna With Pumpkin And Italian Sausage,Italian,main,,163.02,270.26,336.19,,all_diets
8084,Chicken Taco Salad,Mexican,main,,111.69,182.51,124.41,,all_diets
8085,Fireside Fajitas,Mexican,main,,149.74,251.38,58.06,,all_diets
8086,Chocolate Raspberry Tart With White Chocolate Cream,American,main,,50.95,337.64,101.7,,all_diets
8087,Mita Mary,World,main,,2.09,15.26,4.68,,all_diets
8088,"Harvest Pie With Swiss Chard, Cheese, Orange Zest And Fennel",American,main,,289.73,1088.52,263.99,,all_diets
8089,Classic Lasagna,Italian,main,,345.28,521.73,260.35,,all_diets
8090,Parchment-Roasted Cornish Game Hens With Maple Root Vegetables,American,main,,248.55,275.74,282.54,,all_diets
8091,Time For A Drink: Cocktail À La Louisiane Recipe,World,main,,0.04,7.45,0.06,,all_diets
8092,Improved Negroni,American,main,,3.51,56.44,0.72,,all_diets
8093,Loaded Nachos,Mexican,main,,145.11,165.79,212.25,,all_diets
8094,Lemon Asparagus Penne,Italian,main,,94.29,269.41,81.81,,all_diets
8095,"Saffron Couscous With Roast Autumn Vegetables, Pecans, Cranberries And Figs",American,main,,54.88,301.31,134.71,,all_diets
8096,City Of Lights Salad Nicoise,French,main,,125.33,208.46,112.92,,all_diets
8097,Braised Pork Belly Sandwich With Pesto Mayo,Italian,main,,196.72,279.07,713.11,,all_diets
8098,Spicy Vegetable Bake,American,main,,80.5,154.94,117.4,,all_diets
8099,Pluot Galettes With Apple Mint And Calvados-Laced Whipped Cream,French,main,,56.7,634.09,258.15,,all_diets
8100,Denis Leary'S Zesty Baked Chicken Wings,American,main,,160.74,149.65,152.85,,all_diets
8101,Seelbach Cocktail Recipe,World,main,,0.1,3.71,0.0,,all_diets
8102,Improved Scotch Cocktail Recipe,World,main,,0.0,3.73,0.01,,all_diets
8103,Spicy Chicken And Butternut Squash Tortilla Soup,Mexican,main,,168.64,192.95,179.09,,all_diets
8104,Song Of Songs Cocktail,American,main,,0.0,17.47,0.01,,all_diets
8105,Jazzed Up Turkey Tetrazzini,American,main,,517.47,575.58,377.75,,all_diets
8106,Manhattan Cocktail Recipe,World,main,,0.02,0.83,0.0,,all_diets
8107,Ratatouille Galette,French,main,,63.51,229.84,157.88,,all_diets
8108,Tropical Gingerbread Cake,American,main,,58.73,700.8,138.0,,all_diets
8109,Southern Grits And Greens Casserole,American,main,,79.85,166.58,135.26,,all_diets
8110,Serious Salsa: (Not Exactly) My Uncle'S Salsa Recipe,American,main,,4.31,21.54,2.68,,all_diets
8111,"Marinated Zucchini Noodles With Tomato Basil Sauce, Dried Baby Tomatoes + Garlic Portobello Meatless Balls",Asian,main,,13.92,85.7,19.91,,all_diets
8112,Big Mama'S Nacho Dip,American,main,,135.46,118.26,161.92,,all_diets
8113,Dumplings: Those Little Humpty-Dumptys,Chinese,main,,111.1,457.42,92.58,,all_diets
8114,Class Act,World,main,,1.63,7.6,0.04,,all_diets
8115,Crafty Crescent Lasagna,Italian,main,,202.59,298.24,188.17,,all_diets
8116,Homemade Turkey Alphabet Soup,American,main,,1190.35,49.13,297.45,,all_diets
8117,Lighter Beef Stroganoff,Eastern Europe,main,,112.22,82.68,101.61,,all_diets
8118,The Ultimate Ketel One Blood Mary,World,main,,1.35,9.04,0.41,,all_diets
8119,Marinated Portobello Stuffed Whole Chicken With Roasted Sweet Potatoes And Red Onion,American,main,,187.41,123.19,389.06,,all_diets
8120,"Broiled Fish With Maple Glaze, Braised Fennel, And Sautéed Chard Recipe",American,main,,66.0,75.9,40.88,,all_diets
8121,Shrimp Bisque,Mediterranean,main,,95.65,85.82,28.44,,all_diets
8122,Fresh Tomato Bloody Mary With Garden Herbs And Celery Bitters Recipes,French,main,,8.38,38.04,2.26,,all_diets
8123,"Beets, Tahini, Flatbread + Lentils",Mediterranean,main,,98.37,354.82,75.16,,all_diets
8124,Asian Ginger & Soy Coleslaw Salad,Chinese,main,,34.06,170.14,176.45,,all_diets
8125,Pumpkin Chutney,Indian,main,,14.38,349.29,30.28,,all_diets
8126,The Outcider From Prime Meats Recipe,World,main,,2.13,58.24,0.7,,all_diets
8127,In A Jiffy Spelt Veggie Burgers Recipes,American,main,,41.05,169.73,16.48,,all_diets
8128,Best Ever Turkey Chili,American,main,,135.54,135.43,67.71,,all_diets
8129,Caesar Salad Le Cirque Recipe,American,main,,96.11,98.41,353.39,,all_diets
8130,Lillet Of The Valley Recipe,World,main,,0.42,14.98,0.15,,all_diets
8131,Cinnamon Rolls,Nordic,main,,163.98,2450.17,709.82,,all_diets
8132,Southern Bbq Pork Bowls,American,main,,361.44,143.36,280.07,,all_diets
8133,Pork Stew,British,main,,250.91,128.52,216.81,,all_diets
8134,Shrimp Hushpuppies With Vidalia Onion Dip,American,main,,111.36,286.42,549.88,,all_diets
8135,Potato Spinach Sausage Casserole,Italian,main,,93.44,164.59,165.22,,all_diets
8136,New England Fish Chowder,American,main,,209.48,117.08,163.87,,all_diets
8137,"Old-Fashioned Fans, Meet The American Trilogy Recipes",World,main,,0.0,4.26,0.0,,all_diets
8138,Lean Lasagna,Italian,main,,194.53,435.09,78.18,,all_diets
8139,Classic Hot Wings,American,main,,152.04,8.53,312.86,,all_diets
8140,Pumpkin Cheesecake With Bourbon-Spiked Cream,American,main,,143.68,698.64,727.58,,all_diets
8141,Pumpkin Gingersnap Cheesecake With Salted Caramel Sauce,American,main,,93.08,887.87,519.63,,all_diets
8142,Cognac Sparklers Recipes,World,main,,0.25,28.02,0.32,,all_diets
8143,Fish Chowder,American,main,,209.48,117.08,163.87,,all_diets
8144,Smoked Pork Ribs,American,main,,413.24,73.34,609.09,,all_diets
8145,"Grilled Salmon & Cucumber, Fresh Herb & Feta Salad",Mediterranean,main,,157.58,50.82,149.36,,all_diets
8146,Grilled Chicken Banh-Mi With Pickled Vegetables And Sriracha Mayo,Japanese,main,,118.37,215.29,102.24,,all_diets
8147,Meatball Stroganoff,Eastern Europe,main,,113.71,186.13,108.46,,all_diets
8148,Mango And Quinoa Chopped Salad With Ancho-Mango Dressing,South American,main,,75.39,362.92,18.19,,all_diets
8149,Spinach & Feta Squash Quiche,Mediterranean,main,,53.45,54.58,61.72,,all_diets
8150,Pomegranate Americano Recipe,French,main,,0.09,7.44,0.16,,all_diets
8151,Fresh Ginger Cake With Candied Citrus Glaze,American,main,,65.37,787.82,181.09,,all_diets
8152,Bloody Mary Recipes,World,main,,1.2,6.82,0.43,,all_diets
8153,Pimento Cheese Sandwiches,American,main,,137.16,27.73,516.8,,all_diets
8154,Black Bean And Mushroom Vegetarian Meatless Balls,French,main,,94.86,274.81,39.33,,all_diets
8155,Manhattan,World,main,,0.03,2.95,0.01,,all_diets
8156,Neelys Egg Benedict On A Pork Croquette,Italian,main,,165.34,209.29,431.44,,all_diets
8157,No Man'S Land,World,main,,0.05,15.26,0.03,,all_diets
8158,Brown Butter-Sunchoke Soup With Brussels Sprouts And Bacon Recipe,Italian,main,,85.2,288.14,137.15,,all_diets
8159,Make-Your-Own-Salad,American,main,,141.98,123.18,323.5,,all_diets
8160,Luis Buñuel Dry Martini,World,main,,0.01,0.39,0.0,,all_diets
8161,Cornflake Semi-Fried Chicken Tenders,American,main,,155.38,239.88,260.84,,all_diets
8162,Emeril'S Classic Manhattan,American,main,,0.02,0.83,0.0,,all_diets
